student_id,subject,topic,study_hours,quiz_score,previous_score,attempts,time_taken,days_to_exam,last_studied_days,topic_difficulty,performance
S160,Big Data,HDFS,2.8,69.6,58.1,2,14.9,9,4,Easy,Average
S121,Computer Graphics,Curves,0.9,39.8,46.0,3,10.6,8,7,Easy,Weak
S126,AI,Knowledge Representation,0.9,43.9,38.8,3,12.6,3,6,Medium,Weak
S074,Computer Networks,TCP/IP,1.3,36.2,40.4,2,9.8,17,7,Medium,Weak
S210,Data Structures,Arrays,3.6,99.8,80.7,3,7.9,6,2,Medium,Strong
S181,Cloud Computing,Load Balancing,0.5,25.8,39.4,1,6.0,30,3,Hard,Weak
S276,Data Mining,Classification,2.8,73.0,71.6,3,8.4,10,6,Medium,Average
S455,Software Engineering,Agile,3.7,100.0,79.4,3,7.6,17,1,Medium,Strong
S154,Data Structures,Arrays,2.5,42.1,45.4,2,6.8,29,7,Easy,Weak
S188,DBMS,SQL,0.7,63.2,70.7,3,9.1,25,1,Medium,Weak
S227,Big Data,HDFS,1.5,98.9,64.0,5,9.9,9,0,Medium,Average
S397,Data Mining,Association Rules,3.8,73.3,62.9,1,12.0,4,4,Medium,Average
S092,Data Mining,Classification,1.8,45.8,41.7,4,10.8,15,6,Hard,Weak
S227,Big Data,Spark,2.0,61.7,51.4,3,13.2,19,5,Hard,Average
S422,Computer Graphics,Curves,3.7,100.0,71.1,5,7.3,4,0,Easy,Strong
S065,Computer Networks,Transport Layer,3.9,67.2,52.4,5,11.4,28,5,Easy,Average
S455,Cyber Security,Network Security,3.2,69.7,53.2,1,5.4,30,2,Easy,Average
S172,Cyber Security,Authentication,2.8,88.2,71.7,5,7.4,23,4,Medium,Average
S197,Cloud Computing,Cloud Security,4.1,83.7,54.9,3,9.3,14,2,Hard,Strong
S014,Cloud Computing,Cloud Security,3.4,100.0,78.1,5,3.9,26,1,Hard,Strong
S300,Big Data,MapReduce,3.8,64.1,45.0,2,10.8,10,3,Easy,Average
S478,AI,Knowledge Representation,4.6,82.2,60.1,1,4.6,2,3,Easy,Average
S211,Data Mining,Association Rules,4.6,100.0,74.5,4,4.4,2,0,Easy,Strong
S489,Software Engineering,Software Design,5.0,73.4,61.4,1,7.4,25,2,Hard,Average
S016,Computer Graphics,3D Transformation,1.5,80.3,70.3,5,6.5,13,1,Hard,Average
S181,Computer Graphics,3D Transformation,2.8,87.4,64.4,1,5.3,15,0,Easy,Strong
S171,Computer Graphics,3D Transformation,3.6,100.0,82.1,5,3.3,22,2,Hard,Strong
S327,Computer Graphics,3D Transformation,3.5,48.5,35.9,5,7.7,16,6,Easy,Weak
S355,Cyber Security,Authentication,0.7,51.0,54.7,1,6.2,3,3,Medium,Weak
S153,Cyber Security,Cryptography,4.0,91.4,82.1,2,12.7,18,6,Hard,Strong
S054,DBMS,Indexing,0.6,35.4,42.8,2,4.0,6,4,Easy,Weak
S130,Cyber Security,Web Security,0.9,99.7,80.6,5,12.4,14,1,Hard,Strong
S443,Web Technology,JavaScript,0.5,19.8,32.4,1,11.8,3,6,Medium,Weak
S196,Web Technology,HTML/CSS,3.0,88.1,60.6,4,6.0,8,0,Medium,Strong
S316,Computer Networks,TCP/IP,1.7,39.7,58.1,1,10.3,11,5,Medium,Weak
S208,Web Technology,React,2.0,69.9,55.8,4,8.6,23,6,Medium,Weak
S364,Web Technology,JavaScript,2.2,41.2,48.7,1,12.7,22,3,Easy,Weak
S124,Cyber Security,Web Security,4.2,80.7,48.0,2,5.6,11,2,Medium,Strong
S232,DBMS,SQL,1.6,45.8,37.6,3,6.0,17,4,Hard,Weak
S288,Data Structures,Trees,4.4,79.3,59.8,4,8.9,12,0,Medium,Strong
S174,Cloud Computing,Load Balancing,1.1,80.1,77.2,1,13.5,11,2,Easy,Average
S272,Web Technology,HTML/CSS,4.9,91.1,80.6,5,13.5,1,6,Hard,Strong
S189,Software Engineering,Software Design,1.6,58.0,56.9,3,3.2,5,5,Medium,Average
S289,Data Mining,Clustering,1.0,87.7,77.8,5,8.5,15,3,Medium,Strong
S300,Data Structures,Linked Lists,2.0,27.6,40.1,1,4.6,26,5,Hard,Weak
S364,AI,Knowledge Representation,2.6,56.2,57.6,1,9.9,27,3,Medium,Weak
S288,AI,Machine Learning,0.7,42.3,53.7,3,5.3,11,5,Medium,Weak
S246,Cyber Security,Web Security,2.3,92.5,67.0,4,13.8,29,1,Easy,Average
S119,AI,Search Algorithms,2.6,62.7,59.1,3,4.2,3,4,Medium,Average
S357,Computer Networks,Routing,3.3,52.2,33.1,3,3.1,2,4,Medium,Average
S400,OS,File Systems,1.3,57.2,49.8,4,14.6,9,2,Easy,Weak
S483,AI,Expert Systems,0.9,74.8,62.7,4,14.8,25,4,Medium,Weak
S133,Data Structures,Linked Lists,4.8,84.3,68.6,3,9.0,16,5,Medium,Average
S046,Computer Graphics,Rendering,1.8,68.0,58.8,4,10.3,9,6,Medium,Average
S243,OS,Process Scheduling,3.6,84.2,73.4,1,14.1,11,0,Medium,Average
S100,Computer Graphics,Rendering,4.1,73.9,58.9,5,6.7,5,6,Medium,Strong
S123,Cyber Security,Authentication,1.8,40.6,47.7,1,15.0,29,4,Medium,Weak
S161,DBMS,Normalization,2.3,52.7,55.1,4,9.9,11,6,Medium,Weak
S127,Software Engineering,SDLC,3.5,75.8,57.1,5,4.1,27,4,Medium,Average
S210,Cloud Computing,Cloud Security,3.3,72.7,55.6,4,8.5,24,5,Medium,Average
S332,Web Technology,Node.js,4.2,85.1,62.4,2,11.4,18,3,Hard,Strong
S325,Web Technology,JavaScript,3.7,72.9,50.9,5,6.2,3,4,Easy,Strong
S285,Big Data,MapReduce,4.0,61.8,62.9,4,14.4,23,7,Medium,Average
S413,Software Engineering,Agile,0.6,72.2,60.2,5,12.9,9,3,Hard,Weak
S018,Web Technology,JavaScript,0.9,92.0,79.3,2,13.5,27,1,Hard,Average
S318,Data Mining,Classification,4.6,100.0,80.7,5,6.4,20,1,Hard,Strong
S407,Cloud Computing,Cloud Security,2.6,88.5,66.8,4,9.1,4,3,Hard,Average
S288,OS,Memory Management,0.9,57.1,51.0,3,9.0,15,0,Easy,Weak
S438,AI,Search Algorithms,1.6,66.3,61.4,3,9.5,17,4,Easy,Weak
S303,Web Technology,JavaScript,3.7,100.0,80.1,4,6.6,4,0,Hard,Strong
S258,DBMS,Transactions,2.5,62.4,43.4,3,14.5,10,0,Hard,Average
S154,OS,Process Scheduling,3.7,35.4,29.6,2,3.9,25,6,Medium,Weak
S101,Cyber Security,Web Security,1.0,81.1,72.1,3,3.6,12,0,Medium,Strong
S339,Web Technology,Node.js,3.7,86.0,70.4,3,9.8,25,3,Hard,Strong
S197,Computer Networks,Transport Layer,4.1,64.2,59.7,3,14.1,22,7,Easy,Weak
S453,Cloud Computing,Cloud Storage,0.7,66.5,52.5,4,8.5,26,1,Easy,Average
S140,Big Data,MapReduce,3.3,92.6,67.8,4,4.3,22,1,Easy,Strong
S270,Computer Graphics,Curves,1.7,69.4,68.4,2,6.5,6,5,Medium,Weak
S387,AI,Search Algorithms,3.8,75.0,64.2,4,9.4,26,7,Hard,Average
S415,Big Data,Spark,3.8,79.4,58.1,5,8.8,19,4,Easy,Strong
S185,Computer Networks,TCP/IP,4.6,86.3,68.4,2,11.3,5,2,Hard,Strong
S264,Cyber Security,Network Security,1.6,64.2,70.7,2,10.3,6,1,Medium,Weak
S198,OS,Memory Management,2.8,49.0,53.1,4,6.4,14,7,Medium,Average
S293,DBMS,Transactions,2.0,62.6,49.1,5,12.4,8,5,Easy,Average
S077,OS,File Systems,1.3,52.8,43.6,3,4.0,7,4,Hard,Average
S024,Computer Graphics,3D Transformation,2.3,92.8,81.9,4,9.0,7,3,Medium,Strong
S094,Software Engineering,Agile,0.6,89.8,73.1,5,8.4,8,2,Hard,Strong
S336,Cyber Security,Cryptography,4.6,68.5,50.1,3,10.7,16,3,Easy,Strong
S019,OS,File Systems,1.6,65.8,56.3,4,7.8,28,3,Hard,Weak
S232,Computer Networks,Transport Layer,3.1,54.8,60.0,1,8.2,18,4,Easy,Weak
S251,DBMS,SQL,0.8,27.8,33.1,1,10.9,1,1,Easy,Weak
S324,Web Technology,HTML/CSS,2.8,67.1,43.5,5,13.1,4,5,Easy,Weak
S105,Web Technology,HTML/CSS,4.9,83.4,60.4,5,12.0,21,7,Medium,Strong
S421,Web Technology,React,4.7,86.5,61.2,2,4.5,4,7,Medium,Average
S114,Big Data,Hadoop,2.0,55.6,50.0,3,8.0,14,3,Hard,Average
S094,OS,Memory Management,1.3,74.1,70.1,5,7.1,22,3,Hard,Average
S299,Computer Networks,Network Security,2.9,51.0,54.8,2,11.1,18,7,Hard,Average
S155,Cyber Security,Web Security,1.0,80.8,70.8,2,4.5,18,1,Medium,Average
S180,Software Engineering,SDLC,2.6,90.8,67.3,5,13.0,26,0,Easy,Average
S202,Cloud Computing,Cloud Security,0.6,61.5,63.4,1,10.6,8,1,Hard,Weak
S436,DBMS,SQL,0.8,76.1,64.0,3,6.0,24,1,Medium,Average
S190,Software Engineering,SDLC,3.1,84.4,74.0,1,3.1,30,6,Hard,Weak
S328,OS,Process Scheduling,1.8,83.0,58.6,4,8.2,9,1,Hard,Average
S131,Software Engineering,Software Design,1.5,77.6,70.1,1,13.5,14,0,Hard,Average
S017,Data Mining,Association Rules,0.9,80.3,79.4,2,10.2,6,1,Medium,Average
S378,Computer Networks,Routing,4.2,91.7,69.9,2,9.5,25,0,Medium,Average
S108,Cyber Security,Authentication,1.0,78.9,74.2,5,9.9,22,6,Medium,Average
S496,Data Mining,Classification,2.4,92.9,89.4,5,8.9,14,5,Medium,Strong
S154,Cloud Computing,Load Balancing,1.9,75.3,66.0,4,9.9,19,7,Easy,Average
S347,Cyber Security,Web Security,3.5,59.3,56.9,1,8.8,12,7,Easy,Weak
S130,DBMS,Normalization,1.9,66.5,61.8,4,6.2,10,6,Medium,Weak
S089,Data Structures,Trees,3.5,67.1,51.7,3,7.2,29,5,Hard,Average
S278,Cloud Computing,Load Balancing,4.7,76.7,63.5,2,3.4,29,3,Medium,Strong
S486,Big Data,Spark,0.6,88.3,73.5,2,13.3,29,0,Easy,Weak
S068,Software Engineering,SDLC,2.9,85.2,64.7,2,10.0,20,0,Hard,Average
S282,AI,Search Algorithms,1.2,40.7,43.9,2,13.0,9,4,Hard,Weak
S348,Data Mining,Association Rules,1.0,49.7,50.7,5,13.5,27,7,Easy,Weak
S443,Cloud Computing,Cloud Storage,3.7,93.7,65.6,3,7.6,26,3,Medium,Strong
S139,AI,Search Algorithms,0.6,67.0,50.3,4,11.8,12,2,Hard,Weak
S131,Data Structures,Arrays,4.8,75.5,50.9,2,4.0,1,5,Hard,Strong
S055,Web Technology,React,1.1,28.2,37.7,1,3.4,9,4,Easy,Weak
S500,Cyber Security,Web Security,1.8,93.6,76.1,3,7.9,17,2,Easy,Average
S486,Cloud Computing,Cloud Storage,1.0,53.4,47.6,1,4.3,29,3,Medium,Weak
S445,DBMS,SQL,0.7,80.1,75.4,4,4.4,18,1,Medium,Weak
S350,Cloud Computing,Load Balancing,4.9,49.9,30.3,5,14.5,23,7,Hard,Average
S269,Data Structures,Trees,2.8,76.1,59.7,4,8.8,8,3,Hard,Average
S117,Cloud Computing,Cloud Security,3.0,81.0,67.0,5,6.0,21,2,Easy,Average
S130,Data Structures,Linked Lists,4.7,100.0,84.8,5,14.0,10,2,Easy,Strong
S286,Big Data,Spark,2.2,38.5,37.7,1,10.7,15,4,Medium,Weak
S116,Data Mining,Association Rules,4.2,62.9,50.0,1,11.6,10,3,Easy,Weak
S046,Web Technology,HTML/CSS,3.8,85.2,66.0,3,8.4,27,5,Hard,Strong
S289,Cloud Computing,Cloud Storage,4.6,91.9,60.3,4,5.0,21,3,Easy,Average
S424,Cyber Security,Web Security,1.0,44.1,44.0,2,5.1,16,4,Easy,Weak
S032,DBMS,Normalization,1.9,79.6,78.7,5,9.4,6,4,Medium,Strong
S105,Cloud Computing,Load Balancing,3.5,74.0,58.8,3,12.2,24,5,Easy,Average
S071,Cyber Security,Cryptography,4.0,100.0,63.3,5,10.2,10,1,Easy,Strong
S387,Cloud Computing,Virtualization,2.0,87.5,69.7,4,11.9,7,2,Hard,Average
S171,Cyber Security,Cryptography,4.8,100.0,70.6,4,12.3,22,2,Medium,Strong
S392,Computer Networks,TCP/IP,3.8,89.8,71.0,4,10.5,16,3,Medium,Strong
S369,OS,Process Scheduling,2.3,35.9,35.1,3,10.9,6,6,Easy,Weak
S001,OS,Memory Management,2.6,60.3,59.3,1,9.4,27,2,Medium,Average
S454,OS,Deadlock,2.5,77.0,71.4,1,12.1,16,5,Easy,Average
S232,OS,File Systems,4.8,100.0,93.9,3,9.7,11,0,Easy,Strong
S032,OS,File Systems,1.0,70.4,68.5,5,6.9,16,5,Medium,Weak
S268,DBMS,Normalization,2.0,74.1,60.2,3,12.3,8,4,Medium,Average
S305,Data Structures,Linked Lists,2.0,65.4,59.0,2,8.7,30,4,Easy,Average
S245,Software Engineering,Software Design,1.4,95.7,71.4,5,3.5,28,1,Medium,Average
S077,Big Data,Hadoop,4.7,69.9,54.2,2,5.4,29,5,Hard,Strong
S285,Computer Networks,Transport Layer,3.1,61.4,43.7,2,12.4,13,7,Easy,Average
S233,AI,Search Algorithms,1.1,73.2,58.0,4,3.9,4,0,Easy,Weak
S340,Data Mining,Association Rules,4.5,71.4,53.5,4,8.9,18,6,Medium,Strong
S108,Software Engineering,Agile,1.0,70.0,59.0,2,9.7,16,0,Hard,Weak
S355,Data Structures,Linked Lists,4.3,77.1,61.6,3,4.7,29,2,Easy,Average
S298,Big Data,Spark,3.7,69.5,48.5,3,12.1,24,2,Hard,Average
S339,Big Data,MapReduce,4.4,97.3,75.4,4,13.7,24,4,Hard,Average
S101,Computer Networks,Routing,0.7,41.8,40.6,2,4.3,10,3,Medium,Weak
S110,Computer Networks,Transport Layer,3.0,61.7,48.3,2,5.9,6,2,Easy,Average
S343,OS,Deadlock,1.2,90.9,72.8,5,9.3,18,0,Easy,Average
S099,Computer Networks,TCP/IP,0.6,71.6,59.1,3,11.7,11,4,Medium,Weak
S336,Software Engineering,Software Design,4.8,72.4,57.8,2,9.9,10,0,Hard,Strong
S342,AI,Search Algorithms,3.7,81.8,68.0,4,14.1,17,4,Easy,Average
S053,OS,Process Scheduling,2.6,86.2,78.2,3,8.0,29,1,Medium,Average
S122,Big Data,MapReduce,5.0,64.1,42.7,1,14.1,25,4,Easy,Average
S099,Software Engineering,Agile,2.8,67.7,65.5,4,9.8,18,6,Easy,Average
S213,Data Structures,Linked Lists,1.7,60.2,54.7,3,6.2,21,3,Medium,Average
S463,Data Structures,Trees,2.0,52.4,55.5,1,14.9,2,6,Hard,Weak
S079,Web Technology,JavaScript,2.7,81.0,70.0,4,9.6,17,7,Easy,Weak
S380,OS,Memory Management,3.5,59.8,58.7,1,13.8,20,2,Easy,Average
S035,DBMS,Normalization,4.2,56.2,35.0,5,3.7,25,4,Medium,Average
S020,OS,File Systems,4.0,82.5,74.3,4,12.3,8,3,Medium,Strong
S165,OS,Deadlock,4.8,63.5,42.8,3,11.1,17,5,Medium,Average
S336,Cloud Computing,Virtualization,4.7,71.7,53.0,4,3.1,29,3,Medium,Average
S353,Web Technology,HTML/CSS,1.6,47.2,42.9,5,7.2,16,6,Hard,Weak
S081,Big Data,HDFS,4.8,85.2,71.5,3,10.6,7,7,Easy,Strong
S066,Cyber Security,Cryptography,2.5,64.7,54.3,4,14.1,7,6,Easy,Average
S020,Software Engineering,SDLC,3.0,75.2,67.5,4,9.0,27,4,Medium,Average
S178,Cloud Computing,Virtualization,1.4,72.7,71.4,4,10.9,6,5,Medium,Average
S369,Computer Graphics,2D Transformation,3.6,91.1,59.1,4,7.3,18,2,Hard,Strong
S330,Cloud Computing,Cloud Security,3.0,48.3,39.9,1,9.4,2,4,Hard,Weak
S341,Computer Graphics,3D Transformation,2.3,81.5,64.4,5,8.5,28,2,Medium,Strong
S461,Data Mining,Data Preprocessing,4.7,72.3,50.2,5,7.5,10,7,Medium,Strong
S394,Cyber Security,Network Security,3.5,33.0,45.5,1,10.6,14,7,Medium,Weak
S096,Software Engineering,Agile,1.9,60.8,58.1,2,9.7,15,6,Medium,Weak
S224,OS,Memory Management,4.0,99.3,68.4,4,14.4,4,1,Medium,Strong
S331,DBMS,Transactions,2.4,67.7,63.6,5,3.7,15,5,Easy,Average
S331,Computer Graphics,Curves,5.0,76.8,62.3,1,5.9,30,3,Easy,Strong
S457,DBMS,SQL,1.5,40.9,43.1,1,7.9,20,3,Easy,Weak
S330,AI,Search Algorithms,0.9,71.5,66.8,3,6.8,16,3,Medium,Weak
S121,Computer Networks,TCP/IP,4.3,68.6,53.5,2,3.1,6,5,Easy,Strong
S102,AI,Search Algorithms,4.0,91.3,74.5,5,6.1,20,6,Hard,Strong
S092,Computer Graphics,Curves,0.5,51.4,50.7,1,4.5,29,1,Medium,Weak
S271,DBMS,Normalization,3.4,51.5,35.0,3,11.4,9,3,Medium,Average
S185,Web Technology,JavaScript,2.1,52.1,56.2,2,6.4,8,2,Medium,Average
S365,Web Technology,Node.js,3.2,81.3,56.8,2,10.4,4,0,Easy,Strong
S006,Cyber Security,Web Security,0.6,22.7,41.6,3,4.0,2,5,Easy,Weak
S387,AI,Machine Learning,1.5,44.9,36.2,3,11.2,23,7,Easy,Weak
S121,AI,Machine Learning,1.6,56.1,60.6,4,4.9,13,7,Medium,Weak
S234,Cloud Computing,Cloud Security,4.4,100.0,68.6,5,5.5,30,1,Medium,Strong
S319,OS,File Systems,3.1,89.3,77.8,5,8.4,1,0,Medium,Strong
S089,Computer Graphics,Curves,2.8,88.1,71.8,2,10.8,4,0,Medium,Average
S022,DBMS,SQL,1.2,78.2,74.0,2,11.3,21,4,Hard,Weak
S333,Big Data,MapReduce,1.2,40.3,58.9,2,5.0,15,6,Easy,Weak
S023,Big Data,Hadoop,1.1,34.4,54.3,3,3.1,16,7,Easy,Weak
S238,OS,Deadlock,0.9,65.2,56.1,4,7.0,9,1,Hard,Average
S433,Big Data,HDFS,1.4,81.6,80.0,3,8.9,3,3,Hard,Weak
S470,Cloud Computing,Cloud Storage,4.3,100.0,83.5,3,6.1,27,4,Easy,Strong
S044,Data Mining,Clustering,3.8,96.4,78.9,1,7.6,25,2,Medium,Strong
S228,Data Structures,Linked Lists,4.8,69.4,51.2,1,8.0,15,6,Easy,Average
S232,Data Structures,Linked Lists,3.7,43.3,30.7,2,4.5,4,4,Hard,Weak
S500,Web Technology,React,3.3,95.4,73.0,3,7.3,6,1,Medium,Strong
S086,Computer Networks,Transport Layer,4.4,92.4,69.2,2,11.7,26,1,Easy,Strong
S495,Data Mining,Clustering,2.6,85.1,72.9,5,8.8,22,7,Easy,Average
S291,Big Data,MapReduce,1.7,75.1,65.4,3,4.6,14,5,Medium,Average
S441,Web Technology,Node.js,3.2,76.7,54.3,1,13.9,25,2,Easy,Weak
S253,DBMS,Transactions,2.9,55.2,41.0,1,14.4,8,4,Medium,Weak
S496,Computer Graphics,3D Transformation,1.0,27.6,27.5,1,8.4,1,7,Hard,Weak
S013,Cyber Security,Network Security,4.4,70.0,36.3,5,14.4,23,4,Easy,Strong
S337,Data Structures,Graphs,1.7,69.7,58.5,4,7.2,26,4,Medium,Weak
S136,Computer Networks,TCP/IP,3.7,94.6,73.1,3,5.2,7,6,Medium,Strong
S197,DBMS,Normalization,3.5,82.1,67.8,3,12.8,20,6,Easy,Average
S160,Computer Networks,Transport Layer,2.9,76.0,65.1,2,5.8,14,3,Medium,Average
S325,Computer Networks,Network Security,2.9,57.2,45.5,1,7.7,27,3,Medium,Weak
S025,Cyber Security,Authentication,0.7,68.6,69.4,3,7.1,2,5,Easy,Weak
S427,Cyber Security,Network Security,2.3,82.5,77.5,1,9.5,27,3,Medium,Weak
S432,AI,Expert Systems,1.4,62.2,61.1,5,12.9,20,6,Medium,Weak
S280,Software Engineering,SDLC,1.1,47.4,40.8,2,14.5,2,2,Medium,Weak
S144,Computer Graphics,2D Transformation,0.6,47.6,51.9,1,7.9,28,2,Medium,Weak
S142,OS,Process Scheduling,2.2,58.6,44.3,3,6.2,26,5,Easy,Weak
S482,Software Engineering,Software Design,3.2,78.5,72.9,3,11.1,11,4,Medium,Strong
S499,DBMS,SQL,0.8,63.1,54.9,4,3.8,14,3,Easy,Weak
S265,Web Technology,HTML/CSS,1.5,66.3,43.5,5,3.9,27,0,Medium,Average
S258,Computer Networks,Network Security,0.8,44.7,54.6,2,11.9,7,7,Easy,Weak
S493,Computer Graphics,3D Transformation,4.5,74.7,70.8,4,4.7,29,6,Medium,Average
S286,Cyber Security,Cryptography,4.5,64.5,56.0,1,9.0,17,4,Hard,Average
S118,Cyber Security,Network Security,1.6,72.2,61.1,2,4.5,22,0,Medium,Weak
S078,DBMS,Indexing,1.2,44.2,45.0,1,11.3,27,2,Easy,Weak
S112,Data Mining,Data Preprocessing,3.8,69.3,54.6,3,6.7,21,2,Hard,Average
S458,Web Technology,Node.js,0.8,81.4,71.6,4,5.9,18,2,Medium,Average
S153,Cloud Computing,Cloud Storage,1.4,88.7,82.7,4,5.5,16,5,Easy,Average
S214,DBMS,SQL,2.4,85.1,78.4,5,14.1,26,5,Medium,Average
S137,Big Data,HDFS,2.6,76.9,61.3,5,7.2,27,5,Medium,Average
S132,AI,Knowledge Representation,3.7,80.1,55.7,2,8.4,24,3,Easy,Average
S488,OS,File Systems,3.8,84.7,72.2,1,5.5,22,0,Medium,Strong
S379,OS,File Systems,1.9,47.7,52.2,5,3.2,28,7,Hard,Weak
S323,Data Mining,Data Preprocessing,3.7,63.2,60.3,1,10.9,11,5,Medium,Weak
S162,Computer Networks,Routing,4.4,77.1,64.4,2,11.5,14,7,Easy,Strong
S124,Data Mining,Clustering,3.6,75.2,58.1,1,11.1,3,3,Hard,Strong
S390,Data Structures,Graphs,2.2,44.7,50.5,3,9.1,18,5,Hard,Weak
S059,Data Structures,Arrays,4.6,76.4,52.2,4,12.8,9,6,Easy,Strong
S049,Cloud Computing,Cloud Storage,1.4,100.0,92.1,3,14.3,24,0,Medium,Strong
S342,Big Data,Spark,4.1,72.0,51.7,3,14.7,14,6,Medium,Weak
S310,AI,Machine Learning,3.7,96.9,78.4,5,12.4,26,5,Medium,Strong
S229,Data Structures,Arrays,3.4,81.1,65.2,4,5.3,18,6,Medium,Average
S410,Data Mining,Clustering,2.9,64.7,52.1,2,9.7,8,5,Medium,Average
S422,Software Engineering,SDLC,2.9,90.1,59.8,4,5.2,14,2,Easy,Strong
S168,OS,Memory Management,4.5,79.8,52.8,4,4.2,3,2,Medium,Strong
S346,AI,Expert Systems,2.0,77.0,60.1,2,7.3,30,2,Easy,Average
S245,OS,File Systems,2.8,73.9,51.7,2,3.7,21,1,Hard,Average
S071,Web Technology,JavaScript,3.9,46.4,46.4,5,4.3,20,6,Medium,Average
S378,AI,Knowledge Representation,2.4,53.9,52.7,2,8.2,17,5,Hard,Weak
S220,DBMS,SQL,2.9,78.9,57.8,5,3.1,18,6,Medium,Weak
S473,Computer Graphics,Curves,4.4,100.0,79.2,1,5.0,24,4,Medium,Strong
S043,Computer Graphics,2D Transformation,4.1,100.0,75.7,5,13.7,28,2,Medium,Strong
S487,Cyber Security,Network Security,2.3,40.2,32.3,5,14.8,5,6,Hard,Weak
S441,Software Engineering,Software Testing,2.7,41.5,51.0,1,5.2,2,6,Medium,Average
S324,AI,Search Algorithms,1.3,73.9,63.1,2,10.8,12,2,Hard,Average
S366,Cloud Computing,Cloud Security,4.9,100.0,58.7,4,10.5,10,0,Medium,Strong
S206,Cloud Computing,Cloud Storage,4.5,89.1,68.1,5,11.0,10,6,Easy,Average
S088,AI,Search Algorithms,1.6,73.4,83.0,2,5.6,27,2,Medium,Average
S308,Data Mining,Data Preprocessing,4.5,59.4,49.0,5,9.3,3,6,Medium,Average
S060,Cloud Computing,Cloud Security,1.5,18.4,26.7,1,7.9,11,2,Medium,Weak
S199,Software Engineering,Agile,4.8,93.9,73.9,3,13.1,30,6,Easy,Strong
S354,Data Mining,Classification,4.1,91.2,76.5,4,11.9,22,4,Medium,Average
S463,Computer Graphics,3D Transformation,0.8,33.6,45.6,2,6.0,20,3,Easy,Weak
S206,AI,Search Algorithms,3.8,79.0,58.5,4,5.4,26,1,Medium,Average
S280,OS,Memory Management,5.0,100.0,76.1,2,10.3,16,2,Medium,Strong
S007,Cyber Security,Web Security,2.9,45.5,52.8,2,13.8,12,6,Medium,Weak
S378,AI,Search Algorithms,2.7,100.0,84.5,2,5.9,4,4,Easy,Strong
S016,AI,Knowledge Representation,3.7,100.0,80.0,4,12.2,7,3,Hard,Strong
S355,Computer Graphics,Curves,4.6,78.8,68.4,3,15.0,8,5,Medium,Average
S467,Computer Graphics,Rendering,2.3,68.2,61.2,2,14.2,17,6,Hard,Weak
S118,Computer Networks,Routing,3.8,91.9,68.3,2,8.1,21,3,Easy,Strong
S391,DBMS,SQL,4.7,100.0,97.9,5,12.4,27,2,Hard,Strong
S006,Software Engineering,Software Testing,2.0,37.2,28.5,4,12.7,23,7,Hard,Weak
S297,AI,Machine Learning,1.5,84.6,74.7,2,13.9,19,3,Hard,Average
S279,Software Engineering,Software Design,2.1,68.9,55.2,1,4.3,20,2,Hard,Weak
S397,OS,File Systems,0.6,61.8,65.0,2,12.8,3,1,Easy,Weak
S029,Software Engineering,Agile,3.2,67.8,56.2,1,12.6,9,2,Medium,Weak
S164,Computer Networks,Routing,3.2,33.4,44.5,4,3.1,1,5,Easy,Average
S249,AI,Knowledge Representation,1.3,59.9,62.3,3,8.9,10,7,Medium,Weak
S307,Cyber Security,Web Security,3.5,68.4,63.7,2,11.2,21,3,Medium,Average
S104,Cloud Computing,Cloud Security,0.7,82.2,70.0,1,13.4,12,0,Medium,Average
S029,Web Technology,React,0.9,58.8,50.9,3,6.5,29,2,Medium,Weak
S254,Cloud Computing,Cloud Storage,1.5,55.3,53.3,3,9.8,16,7,Medium,Weak
S310,Software Engineering,Agile,2.4,92.0,72.4,2,10.7,17,0,Medium,Average
S046,Computer Networks,Routing,3.3,78.6,62.3,3,8.4,22,1,Medium,Average
S191,DBMS,Transactions,3.7,82.0,88.1,1,3.1,13,5,Medium,Strong
S492,Cyber Security,Web Security,3.6,100.0,75.1,1,3.2,7,0,Medium,Strong
S175,Web Technology,HTML/CSS,0.7,37.2,48.3,1,10.2,4,3,Hard,Weak
S433,Computer Graphics,3D Transformation,2.3,54.5,57.6,2,3.6,24,7,Hard,Weak
S447,Cloud Computing,Virtualization,3.0,93.1,72.6,5,14.4,10,6,Medium,Strong
S259,Cloud Computing,Virtualization,3.0,80.9,61.8,4,3.6,2,2,Medium,Average
S366,DBMS,Indexing,0.5,25.5,29.3,3,12.6,24,6,Medium,Weak
S068,OS,File Systems,0.6,50.2,47.8,4,9.3,30,1,Hard,Weak
S456,Data Structures,Linked Lists,3.2,62.3,48.3,1,9.6,26,5,Easy,Average
S027,Web Technology,HTML/CSS,0.8,24.5,33.5,2,14.8,26,5,Medium,Weak
S202,Data Mining,Clustering,4.6,100.0,87.4,4,4.9,19,1,Medium,Strong
S412,Data Structures,Graphs,1.7,43.7,37.0,1,12.5,3,2,Hard,Weak
S071,Big Data,Hadoop,1.7,36.6,37.6,3,12.3,21,7,Medium,Weak
S399,DBMS,Transactions,1.2,65.8,39.3,4,8.3,5,2,Hard,Weak
S218,Computer Graphics,Curves,2.2,77.9,64.5,4,6.6,9,2,Medium,Average
S021,DBMS,SQL,3.6,78.5,54.6,1,9.1,2,2,Hard,Strong
S294,OS,Memory Management,3.1,63.0,48.5,3,4.7,5,5,Medium,Average
S333,Data Mining,Clustering,2.8,100.0,73.5,5,13.7,26,0,Hard,Strong
S280,Big Data,Hadoop,4.4,80.1,51.6,4,6.3,18,6,Hard,Strong
S015,DBMS,SQL,4.3,80.4,57.6,4,9.6,12,1,Hard,Strong
S083,Cyber Security,Cryptography,0.8,96.8,88.3,5,14.0,24,1,Medium,Strong
S257,Web Technology,React,3.1,89.6,75.5,3,8.2,7,1,Hard,Strong
S094,Data Structures,Trees,2.3,56.6,53.9,1,4.4,4,3,Medium,Weak
S415,Cyber Security,Web Security,2.8,70.8,59.3,1,4.9,4,5,Easy,Weak
S286,Computer Graphics,2D Transformation,0.8,42.8,45.8,4,7.3,16,2,Hard,Weak
S431,Data Mining,Clustering,0.6,70.6,67.0,4,9.0,17,2,Hard,Weak
S361,Data Structures,Trees,1.6,76.9,66.6,3,9.4,3,0,Hard,Strong
S295,Software Engineering,Software Testing,4.3,88.3,71.0,1,14.0,23,3,Medium,Average
S087,Cyber Security,Authentication,3.3,100.0,86.3,5,14.3,2,0,Medium,Strong
S360,Big Data,Spark,1.0,89.7,77.1,4,5.1,30,0,Medium,Strong
S041,Computer Networks,Network Security,1.6,43.0,49.1,2,12.5,29,7,Easy,Weak
S422,OS,Process Scheduling,3.3,78.0,74.0,1,5.9,23,5,Hard,Average
S025,DBMS,Indexing,0.9,47.1,53.4,3,11.4,10,5,Medium,Weak
S495,Computer Graphics,3D Transformation,1.9,52.8,43.3,4,11.5,7,7,Medium,Weak
S445,Computer Networks,Routing,4.6,100.0,93.4,5,5.3,24,4,Hard,Strong
S147,OS,Deadlock,3.4,89.3,75.5,1,4.9,20,0,Easy,Strong
S214,Data Mining,Association Rules,3.3,56.1,53.7,3,7.3,17,6,Hard,Weak
S259,Big Data,Hadoop,3.1,83.2,68.5,3,14.1,17,1,Hard,Average
S215,AI,Knowledge Representation,1.1,39.7,41.6,1,10.4,9,4,Easy,Weak
S403,Software Engineering,Agile,3.2,75.9,67.1,4,14.6,21,3,Hard,Average
S352,Big Data,Hadoop,3.6,97.5,68.2,3,12.1,25,0,Medium,Strong
S123,Cyber Security,Web Security,1.4,68.5,59.9,1,5.8,29,2,Hard,Weak
S366,Cloud Computing,Cloud Storage,2.0,74.7,63.1,1,9.0,22,0,Easy,Average
S089,Data Mining,Data Preprocessing,4.8,74.6,53.6,1,5.9,13,5,Hard,Weak
S349,AI,Knowledge Representation,1.6,57.3,56.4,5,6.5,13,7,Hard,Average
S275,AI,Knowledge Representation,2.9,50.9,45.4,3,7.3,11,7,Medium,Weak
S192,OS,Process Scheduling,3.1,55.5,46.9,4,11.3,18,7,Easy,Weak
S235,Data Structures,Linked Lists,3.2,47.5,39.1,4,12.9,15,5,Medium,Weak
S401,Computer Graphics,2D Transformation,1.3,69.3,56.2,2,7.9,27,6,Medium,Average
S221,Web Technology,HTML/CSS,0.9,79.0,76.6,4,14.0,7,6,Hard,Weak
S366,AI,Expert Systems,3.8,80.2,75.7,2,6.2,27,3,Medium,Average
S158,DBMS,Transactions,4.1,62.2,48.5,5,5.5,3,5,Medium,Average
S068,OS,Memory Management,4.8,74.7,57.8,1,11.7,7,4,Hard,Average
S191,Computer Graphics,2D Transformation,1.5,44.0,39.6,1,7.6,8,4,Easy,Weak
S278,Computer Networks,Routing,4.1,52.4,42.8,5,10.7,18,7,Medium,Weak
S433,Web Technology,JavaScript,4.9,82.2,73.0,2,13.9,29,5,Hard,Average
S164,Data Mining,Clustering,4.1,99.9,83.9,1,11.0,2,1,Medium,Strong
S061,DBMS,Normalization,1.5,65.3,56.1,4,3.8,7,5,Easy,Average
S467,Cyber Security,Web Security,1.8,91.2,78.2,5,3.0,8,1,Easy,Average
S465,Computer Graphics,Curves,1.8,55.5,48.9,1,9.7,27,4,Easy,Weak
S438,Data Structures,Trees,4.2,100.0,73.1,4,8.8,18,0,Medium,Strong
S306,Computer Graphics,Rendering,3.2,60.6,53.1,2,3.1,17,7,Hard,Weak
S009,Data Mining,Classification,1.3,61.0,49.5,4,7.8,23,3,Hard,Weak
S350,OS,File Systems,2.8,76.0,65.4,3,14.0,22,2,Easy,Average
S496,Data Mining,Classification,1.0,79.2,62.7,4,11.9,18,2,Medium,Average
S096,Computer Networks,TCP/IP,2.3,94.9,76.3,5,10.0,12,0,Hard,Average
S341,Data Mining,Data Preprocessing,1.0,43.1,51.6,2,12.7,4,6,Easy,Weak
S018,Web Technology,React,1.3,56.6,37.7,4,4.6,16,3,Hard,Weak
S163,Data Structures,Linked Lists,1.8,50.3,53.5,3,9.0,14,5,Medium,Average
S282,DBMS,Transactions,3.6,100.0,77.1,5,9.7,12,0,Medium,Strong
S342,DBMS,Indexing,2.0,76.5,53.2,5,14.6,28,3,Easy,Average
S100,Computer Networks,Transport Layer,1.3,70.6,78.7,2,12.8,12,3,Hard,Average
S142,Data Mining,Classification,2.1,64.5,47.2,5,8.7,6,6,Medium,Weak
S472,Cloud Computing,Cloud Security,2.8,100.0,99.9,2,8.2,9,1,Medium,Strong
S033,OS,Process Scheduling,2.8,58.6,49.2,2,9.4,17,4,Hard,Weak
S067,Computer Networks,TCP/IP,2.2,71.3,63.5,5,6.9,11,6,Medium,Average
S458,Web Technology,Node.js,4.1,63.3,40.9,1,9.4,11,1,Medium,Weak
S483,OS,File Systems,2.9,85.5,75.9,2,8.1,9,7,Medium,Weak
S328,Data Mining,Data Preprocessing,1.9,53.5,51.4,4,6.9,26,6,Medium,Average
S462,Cyber Security,Authentication,2.0,75.2,62.5,2,8.0,30,0,Medium,Average
S031,OS,Process Scheduling,4.3,100.0,98.5,2,6.0,4,0,Easy,Strong
S169,Web Technology,HTML/CSS,1.0,31.2,41.1,1,9.7,12,7,Easy,Weak
S104,AI,Knowledge Representation,4.3,100.0,78.9,5,11.5,10,3,Hard,Strong
S256,Cloud Computing,Load Balancing,4.3,44.1,31.3,4,13.2,29,3,Medium,Average
S472,Software Engineering,Software Design,2.2,100.0,72.8,4,3.9,1,4,Medium,Average
S268,Cloud Computing,Cloud Storage,1.3,62.2,65.0,2,11.0,18,1,Medium,Average
S006,Cyber Security,Web Security,4.2,98.4,68.3,5,9.6,16,4,Medium,Strong
S375,Web Technology,HTML/CSS,3.3,61.3,48.0,2,12.7,10,2,Medium,Average
S406,Computer Graphics,Rendering,3.4,100.0,83.1,4,11.8,1,1,Easy,Strong
S152,Computer Networks,TCP/IP,1.3,64.1,47.2,3,4.1,5,3,Easy,Weak
S237,OS,Process Scheduling,4.6,69.9,34.4,1,10.4,24,0,Medium,Average
S498,OS,Process Scheduling,3.5,62.3,57.2,4,9.0,10,3,Medium,Strong
S470,Cloud Computing,Cloud Storage,3.3,88.8,68.5,5,5.6,11,5,Easy,Average
S407,AI,Expert Systems,3.9,73.7,73.9,1,3.5,24,4,Medium,Average
S351,Cloud Computing,Virtualization,0.6,22.7,45.5,3,12.7,9,7,Hard,Weak
S154,Data Structures,Arrays,0.6,38.2,40.5,2,10.9,10,3,Medium,Weak
S205,Web Technology,Node.js,2.6,89.5,68.1,4,6.7,29,1,Easy,Strong
S420,Cyber Security,Authentication,3.2,100.0,80.1,5,11.9,15,0,Hard,Strong
S450,AI,Knowledge Representation,1.3,48.7,51.1,3,7.7,2,4,Easy,Weak
S393,Software Engineering,Software Testing,3.5,80.5,56.8,4,6.2,10,5,Medium,Strong
S132,Data Structures,Linked Lists,5.0,100.0,83.5,5,9.8,19,1,Easy,Strong
S258,AI,Knowledge Representation,0.7,62.7,64.6,4,3.4,19,7,Medium,Weak
S477,Software Engineering,Agile,1.1,67.9,61.5,4,7.2,7,0,Hard,Average
S490,DBMS,SQL,2.6,57.0,57.2,1,12.8,9,4,Medium,Weak
S246,Data Mining,Classification,0.9,29.0,32.2,2,7.6,7,5,Easy,Weak
S385,Big Data,HDFS,2.7,52.0,47.0,5,10.8,13,3,Medium,Average
S138,Big Data,Hadoop,2.1,88.4,78.7,4,10.2,10,1,Hard,Strong
S434,Cloud Computing,Cloud Security,1.6,95.2,78.1,3,5.1,5,0,Medium,Average
S004,Computer Networks,Transport Layer,2.8,91.2,77.1,3,9.0,22,3,Hard,Strong
S266,AI,Machine Learning,3.3,71.7,42.0,5,5.3,12,1,Easy,Average
S385,Cyber Security,Network Security,0.7,39.8,46.3,4,13.8,4,7,Medium,Weak
S356,AI,Machine Learning,3.9,78.4,55.6,2,13.8,7,4,Medium,Strong
S038,Cyber Security,Cryptography,0.6,45.8,45.2,1,4.5,20,4,Medium,Weak
S450,OS,Process Scheduling,0.7,35.7,53.1,1,7.5,22,6,Easy,Weak
S156,Web Technology,React,4.1,76.7,62.8,2,14.8,24,7,Medium,Average
S489,Cloud Computing,Virtualization,3.0,91.0,65.8,5,10.7,28,0,Hard,Strong
S337,AI,Knowledge Representation,4.5,95.6,70.5,5,10.4,8,5,Easy,Strong
S216,Cloud Computing,Load Balancing,3.8,72.9,60.6,2,5.8,30,5,Easy,Strong
S455,Computer Networks,Transport Layer,2.2,37.0,36.4,3,8.9,20,5,Medium,Weak
S034,Big Data,HDFS,3.3,80.0,76.3,4,14.1,12,6,Easy,Average
S086,Big Data,HDFS,4.5,74.8,53.3,1,7.3,13,3,Medium,Average
S005,Big Data,MapReduce,4.1,61.3,45.7,4,11.0,23,7,Medium,Average
S021,Data Structures,Graphs,1.2,52.3,50.2,3,7.2,15,6,Easy,Weak
S095,AI,Knowledge Representation,0.6,49.3,60.9,2,7.1,25,4,Medium,Weak
S376,AI,Expert Systems,0.6,69.6,62.6,2,11.7,23,1,Hard,Average
S194,Data Mining,Association Rules,2.1,59.6,51.1,1,7.2,28,2,Easy,Average
S160,Cloud Computing,Cloud Storage,2.5,77.4,54.1,5,10.2,2,0,Hard,Strong
S263,AI,Machine Learning,4.6,78.6,63.6,1,12.3,3,5,Medium,Strong
S339,OS,Deadlock,3.8,100.0,96.4,4,14.8,6,1,Easy,Strong
S320,Computer Graphics,Rendering,1.9,76.5,53.5,4,6.1,7,1,Easy,Average
S244,Computer Networks,Routing,3.5,70.4,52.3,3,6.8,17,2,Hard,Strong
S408,OS,Memory Management,3.6,100.0,76.1,3,15.0,17,1,Medium,Strong
S104,Computer Graphics,Rendering,0.6,53.1,56.2,5,9.5,1,4,Hard,Weak
S213,Computer Graphics,Rendering,2.8,100.0,75.9,5,13.1,9,1,Hard,Strong
S227,Software Engineering,Software Design,0.8,27.5,42.0,1,8.9,30,6,Medium,Weak
S064,Computer Networks,TCP/IP,3.0,82.9,64.0,3,7.2,28,2,Easy,Average
S284,Data Mining,Classification,4.0,61.1,50.4,5,12.8,24,7,Hard,Weak
S211,AI,Search Algorithms,4.2,100.0,79.8,2,9.9,17,2,Medium,Strong
S462,Cloud Computing,Cloud Security,3.1,64.4,54.3,3,9.7,29,2,Medium,Average
S193,Computer Networks,Network Security,3.3,93.0,77.6,5,12.4,12,3,Hard,Strong
S083,DBMS,Indexing,0.8,41.0,46.5,3,10.2,30,6,Medium,Weak
S061,Computer Networks,Routing,0.6,64.7,76.6,4,10.5,13,3,Hard,Average
S098,Computer Networks,Routing,1.0,66.6,63.8,3,3.6,10,2,Medium,Average
S042,Data Mining,Data Preprocessing,4.8,70.5,42.9,2,11.4,30,3,Medium,Average
S455,Big Data,HDFS,4.9,80.1,74.7,4,7.2,14,5,Easy,Strong
S235,Data Mining,Clustering,0.6,55.1,47.2,2,9.9,21,1,Medium,Weak
S408,Cloud Computing,Cloud Security,1.9,92.4,80.9,4,11.3,9,1,Medium,Strong
S113,Big Data,Hadoop,2.8,40.3,33.8,2,6.4,22,5,Hard,Weak
S382,Computer Graphics,3D Transformation,2.8,100.0,73.8,4,14.9,20,0,Easy,Strong
S237,OS,File Systems,1.1,73.3,65.1,3,12.9,25,3,Medium,Weak
S360,Computer Networks,TCP/IP,2.0,94.2,67.1,4,12.8,30,0,Medium,Strong
S466,Computer Networks,Network Security,4.0,90.6,60.8,5,8.2,29,6,Easy,Strong
S031,DBMS,Transactions,3.3,64.9,67.1,4,9.3,20,7,Medium,Average
S072,Data Mining,Classification,1.5,97.1,83.6,2,3.4,25,1,Medium,Strong
S324,AI,Machine Learning,0.6,67.7,52.3,5,5.7,21,0,Easy,Weak
S288,Data Mining,Association Rules,1.8,50.6,36.6,5,4.6,6,4,Easy,Weak
S212,Computer Networks,TCP/IP,3.4,81.2,60.9,5,10.9,27,3,Hard,Weak
S410,Data Mining,Clustering,4.0,100.0,67.7,4,13.2,15,0,Hard,Strong
S326,AI,Expert Systems,1.2,100.0,75.3,5,9.6,10,1,Hard,Average
S404,Computer Graphics,Rendering,0.7,69.4,73.2,3,11.9,4,7,Medium,Weak
S370,Cyber Security,Authentication,1.3,71.6,69.5,5,9.7,3,6,Easy,Average
S145,Data Structures,Graphs,2.0,67.6,60.5,1,9.5,14,3,Hard,Average
S081,Cloud Computing,Cloud Security,5.0,75.4,71.7,3,14.9,7,6,Hard,Strong
S094,Cyber Security,Network Security,3.1,61.3,60.7,1,3.4,13,5,Medium,Average
S286,AI,Expert Systems,4.5,67.3,52.6,5,11.1,5,5,Hard,Strong
S363,Cloud Computing,Cloud Storage,1.6,80.9,69.8,1,14.7,6,1,Medium,Weak
S217,Software Engineering,SDLC,1.0,37.2,53.7,1,6.2,6,4,Easy,Weak
S319,AI,Expert Systems,3.4,68.3,48.2,2,4.0,22,2,Hard,Weak
S207,Cyber Security,Web Security,1.8,61.5,59.3,1,3.7,26,5,Medium,Average
S243,Cloud Computing,Load Balancing,1.4,79.7,68.2,3,15.0,20,4,Easy,Weak
S412,Big Data,Hadoop,4.6,85.0,69.3,5,9.3,17,4,Medium,Strong
S003,Big Data,MapReduce,2.4,100.0,80.1,4,12.8,22,2,Hard,Strong
S368,Web Technology,JavaScript,4.2,63.8,26.6,3,12.3,17,2,Easy,Average
S015,Data Structures,Graphs,4.1,58.3,50.3,2,12.8,18,7,Easy,Average
S307,Cloud Computing,Cloud Storage,1.7,66.3,63.0,5,8.3,26,5,Easy,Weak
S448,Computer Graphics,3D Transformation,0.9,55.5,50.4,2,14.3,2,5,Hard,Weak
S397,OS,Memory Management,1.5,35.2,39.3,2,11.1,29,7,Hard,Weak
S047,Data Mining,Clustering,3.0,81.3,62.2,5,7.4,30,3,Medium,Average
S306,Data Mining,Data Preprocessing,4.2,66.5,55.7,2,8.8,25,3,Medium,Strong
S492,AI,Expert Systems,0.5,45.9,57.2,4,11.3,29,7,Medium,Weak
S413,Computer Graphics,Curves,4.0,57.2,51.4,4,5.7,14,7,Medium,Average
S230,Big Data,MapReduce,1.8,36.2,31.1,1,5.6,5,6,Easy,Weak
S090,Data Mining,Association Rules,1.2,79.9,75.8,5,10.6,20,5,Hard,Average
S424,DBMS,Transactions,1.2,20.4,33.2,2,6.5,13,7,Hard,Weak
S258,DBMS,Transactions,0.6,90.9,77.9,5,6.9,7,0,Hard,Weak
S173,Big Data,MapReduce,0.5,66.5,74.4,5,11.9,18,7,Hard,Weak
S118,Big Data,Spark,3.3,69.3,72.2,4,7.7,15,7,Easy,Strong
S460,Cyber Security,Web Security,1.1,63.1,65.4,1,13.1,15,7,Medium,Weak
S072,Web Technology,React,1.2,86.8,67.2,4,8.1,20,0,Hard,Average
S225,DBMS,Indexing,1.5,94.4,81.2,4,11.6,26,1,Medium,Strong
S220,AI,Search Algorithms,1.8,73.5,57.0,5,11.2,20,4,Easy,Average
S051,Big Data,MapReduce,2.6,54.2,47.1,2,4.4,6,7,Easy,Weak
S300,Computer Graphics,Rendering,5.0,100.0,64.8,5,8.9,15,1,Medium,Strong
S220,Big Data,Spark,3.9,100.0,83.9,3,13.5,17,1,Medium,Strong
S128,Data Structures,Graphs,5.0,89.1,72.5,1,11.2,1,4,Easy,Strong
S066,Cloud Computing,Cloud Storage,2.8,100.0,76.3,3,13.0,3,1,Easy,Strong
S013,Software Engineering,Software Testing,3.7,95.6,63.3,5,4.8,2,3,Easy,Strong
S077,OS,Deadlock,3.7,94.3,78.2,2,13.7,5,1,Hard,Strong
S350,Data Structures,Graphs,2.2,33.2,47.8,1,11.9,30,7,Medium,Weak
S070,Software Engineering,SDLC,1.0,50.2,47.4,5,13.6,26,4,Easy,Weak
S197,Data Structures,Linked Lists,2.1,100.0,91.1,2,6.8,9,0,Medium,Strong
S087,Web Technology,JavaScript,1.3,20.3,40.8,1,10.0,7,7,Medium,Weak
S487,Cyber Security,Authentication,3.7,67.8,54.9,3,14.6,23,6,Medium,Average
S056,Data Mining,Data Preprocessing,1.2,37.3,45.8,4,8.3,16,5,Medium,Weak
S003,AI,Knowledge Representation,1.7,58.1,44.0,5,4.1,4,0,Hard,Weak
S064,DBMS,Indexing,3.0,66.1,63.5,1,10.4,11,0,Easy,Average
S226,DBMS,Transactions,1.5,66.4,52.2,3,7.7,10,0,Medium,Strong
S145,Software Engineering,Agile,3.2,78.8,60.3,5,4.9,30,2,Hard,Strong
S377,Cloud Computing,Cloud Storage,1.4,53.4,43.9,4,9.9,9,2,Hard,Weak
S288,OS,File Systems,2.6,94.9,62.3,3,13.2,27,1,Easy,Strong
S214,OS,Deadlock,0.9,61.2,67.3,3,10.0,4,5,Hard,Weak
S143,AI,Machine Learning,2.0,98.1,77.6,5,14.5,14,3,Medium,Strong
S149,Data Mining,Clustering,3.1,69.6,57.5,3,12.3,2,2,Easy,Average
S162,AI,Search Algorithms,3.8,61.5,46.2,1,3.6,4,1,Medium,Average
S396,Software Engineering,Software Testing,3.3,73.4,51.0,3,14.9,5,2,Easy,Average
S437,DBMS,Normalization,3.8,77.3,53.8,4,11.1,21,1,Medium,Average
S201,Cyber Security,Cryptography,4.9,80.5,58.7,1,12.8,18,1,Medium,Strong
S270,Software Engineering,SDLC,1.1,88.7,72.6,5,6.0,25,0,Medium,Strong
S419,DBMS,SQL,1.3,51.9,52.2,3,11.7,1,7,Hard,Weak
S344,Data Mining,Data Preprocessing,3.5,100.0,61.3,3,7.5,9,0,Medium,Strong
S376,Big Data,Hadoop,2.3,71.4,72.1,4,11.0,22,7,Hard,Average
S123,Big Data,Hadoop,3.0,71.2,66.6,3,6.0,2,7,Hard,Average
S021,Software Engineering,Agile,2.8,75.4,65.5,3,12.2,28,6,Medium,Average
S219,Software Engineering,Software Design,1.1,82.5,67.0,5,12.7,8,0,Hard,Average
S278,Cloud Computing,Load Balancing,3.1,66.3,56.1,4,10.6,24,6,Hard,Weak
S119,Data Structures,Arrays,3.8,100.0,70.1,4,14.5,18,1,Easy,Strong
S447,Computer Graphics,Rendering,1.2,85.3,72.9,5,5.3,7,0,Medium,Strong
S294,DBMS,SQL,2.9,73.1,61.8,5,9.5,20,7,Easy,Average
S429,Data Structures,Trees,0.8,65.2,55.0,1,11.6,9,0,Medium,Average
S490,Web Technology,JavaScript,1.8,53.9,49.3,3,3.7,26,2,Medium,Average
S144,Data Structures,Trees,3.9,100.0,92.1,2,13.6,17,0,Medium,Strong
S245,Data Structures,Linked Lists,1.3,72.7,63.3,5,5.6,26,3,Medium,Average
S333,OS,Deadlock,0.9,40.8,40.9,4,13.6,27,6,Medium,Weak
S214,Web Technology,React,4.9,90.7,65.8,4,12.2,15,0,Easy,Strong
S012,Data Mining,Clustering,1.6,69.5,41.9,4,5.3,9,0,Hard,Average
S383,Web Technology,JavaScript,1.3,84.9,61.8,5,7.0,27,4,Hard,Average
S154,AI,Search Algorithms,3.7,91.2,62.9,5,10.8,26,1,Medium,Strong
S480,Software Engineering,Agile,2.2,84.1,67.3,4,8.6,8,0,Easy,Average
S289,Computer Networks,Transport Layer,1.9,65.5,68.7,1,10.9,25,7,Easy,Weak
S422,Computer Graphics,Curves,4.1,87.2,70.3,3,13.6,16,0,Hard,Strong
S199,Software Engineering,SDLC,4.8,98.9,63.6,4,6.8,27,1,Hard,Strong
S124,Computer Graphics,3D Transformation,0.5,90.0,76.4,5,9.5,28,1,Medium,Average
S451,Big Data,Hadoop,1.6,50.2,55.9,5,9.2,12,5,Medium,Weak
S358,Computer Networks,Network Security,2.8,89.5,72.2,5,6.7,17,2,Easy,Strong
S285,Cloud Computing,Load Balancing,1.5,91.7,71.2,5,13.1,20,0,Hard,Average
S158,Cloud Computing,Load Balancing,2.1,50.1,43.6,4,9.1,20,4,Easy,Average
S367,DBMS,SQL,4.2,80.5,58.9,5,9.6,12,7,Medium,Average
S391,AI,Search Algorithms,3.4,43.7,45.0,1,3.7,1,5,Medium,Weak
S109,Cyber Security,Cryptography,4.5,77.2,67.5,3,5.8,27,6,Medium,Strong
S242,Computer Networks,TCP/IP,1.3,66.8,77.4,1,13.3,17,4,Medium,Weak
S252,Computer Networks,Network Security,3.6,87.4,68.0,5,12.5,13,7,Medium,Strong
S206,Software Engineering,Software Design,2.4,80.0,69.3,5,8.4,29,4,Medium,Average
S135,OS,File Systems,2.0,36.7,47.6,1,4.2,10,6,Easy,Weak
S480,Computer Networks,Routing,2.4,100.0,79.4,5,5.2,13,2,Medium,Strong
S298,Computer Graphics,3D Transformation,1.5,51.1,31.4,2,11.8,12,3,Medium,Weak
S367,OS,Memory Management,2.7,60.9,47.2,4,13.6,17,3,Medium,Weak
S232,Cloud Computing,Cloud Storage,4.3,84.5,64.4,3,14.6,19,3,Medium,Strong
S230,Data Structures,Arrays,2.8,55.6,40.7,4,7.8,28,4,Medium,Average
S050,Data Structures,Arrays,3.7,100.0,75.7,2,9.1,5,0,Medium,Strong
S073,Computer Graphics,3D Transformation,2.9,82.0,68.3,5,13.2,21,7,Easy,Weak
S283,Computer Networks,Network Security,1.5,37.0,41.9,2,12.5,22,6,Medium,Weak
S420,OS,Process Scheduling,1.3,36.1,41.9,1,12.4,15,6,Medium,Weak
S210,Data Mining,Classification,2.5,64.1,60.8,5,12.7,29,7,Medium,Weak
S198,OS,File Systems,1.6,30.8,34.3,2,14.5,22,5,Medium,Weak
S417,Data Mining,Association Rules,4.7,76.0,62.1,3,6.6,25,7,Medium,Average
S050,AI,Search Algorithms,0.8,71.0,66.5,4,9.9,19,3,Hard,Average
S373,Software Engineering,Agile,3.6,55.1,56.2,2,4.8,5,5,Medium,Weak
S404,Big Data,Hadoop,4.6,100.0,80.0,3,3.1,16,3,Medium,Strong
S410,Software Engineering,SDLC,0.6,65.1,61.9,3,12.6,14,0,Hard,Average
S143,OS,File Systems,3.1,80.9,64.4,4,8.9,11,2,Hard,Average
S294,AI,Knowledge Representation,1.6,58.1,50.9,1,13.1,5,3,Hard,Weak
S246,Data Structures,Arrays,4.2,65.2,49.3,3,10.5,29,6,Medium,Average
S373,OS,Deadlock,3.0,77.2,60.4,5,8.9,26,3,Medium,Strong
S409,Data Mining,Association Rules,3.2,100.0,79.0,5,3.7,19,3,Easy,Strong
S166,Web Technology,Node.js,0.9,54.3,65.5,3,5.4,16,7,Medium,Weak
S042,OS,Process Scheduling,1.6,33.3,40.7,1,7.6,4,5,Easy,Weak
S020,Data Mining,Data Preprocessing,1.0,61.5,59.5,2,7.6,13,5,Hard,Weak
S366,DBMS,Normalization,3.2,87.4,68.8,2,13.5,25,1,Medium,Strong
S154,Web Technology,React,2.1,80.1,70.8,2,14.0,27,1,Medium,Average
S413,AI,Machine Learning,1.0,80.2,59.3,2,3.5,22,0,Easy,Average
S429,Cloud Computing,Load Balancing,1.9,66.4,54.1,5,11.6,15,0,Medium,Strong
S086,Web Technology,JavaScript,3.2,100.0,74.6,4,12.4,21,3,Medium,Strong
S115,DBMS,SQL,4.4,75.3,66.2,1,8.2,29,5,Medium,Average
S453,Cyber Security,Authentication,3.3,79.1,61.0,1,10.7,14,2,Easy,Average
S142,Software Engineering,Software Testing,4.3,82.2,56.8,5,13.8,9,4,Medium,Strong
S018,Cyber Security,Cryptography,1.2,54.1,44.6,4,4.8,5,4,Medium,Average
S100,Software Engineering,Software Design,3.5,85.9,65.8,4,9.3,22,0,Medium,Strong
S177,Cloud Computing,Cloud Security,2.5,54.4,51.2,2,10.4,13,0,Easy,Average
S294,DBMS,Normalization,1.9,69.9,49.7,5,3.6,9,6,Easy,Average
S042,Web Technology,HTML/CSS,2.5,67.9,65.1,1,9.0,10,2,Medium,Strong
S154,Cyber Security,Cryptography,4.8,65.4,49.1,2,8.5,29,5,Easy,Average
S020,Big Data,Spark,2.4,100.0,86.5,3,4.2,4,1,Medium,Strong
S264,Data Structures,Arrays,3.7,79.5,60.2,4,12.6,28,2,Easy,Strong
S124,OS,File Systems,4.1,76.9,54.7,1,6.1,26,1,Easy,Average
S331,Cyber Security,Authentication,0.6,62.8,54.6,5,9.8,21,3,Medium,Weak
S300,Cloud Computing,Virtualization,4.0,85.8,84.2,1,9.7,28,1,Easy,Strong
S498,OS,Memory Management,2.7,97.9,75.6,5,11.0,9,1,Hard,Strong
S299,Cloud Computing,Cloud Security,3.4,94.6,66.2,4,12.2,14,1,Medium,Strong
S496,DBMS,Indexing,4.3,87.5,60.3,1,5.0,12,2,Medium,Strong
S295,Computer Networks,TCP/IP,1.0,60.3,54.2,4,11.7,29,4,Hard,Weak
S217,Cyber Security,Web Security,4.0,73.6,61.1,3,5.1,2,5,Hard,Strong
S358,Computer Graphics,Curves,4.1,72.1,52.4,2,4.2,9,5,Easy,Average
S045,Web Technology,JavaScript,1.3,47.3,49.2,2,3.6,17,3,Easy,Weak
S424,AI,Search Algorithms,1.8,95.2,69.6,4,8.2,4,0,Medium,Average
S251,OS,Process Scheduling,3.2,39.9,31.2,3,14.6,3,5,Medium,Weak
S071,Big Data,Spark,4.4,69.9,61.5,1,11.4,11,6,Hard,Average
S006,Big Data,MapReduce,3.5,77.1,60.3,1,11.2,10,3,Easy,Average
S262,Web Technology,HTML/CSS,3.8,95.1,52.8,3,14.1,22,1,Easy,Strong
S111,OS,Memory Management,1.8,83.1,74.2,4,12.1,4,0,Hard,Strong
S089,Big Data,Spark,2.6,70.0,63.3,2,14.8,1,4,Hard,Average
S165,Cyber Security,Network Security,4.2,100.0,72.5,5,13.0,25,0,Medium,Strong
S445,Software Engineering,Software Testing,0.6,87.4,65.6,5,12.8,26,0,Hard,Average
S139,Computer Networks,Routing,1.7,55.7,53.0,2,6.2,29,7,Hard,Weak
S301,Computer Graphics,Rendering,4.8,59.6,37.5,1,6.5,13,0,Hard,Average
S244,Web Technology,JavaScript,3.0,100.0,90.3,4,3.3,15,2,Medium,Strong
S321,Data Mining,Clustering,1.6,69.1,60.1,4,11.1,29,4,Hard,Weak
S103,DBMS,Indexing,4.4,66.2,49.2,1,4.5,9,2,Medium,Average
S402,Cyber Security,Cryptography,4.3,95.4,79.0,3,4.7,25,4,Easy,Strong
S332,AI,Expert Systems,4.5,100.0,77.1,4,13.4,24,1,Medium,Strong
S337,Computer Graphics,2D Transformation,4.8,51.0,38.5,2,5.8,4,7,Medium,Weak
S127,AI,Expert Systems,4.7,98.4,70.2,3,3.9,26,2,Easy,Strong
S187,AI,Expert Systems,0.6,53.6,56.6,3,4.6,28,1,Hard,Weak
S252,Data Structures,Graphs,0.9,43.3,43.3,4,13.6,5,4,Medium,Weak
S234,Cyber Security,Authentication,4.8,68.6,44.7,1,13.1,7,2,Medium,Average
S228,Cyber Security,Cryptography,3.6,57.9,45.9,2,14.4,16,3,Medium,Average
S067,Software Engineering,Software Testing,1.1,74.8,61.1,2,3.8,10,2,Medium,Average
S240,Computer Graphics,2D Transformation,3.5,95.5,78.7,4,11.4,12,0,Hard,Strong
S186,Cloud Computing,Cloud Storage,3.8,87.2,68.6,2,8.3,24,4,Easy,Average
S254,Computer Networks,TCP/IP,4.5,100.0,79.9,4,7.2,25,0,Medium,Strong
S322,OS,File Systems,1.9,45.5,46.3,1,9.5,14,6,Easy,Weak
S212,Computer Graphics,Curves,4.9,100.0,72.3,5,6.8,24,1,Medium,Strong
S150,Data Mining,Classification,4.3,62.1,52.4,1,11.6,9,4,Easy,Average
S145,AI,Machine Learning,4.6,92.0,73.4,2,11.4,17,7,Easy,Strong
S255,Software Engineering,SDLC,0.7,70.6,60.9,3,10.0,5,1,Easy,Average
S398,Web Technology,React,1.1,37.4,37.6,1,10.9,2,7,Medium,Weak
S225,Data Mining,Association Rules,1.5,48.5,48.9,3,12.5,15,7,Medium,Weak
S446,OS,Deadlock,1.2,61.3,56.3,5,13.8,8,3,Medium,Average
S134,Computer Networks,TCP/IP,2.2,57.8,34.5,2,13.3,11,1,Easy,Weak
S221,Big Data,MapReduce,4.9,100.0,67.4,3,13.8,6,3,Easy,Strong
S249,Computer Graphics,3D Transformation,3.6,73.4,57.7,3,3.1,3,3,Medium,Average
S075,Data Structures,Graphs,3.8,81.4,66.2,3,8.5,8,2,Easy,Strong
S484,Cloud Computing,Virtualization,4.5,58.8,57.8,2,6.9,4,7,Easy,Average
S472,Data Structures,Linked Lists,4.0,57.8,52.2,2,4.7,7,6,Medium,Average
S382,Data Mining,Classification,3.4,87.4,53.2,4,14.8,22,0,Medium,Average
S002,Computer Graphics,3D Transformation,4.7,92.9,67.4,3,14.5,19,1,Medium,Strong
S339,OS,Deadlock,1.6,59.2,57.9,4,3.9,15,6,Medium,Weak
S385,Web Technology,HTML/CSS,4.6,66.4,55.2,1,3.1,28,5,Medium,Weak
S288,OS,Memory Management,2.2,22.7,34.5,1,11.8,22,7,Medium,Weak
S338,Data Mining,Data Preprocessing,3.3,94.5,66.9,5,3.1,23,2,Hard,Strong
S141,Computer Graphics,Curves,4.5,93.4,72.5,1,13.2,10,1,Medium,Strong
S035,Web Technology,JavaScript,4.0,48.5,39.3,3,7.0,28,7,Medium,Average
S381,OS,Deadlock,1.0,75.2,62.7,4,8.0,5,3,Easy,Average
S293,Cyber Security,Web Security,0.9,54.3,47.8,1,7.3,8,2,Medium,Weak
S396,Computer Graphics,Curves,2.5,35.4,47.3,4,11.9,4,7,Easy,Weak
S336,Computer Networks,Network Security,2.3,47.7,53.4,1,13.3,19,7,Medium,Weak
S405,OS,Memory Management,1.5,83.8,82.9,2,5.1,28,2,Medium,Average
S267,Software Engineering,Software Testing,2.9,100.0,95.5,5,6.9,30,5,Medium,Strong
S394,Computer Graphics,3D Transformation,2.4,44.6,53.8,1,4.3,28,7,Medium,Weak
S138,Cyber Security,Network Security,2.5,62.9,48.0,3,14.3,20,1,Hard,Average
S014,Cyber Security,Web Security,1.4,34.8,41.4,2,4.3,25,6,Hard,Weak
S062,Big Data,MapReduce,1.2,87.7,73.1,3,4.0,2,2,Easy,Average
S089,Data Structures,Trees,3.4,83.8,49.9,4,14.1,29,3,Medium,Average
S209,Software Engineering,SDLC,2.8,80.0,71.4,3,13.1,20,5,Medium,Average
S430,DBMS,Normalization,4.2,92.5,56.6,2,6.9,30,1,Easy,Average
S010,Cyber Security,Network Security,2.0,35.9,43.0,5,3.0,16,7,Medium,Weak
S459,Computer Networks,TCP/IP,1.3,28.3,43.6,1,8.7,3,7,Easy,Weak
S005,Computer Networks,Routing,3.1,51.9,58.9,1,8.2,19,7,Medium,Weak
S103,Cloud Computing,Cloud Storage,3.3,100.0,78.7,4,5.8,25,1,Hard,Strong
S001,Cyber Security,Cryptography,2.8,79.3,59.9,2,3.4,4,2,Easy,Average
S149,Cyber Security,Network Security,2.3,77.0,71.4,1,6.6,9,3,Hard,Strong
S118,AI,Expert Systems,3.0,49.7,45.8,2,12.6,25,4,Easy,Weak
S192,Web Technology,React,1.5,65.2,56.7,4,3.1,10,1,Medium,Average
S168,Computer Networks,Network Security,0.7,69.1,62.7,1,14.6,29,0,Medium,Weak
S388,Computer Graphics,Curves,2.6,87.0,64.0,5,13.2,17,2,Medium,Strong
S243,Data Mining,Classification,0.5,61.3,59.3,1,3.5,25,2,Medium,Weak
S194,Cloud Computing,Cloud Storage,0.5,63.0,63.8,5,3.5,12,5,Medium,Weak
S077,Cloud Computing,Cloud Security,1.0,17.2,27.7,1,7.1,10,6,Medium,Weak
S376,Cyber Security,Network Security,1.7,46.6,42.8,2,13.2,27,6,Medium,Weak
S218,Data Structures,Linked Lists,4.5,91.4,71.5,2,5.7,24,2,Hard,Strong
S096,Big Data,MapReduce,3.5,65.3,46.1,2,12.5,10,0,Hard,Average
S213,Computer Networks,Transport Layer,4.6,86.2,55.9,5,4.3,8,2,Easy,Strong
S337,Computer Graphics,2D Transformation,1.6,47.1,42.7,1,3.2,23,4,Hard,Weak
S312,Cyber Security,Web Security,3.3,79.6,67.1,3,7.3,29,7,Easy,Weak
S393,Software Engineering,Software Design,0.9,25.5,32.1,1,7.0,28,1,Medium,Weak
S318,Big Data,Spark,3.1,53.3,55.5,2,6.8,7,4,Medium,Average
S187,OS,File Systems,2.3,46.1,38.3,1,12.8,2,0,Easy,Weak
S314,AI,Search Algorithms,4.2,64.1,63.1,1,10.1,23,4,Hard,Average
S010,Computer Networks,TCP/IP,1.2,50.1,49.9,1,9.0,15,3,Easy,Weak
S114,Data Structures,Graphs,1.3,72.7,68.8,5,5.9,19,5,Medium,Average
S271,Data Structures,Trees,0.5,48.9,54.4,3,11.3,15,2,Hard,Weak
S305,DBMS,Indexing,1.4,92.4,78.2,5,14.8,20,1,Hard,Average
S472,Computer Networks,Transport Layer,3.9,70.8,61.9,2,7.6,26,5,Medium,Average
S278,OS,Process Scheduling,3.6,58.7,33.7,1,10.0,1,3,Easy,Average
S302,Cloud Computing,Virtualization,2.5,92.3,70.6,4,9.1,18,1,Hard,Strong
S293,AI,Machine Learning,0.6,54.8,39.3,2,9.5,7,1,Easy,Weak
S349,Data Structures,Trees,4.0,71.9,65.1,1,13.0,28,5,Hard,Weak
S050,Cloud Computing,Cloud Security,3.9,81.2,68.4,2,10.0,1,6,Hard,Average
S001,Cyber Security,Cryptography,1.9,90.8,75.0,5,7.4,12,0,Medium,Strong
S460,Web Technology,HTML/CSS,4.9,77.5,65.6,4,13.7,11,6,Easy,Strong
S029,Computer Networks,Routing,4.2,53.8,42.8,2,8.3,21,5,Medium,Weak
S189,Big Data,Hadoop,1.9,67.4,69.2,2,13.6,22,2,Easy,Average
S228,Big Data,Spark,0.7,57.6,47.7,4,11.2,9,3,Easy,Weak
S063,Web Technology,JavaScript,2.2,74.3,60.0,3,5.8,17,3,Easy,Strong
S294,Software Engineering,SDLC,2.3,75.6,66.4,4,13.8,4,3,Hard,Average
S331,Cyber Security,Web Security,1.3,65.9,45.2,1,4.3,17,4,Easy,Average
S038,Data Structures,Arrays,2.8,59.0,49.8,4,4.4,7,7,Hard,Average
S175,Cyber Security,Cryptography,3.2,64.3,60.0,5,11.6,5,7,Medium,Average
S292,Web Technology,React,2.9,73.5,47.9,1,14.9,6,1,Medium,Average
S059,DBMS,Indexing,0.9,30.5,32.0,3,4.4,29,6,Hard,Weak
S189,OS,Process Scheduling,0.9,45.9,47.8,3,6.1,11,7,Easy,Weak
S413,OS,Process Scheduling,4.3,90.8,69.4,2,3.3,14,1,Easy,Strong
S206,Web Technology,JavaScript,2.9,73.1,60.3,1,8.0,16,2,Medium,Weak
S132,Big Data,MapReduce,1.2,68.0,57.2,3,8.1,25,6,Hard,Weak
S081,Data Structures,Linked Lists,1.1,28.9,34.4,1,10.6,11,4,Easy,Weak
S497,DBMS,SQL,2.6,66.7,52.3,4,12.2,9,2,Easy,Average
S182,DBMS,SQL,1.1,40.7,51.9,4,6.2,30,3,Easy,Average
S223,Cloud Computing,Cloud Security,1.1,36.5,41.6,5,14.3,20,7,Medium,Weak
S106,Web Technology,JavaScript,1.6,60.6,65.8,2,14.6,24,6,Easy,Weak
S011,Computer Graphics,2D Transformation,1.3,31.8,40.9,1,8.3,23,5,Medium,Weak
S043,Data Structures,Linked Lists,1.5,70.2,61.1,1,11.5,17,2,Hard,Weak
S374,Computer Networks,Network Security,0.6,33.4,40.8,2,4.2,26,7,Easy,Weak
S066,Cyber Security,Web Security,3.7,47.1,39.2,5,12.5,26,4,Medium,Average
S105,OS,Memory Management,1.0,47.7,51.2,2,5.9,6,5,Medium,Weak
S341,OS,Deadlock,1.5,39.3,34.4,5,12.7,21,7,Easy,Weak
S405,Web Technology,JavaScript,2.3,67.8,55.2,5,4.6,3,2,Medium,Strong
S095,Data Mining,Association Rules,3.2,77.9,64.7,3,10.8,24,6,Medium,Average
S030,Web Technology,HTML/CSS,1.4,58.6,66.6,4,4.1,13,7,Easy,Weak
S415,Data Structures,Trees,2.5,90.1,54.9,2,7.1,27,2,Easy,Average
S108,Big Data,HDFS,4.3,54.6,39.7,2,14.2,28,3,Medium,Weak
S365,Cloud Computing,Virtualization,3.6,86.9,58.6,2,7.6,4,0,Hard,Strong
S057,Computer Networks,Routing,3.3,85.0,64.6,3,6.3,23,1,Hard,Strong
S398,Software Engineering,Software Testing,3.2,96.9,81.8,2,7.7,3,1,Easy,Strong
S473,Data Mining,Data Preprocessing,2.2,67.5,59.2,1,6.6,14,3,Hard,Average
S215,Computer Networks,Routing,2.9,79.5,61.8,2,12.1,4,3,Easy,Average
S230,DBMS,SQL,0.5,59.2,60.1,3,8.6,15,3,Medium,Weak
S272,Cyber Security,Web Security,3.6,71.4,60.7,4,11.0,18,6,Hard,Average
S233,Data Mining,Classification,4.4,70.2,55.7,4,7.8,9,5,Easy,Strong
S037,Cloud Computing,Virtualization,0.8,45.3,48.3,1,11.1,5,4,Hard,Weak
S347,Computer Networks,Routing,5.0,85.2,53.2,5,7.9,19,5,Medium,Strong
S143,DBMS,Normalization,4.0,100.0,81.1,1,4.0,20,1,Medium,Strong
S421,Computer Networks,Transport Layer,1.8,67.5,49.2,5,11.0,19,1,Easy,Average
S045,Cloud Computing,Virtualization,4.7,71.9,63.0,1,8.1,24,6,Hard,Weak
S323,Big Data,Spark,2.6,58.6,42.0,4,6.1,21,6,Medium,Weak
S153,AI,Search Algorithms,1.9,83.0,68.9,5,7.3,4,5,Medium,Average
S058,Cloud Computing,Virtualization,0.9,17.7,28.7,4,11.2,1,7,Easy,Weak
S240,Data Structures,Trees,3.4,71.3,58.6,3,6.2,30,4,Easy,Strong
S321,Cloud Computing,Virtualization,3.8,75.1,61.3,4,3.1,24,3,Easy,Strong
S272,Software Engineering,Agile,1.3,54.9,54.6,1,6.2,22,2,Medium,Weak
S367,AI,Machine Learning,3.5,93.0,64.2,5,6.4,23,4,Easy,Average
S334,Data Mining,Data Preprocessing,1.3,37.5,41.6,2,9.9,1,7,Easy,Weak
S402,Computer Networks,Routing,3.8,50.3,47.7,4,4.8,1,7,Medium,Average
S152,Cloud Computing,Load Balancing,2.3,76.4,63.1,1,4.8,2,2,Easy,Weak
S130,Data Mining,Association Rules,4.3,76.4,59.0,3,7.3,11,3,Medium,Strong
S293,Cloud Computing,Load Balancing,2.7,71.9,74.8,1,12.5,27,4,Easy,Average
S296,Cloud Computing,Virtualization,3.5,78.7,51.9,3,8.3,22,5,Hard,Average
S043,Computer Networks,Routing,1.9,48.0,44.8,3,13.9,2,2,Hard,Weak
S192,Data Structures,Linked Lists,4.9,100.0,79.2,2,10.3,3,3,Medium,Strong
S400,Big Data,Spark,4.9,61.5,42.9,5,5.6,1,5,Easy,Average
S178,OS,File Systems,1.2,64.1,57.5,2,4.2,6,3,Easy,Weak
S471,Computer Graphics,2D Transformation,4.9,82.6,61.0,2,12.0,22,2,Medium,Strong
S123,Software Engineering,SDLC,1.2,66.3,56.4,3,5.1,24,2,Medium,Weak
S427,Big Data,HDFS,4.1,95.5,58.1,5,9.5,12,1,Medium,Strong
S253,Software Engineering,SDLC,3.3,75.5,64.1,4,10.7,18,7,Easy,Average
S350,OS,File Systems,3.7,82.6,62.9,4,9.8,27,2,Medium,Average
S184,Cloud Computing,Cloud Security,4.0,77.2,44.5,5,13.3,23,0,Easy,Strong
S028,Big Data,HDFS,4.0,56.9,48.2,1,9.3,7,6,Medium,Weak
S385,DBMS,SQL,4.6,100.0,78.2,2,14.0,4,0,Medium,Strong
S306,Data Mining,Association Rules,0.9,20.4,25.6,2,3.9,15,7,Easy,Weak
S425,DBMS,SQL,2.6,51.0,48.7,3,12.1,8,2,Easy,Average
S447,Data Structures,Linked Lists,3.0,86.8,66.9,5,5.2,10,2,Hard,Strong
S290,Data Mining,Association Rules,1.4,60.8,55.1,1,4.6,25,6,Easy,Weak
S463,Cyber Security,Cryptography,4.9,100.0,90.3,2,5.9,25,2,Medium,Strong
S292,Data Structures,Linked Lists,4.4,86.8,63.0,2,3.7,14,1,Easy,Strong
S368,DBMS,Indexing,0.5,47.0,44.6,1,12.0,23,3,Hard,Weak
S146,Cloud Computing,Virtualization,4.4,66.9,47.9,1,12.8,24,1,Hard,Average
S472,Data Mining,Data Preprocessing,0.8,78.2,47.2,3,5.2,7,0,Medium,Average
S411,Web Technology,React,4.3,97.3,73.8,4,11.3,21,0,Hard,Strong
S295,Data Structures,Trees,3.2,54.1,57.6,4,9.1,15,5,Medium,Average
S109,Data Structures,Trees,1.6,36.6,52.5,2,9.6,25,7,Hard,Weak
S337,DBMS,Indexing,3.2,70.4,55.8,2,6.6,13,4,Hard,Strong
S090,Data Mining,Clustering,2.5,74.1,63.8,3,10.6,3,1,Easy,Average
S266,Computer Graphics,Curves,1.3,50.7,51.5,1,12.1,28,1,Hard,Weak
S153,Software Engineering,Software Testing,4.4,96.8,66.4,3,4.1,18,5,Medium,Strong
S422,OS,Deadlock,1.3,82.9,67.8,4,4.7,21,4,Medium,Average
S402,Software Engineering,Software Design,2.0,31.8,52.0,3,3.6,30,7,Easy,Weak
S499,Computer Graphics,3D Transformation,0.9,51.4,49.4,5,9.2,1,5,Hard,Average
S315,Data Mining,Clustering,0.6,39.0,31.4,2,11.1,13,4,Medium,Weak
S063,Data Mining,Clustering,0.9,91.2,75.1,4,14.0,10,1,Easy,Weak
S044,AI,Search Algorithms,1.4,55.0,63.3,2,12.3,27,6,Medium,Weak
S097,Cyber Security,Cryptography,1.4,84.2,61.8,3,6.2,14,0,Medium,Average
S345,Big Data,Hadoop,3.9,57.3,53.1,1,12.5,6,4,Medium,Average
S457,Software Engineering,Software Testing,3.0,53.2,45.1,2,5.5,22,4,Hard,Weak
S192,Big Data,HDFS,0.9,65.3,63.0,2,3.5,6,0,Hard,Weak
S351,Big Data,HDFS,2.4,99.3,71.1,1,8.0,28,1,Medium,Strong
S470,Cyber Security,Authentication,3.9,65.0,49.2,4,8.6,28,3,Easy,Average
S379,Big Data,Spark,3.1,58.6,50.3,3,14.7,20,5,Medium,Average
S405,Data Mining,Data Preprocessing,2.6,55.4,58.8,4,5.9,19,2,Medium,Average
S345,AI,Expert Systems,0.9,43.7,51.9,1,4.4,17,7,Hard,Weak
S199,AI,Knowledge Representation,3.2,66.1,49.7,4,9.9,13,6,Hard,Average
S010,Web Technology,Node.js,0.7,69.6,62.4,5,8.5,16,2,Medium,Weak
S217,Cyber Security,Authentication,2.4,55.1,56.5,1,3.9,21,7,Hard,Average
S498,Web Technology,React,2.4,50.8,46.7,2,10.9,17,3,Hard,Weak
S459,Data Mining,Clustering,3.7,87.4,71.7,5,3.2,19,5,Easy,Average
S323,Cloud Computing,Cloud Storage,1.4,60.9,63.3,2,10.5,2,5,Medium,Weak
S424,Software Engineering,SDLC,1.9,100.0,85.1,4,7.5,10,2,Medium,Average
S186,Software Engineering,Software Design,0.8,59.7,60.5,2,5.8,28,2,Medium,Weak
S259,AI,Machine Learning,2.9,93.5,74.0,5,10.2,2,2,Medium,Strong
S383,Computer Graphics,Rendering,3.7,100.0,82.8,4,5.1,10,3,Medium,Strong
S042,Software Engineering,Software Design,2.0,70.2,53.5,3,3.2,20,5,Hard,Weak
S133,Software Engineering,SDLC,3.4,66.7,58.2,1,8.1,5,3,Hard,Average
S158,AI,Expert Systems,4.3,70.4,51.6,5,5.4,1,5,Medium,Strong
S471,Computer Graphics,Rendering,1.7,42.6,25.4,1,12.3,18,1,Hard,Weak
S181,Web Technology,Node.js,0.7,66.1,51.6,4,11.9,15,0,Easy,Average
S228,Web Technology,Node.js,2.3,77.1,63.0,3,3.0,25,4,Easy,Weak
S134,AI,Expert Systems,1.7,87.5,68.5,5,12.5,27,7,Easy,Weak
S282,AI,Knowledge Representation,3.7,100.0,92.4,2,4.1,5,5,Hard,Strong
S251,Data Structures,Trees,4.6,53.4,48.9,3,13.6,1,6,Medium,Average
S458,Data Structures,Graphs,1.7,73.5,65.7,3,14.6,21,1,Hard,Average
S186,Data Mining,Association Rules,2.4,55.3,49.0,3,8.6,6,6,Medium,Weak
S136,AI,Knowledge Representation,1.7,98.6,74.9,5,11.3,30,5,Medium,Strong
S114,Software Engineering,Software Testing,0.7,60.1,60.2,4,4.8,8,2,Medium,Weak
S330,Computer Graphics,Rendering,3.2,77.9,63.3,5,3.1,8,1,Medium,Strong
S217,Computer Networks,Routing,4.6,99.0,64.4,5,9.6,19,2,Medium,Strong
S320,Software Engineering,SDLC,3.8,76.0,54.6,5,7.6,20,7,Easy,Strong
S353,OS,Process Scheduling,4.9,95.0,77.7,2,8.1,30,3,Easy,Strong
S072,DBMS,Indexing,3.0,78.1,56.2,3,11.4,14,1,Easy,Strong
S130,Cloud Computing,Cloud Security,3.1,78.2,62.3,3,13.3,22,2,Medium,Average
S243,Web Technology,React,3.3,86.1,75.5,5,6.8,23,7,Easy,Average
S154,OS,Process Scheduling,3.4,83.0,58.5,2,13.9,30,1,Medium,Average
S439,Data Mining,Clustering,2.7,34.6,28.6,2,5.9,14,1,Medium,Weak
S437,Computer Networks,Routing,3.4,59.5,47.3,5,8.8,25,5,Easy,Strong
S068,DBMS,Normalization,2.4,70.0,67.3,4,9.3,14,2,Medium,Average
S416,Computer Networks,TCP/IP,4.0,52.3,44.8,1,7.4,28,4,Hard,Average
S237,Data Mining,Association Rules,4.2,57.1,57.9,2,14.9,1,7,Easy,Average
S442,AI,Machine Learning,4.2,90.5,61.3,3,13.5,10,0,Hard,Strong
S047,Cloud Computing,Cloud Security,1.2,100.0,83.2,4,12.6,1,0,Easy,Average
S225,Cloud Computing,Virtualization,1.5,57.4,56.4,1,3.5,20,1,Medium,Average
S080,Data Mining,Data Preprocessing,1.4,62.1,54.2,3,3.1,19,2,Medium,Weak
S130,Web Technology,JavaScript,2.7,51.6,53.4,5,7.3,17,7,Easy,Weak
S214,Data Mining,Clustering,4.7,78.9,75.2,2,13.7,4,5,Medium,Strong
S373,Software Engineering,Agile,1.0,67.7,52.5,2,12.7,11,3,Easy,Weak
S173,Computer Graphics,Curves,4.2,100.0,86.2,3,8.9,20,0,Medium,Strong
S363,Software Engineering,SDLC,2.2,60.7,60.1,2,4.1,6,3,Medium,Average
S384,Big Data,Hadoop,2.9,81.4,86.9,2,12.4,10,4,Medium,Average
S058,Cloud Computing,Cloud Security,1.8,84.4,67.7,1,4.9,18,1,Hard,Average
S319,Software Engineering,Agile,2.6,56.4,54.2,1,11.2,12,3,Medium,Weak
S449,DBMS,Transactions,2.8,65.1,51.3,4,3.2,29,4,Easy,Average
S429,Big Data,MapReduce,2.8,87.9,61.6,3,4.9,13,2,Medium,Average
S334,Computer Networks,Transport Layer,0.5,53.3,57.3,3,8.3,15,4,Medium,Weak
S074,Big Data,Hadoop,4.8,90.6,64.7,2,13.4,14,3,Hard,Strong
S135,AI,Search Algorithms,3.7,69.8,51.5,4,9.0,17,2,Medium,Average
S081,Computer Graphics,Curves,2.1,66.3,48.9,1,12.2,19,0,Medium,Weak
S115,Data Structures,Trees,3.5,59.6,63.3,5,13.0,9,7,Medium,Weak
S099,Cyber Security,Authentication,2.9,61.4,40.9,2,11.5,26,1,Easy,Average
S172,Software Engineering,Agile,4.9,100.0,74.3,4,14.0,8,4,Hard,Strong
S310,Computer Networks,Network Security,2.1,36.4,38.0,3,9.8,17,7,Hard,Weak
S360,AI,Search Algorithms,4.1,95.5,68.9,4,7.4,13,2,Easy,Strong
S457,Data Mining,Association Rules,1.0,67.7,72.3,2,10.4,8,5,Medium,Average
S382,Data Structures,Arrays,2.8,61.5,53.2,3,11.9,4,3,Medium,Average
S191,Cloud Computing,Cloud Security,2.3,33.0,44.9,3,4.3,3,7,Medium,Weak
S331,OS,Memory Management,2.0,47.1,47.0,3,8.9,24,7,Hard,Weak
S018,DBMS,SQL,3.1,98.0,76.4,5,5.8,30,3,Easy,Strong
S162,OS,Memory Management,4.8,93.9,64.4,4,4.2,23,0,Medium,Strong
S415,DBMS,Transactions,2.9,36.5,33.8,2,4.6,6,6,Medium,Weak
S428,Computer Graphics,Curves,3.7,56.9,48.7,3,10.2,2,7,Medium,Average
S431,AI,Knowledge Representation,2.1,26.7,27.5,2,9.9,14,5,Hard,Weak
S055,Cyber Security,Cryptography,4.0,69.1,58.8,5,12.8,1,6,Hard,Strong
S432,Web Technology,HTML/CSS,2.4,50.5,47.7,4,3.4,24,3,Easy,Average
S357,Computer Networks,Routing,2.8,75.4,56.8,2,11.5,24,1,Easy,Average
S492,Computer Networks,TCP/IP,4.6,100.0,79.2,3,12.4,18,2,Medium,Strong
S417,Data Mining,Classification,3.9,76.2,70.2,2,13.6,2,3,Medium,Average
S037,Web Technology,React,4.7,74.8,59.6,4,10.1,20,6,Medium,Strong
S422,DBMS,Transactions,4.3,90.4,57.6,5,3.9,4,5,Easy,Strong
S099,AI,Expert Systems,4.7,100.0,86.7,3,3.9,15,1,Medium,Strong
S243,Computer Networks,Routing,4.3,63.5,43.3,3,3.7,8,6,Easy,Average
S215,Software Engineering,Software Design,3.1,72.7,66.9,1,6.4,28,4,Easy,Average
S409,Software Engineering,Software Design,2.4,72.2,66.0,3,9.5,13,6,Medium,Average
S341,Computer Graphics,2D Transformation,4.8,89.5,54.5,4,8.4,18,2,Medium,Strong
S050,Software Engineering,Software Testing,4.1,100.0,78.7,4,3.4,29,1,Hard,Strong
S387,Cyber Security,Network Security,0.9,66.8,64.5,5,7.0,12,2,Easy,Average
S064,Data Mining,Data Preprocessing,3.0,78.9,48.9,5,13.2,1,5,Hard,Strong
S264,Software Engineering,Software Testing,3.1,100.0,72.5,5,10.9,16,3,Easy,Strong
S195,Web Technology,HTML/CSS,4.6,100.0,81.1,5,4.4,25,4,Medium,Strong
S341,Big Data,MapReduce,4.8,87.4,66.2,5,13.1,11,4,Easy,Strong
S199,Web Technology,Node.js,3.7,50.8,35.3,3,9.4,24,5,Easy,Weak
S464,Computer Graphics,3D Transformation,4.7,96.4,71.2,3,12.3,30,1,Medium,Strong
S227,OS,Process Scheduling,4.2,84.6,72.3,1,14.0,18,5,Easy,Average
S476,OS,Process Scheduling,2.7,61.2,51.4,2,8.8,9,7,Medium,Weak
S368,Big Data,Hadoop,4.8,76.5,61.3,2,4.2,15,3,Easy,Average
S465,Cyber Security,Network Security,4.0,98.5,72.0,3,12.3,26,1,Medium,Strong
S055,Data Mining,Clustering,2.1,70.9,59.0,5,12.9,12,3,Hard,Average
S023,Web Technology,React,0.8,64.3,64.6,5,13.6,3,6,Medium,Average
S018,Cyber Security,Network Security,2.3,94.9,63.3,4,14.8,29,0,Easy,Strong
S464,Data Structures,Arrays,3.6,61.4,43.9,3,5.3,9,4,Hard,Weak
S040,Big Data,HDFS,1.6,56.4,57.9,1,6.7,18,0,Hard,Weak
S016,AI,Expert Systems,1.2,58.4,56.3,1,12.7,28,3,Hard,Weak
S243,Web Technology,JavaScript,3.7,74.0,56.3,4,4.1,19,4,Medium,Average
S232,Computer Graphics,Rendering,4.1,50.2,44.8,2,14.4,18,6,Medium,Average
S152,Web Technology,HTML/CSS,1.6,84.1,75.2,3,13.9,19,4,Medium,Average
S337,Cyber Security,Authentication,3.2,95.1,73.5,2,6.7,9,1,Easy,Strong
S253,Computer Graphics,3D Transformation,1.8,51.6,39.8,1,10.5,18,3,Easy,Average
S072,Big Data,Hadoop,2.6,100.0,90.1,3,13.5,16,2,Hard,Strong
S252,Cloud Computing,Cloud Storage,0.7,66.9,59.8,4,14.2,10,4,Hard,Average
S379,Data Structures,Trees,1.9,60.9,53.2,3,11.9,6,2,Medium,Average
S078,Big Data,Hadoop,1.9,60.0,58.1,3,10.5,7,4,Easy,Average
S103,DBMS,Normalization,0.6,67.6,71.3,2,10.1,15,2,Easy,Average
S292,Data Structures,Arrays,5.0,71.5,48.5,3,13.9,22,4,Easy,Average
S411,OS,Process Scheduling,2.0,74.3,72.8,3,7.3,18,2,Easy,Average
S395,Computer Graphics,3D Transformation,3.4,91.0,56.2,3,11.8,19,1,Easy,Average
S065,AI,Expert Systems,4.7,96.9,63.4,3,8.2,6,3,Medium,Strong
S008,Big Data,Spark,4.6,100.0,77.3,2,9.6,26,1,Hard,Strong
S249,Computer Networks,Transport Layer,2.5,72.3,67.3,4,8.7,7,4,Medium,Average
S235,Data Structures,Trees,0.6,40.3,40.9,2,4.9,20,3,Medium,Weak
S200,Computer Graphics,3D Transformation,2.5,77.7,73.6,1,7.5,8,1,Easy,Average
S229,Computer Networks,Routing,2.3,89.1,82.2,4,6.9,5,0,Hard,Average
S297,Software Engineering,Software Design,2.5,57.4,70.0,1,3.1,24,4,Medium,Average
S429,Cyber Security,Cryptography,1.2,72.8,53.9,5,14.8,20,3,Medium,Average
S335,DBMS,Transactions,3.3,100.0,88.2,5,6.5,24,0,Easy,Strong
S143,Computer Graphics,Rendering,4.7,100.0,73.9,1,12.0,7,0,Medium,Strong
S447,Computer Networks,Transport Layer,0.7,82.5,70.0,5,3.4,12,3,Easy,Weak
S250,Cloud Computing,Load Balancing,1.1,62.2,57.1,2,4.1,11,2,Medium,Average
S402,Web Technology,HTML/CSS,3.4,72.7,47.6,2,10.3,1,0,Medium,Average
S177,Cyber Security,Web Security,1.7,79.3,63.5,2,12.3,12,0,Medium,Average
S449,Web Technology,HTML/CSS,2.5,100.0,81.4,4,9.2,24,0,Medium,Strong
S073,Data Structures,Linked Lists,4.8,100.0,88.9,5,8.9,10,4,Medium,Strong
S252,Cloud Computing,Cloud Security,4.6,77.4,44.3,2,8.6,21,0,Easy,Strong
S307,Data Mining,Clustering,3.3,64.8,52.6,1,3.1,22,1,Medium,Average
S112,AI,Expert Systems,0.6,59.4,54.1,5,13.2,20,6,Easy,Weak
S252,Computer Networks,TCP/IP,4.6,92.1,67.6,2,12.2,24,2,Hard,Average
S188,Software Engineering,Agile,2.9,60.6,51.2,3,4.3,30,2,Easy,Average
S113,Big Data,Spark,1.2,50.5,48.5,1,9.7,12,4,Hard,Weak
S364,Computer Graphics,2D Transformation,1.9,53.5,53.0,1,6.8,4,4,Hard,Average
S158,Cyber Security,Authentication,4.9,100.0,79.7,4,4.9,17,3,Medium,Strong
S217,OS,Deadlock,1.6,67.5,61.7,2,3.5,14,2,Easy,Weak
S104,Big Data,MapReduce,4.7,98.4,82.7,2,7.5,17,3,Hard,Strong
S085,Software Engineering,SDLC,2.6,96.3,78.9,2,13.4,25,0,Hard,Strong
S017,Cyber Security,Web Security,3.7,86.3,63.0,1,13.7,21,2,Easy,Average
S239,Computer Networks,TCP/IP,0.6,91.5,67.0,4,10.0,29,2,Medium,Average
S050,AI,Search Algorithms,4.4,64.5,48.0,2,6.4,12,4,Medium,Average
S037,Big Data,HDFS,3.2,30.6,19.9,2,10.9,3,7,Medium,Weak
S291,DBMS,SQL,4.6,100.0,78.8,2,9.2,18,3,Medium,Average
S254,OS,Process Scheduling,3.3,94.1,83.0,2,6.1,3,4,Medium,Strong
S291,OS,Memory Management,4.8,75.7,56.8,5,12.1,29,6,Medium,Average
S411,Computer Networks,Network Security,2.0,73.1,71.9,1,12.5,12,2,Medium,Weak
S169,Web Technology,JavaScript,2.9,76.0,62.4,4,6.1,6,3,Medium,Strong
S234,Big Data,Hadoop,4.6,97.2,69.5,3,12.2,28,1,Hard,Strong
S459,Cloud Computing,Virtualization,1.4,58.0,50.9,4,12.2,19,4,Medium,Weak
S075,OS,Memory Management,3.2,81.9,67.5,4,7.5,27,6,Medium,Average
S162,DBMS,Normalization,0.5,42.2,48.4,5,13.0,18,6,Easy,Weak
S393,Cloud Computing,Virtualization,0.9,48.2,59.8,1,9.6,14,5,Hard,Weak
S385,Cloud Computing,Cloud Storage,1.8,79.4,67.4,5,11.2,28,1,Easy,Strong
S035,Web Technology,React,1.8,72.0,67.4,3,10.0,21,0,Hard,Average
S468,Web Technology,Node.js,1.7,82.9,79.0,4,4.3,29,5,Medium,Average
S478,Cloud Computing,Cloud Security,1.9,61.4,43.4,4,10.2,4,0,Hard,Average
S263,Cyber Security,Web Security,3.1,100.0,73.1,5,4.1,17,1,Easy,Strong
S337,Cyber Security,Web Security,1.5,42.0,52.9,1,9.0,2,5,Hard,Weak
S253,Computer Networks,Network Security,0.7,65.1,53.3,1,12.6,4,0,Easy,Weak
S133,Software Engineering,Software Design,1.1,66.6,61.1,4,5.7,5,7,Medium,Weak
S187,DBMS,Indexing,4.2,61.3,60.0,5,11.9,22,7,Hard,Weak
S168,Computer Networks,TCP/IP,3.1,80.2,73.9,5,8.5,15,2,Medium,Strong
S088,Data Mining,Clustering,3.6,90.9,68.9,3,11.1,24,1,Medium,Average
S283,Data Mining,Classification,2.3,93.3,69.6,4,4.3,1,3,Hard,Average
S285,Computer Networks,TCP/IP,4.6,67.2,51.1,1,11.0,4,4,Hard,Average
S242,Web Technology,JavaScript,1.1,57.2,52.8,4,4.1,23,2,Easy,Weak
S029,Web Technology,React,4.5,99.6,78.0,4,10.9,3,1,Hard,Strong
S377,Web Technology,React,1.0,56.2,64.6,1,13.6,22,5,Hard,Weak
S180,Computer Graphics,Rendering,3.2,100.0,99.8,4,5.0,28,0,Hard,Strong
S394,AI,Machine Learning,4.6,71.1,47.1,4,5.4,21,7,Easy,Strong
S396,Web Technology,HTML/CSS,1.5,62.9,66.2,3,10.3,20,4,Medium,Average
S337,Software Engineering,Software Design,1.0,70.2,66.6,3,5.6,16,3,Hard,Weak
S086,AI,Knowledge Representation,4.1,58.1,50.7,5,4.6,10,6,Easy,Average
S431,Cyber Security,Web Security,0.7,73.2,50.4,5,9.5,11,3,Easy,Average
S273,DBMS,Indexing,3.3,61.9,50.0,1,7.0,17,3,Hard,Average
S162,Cyber Security,Network Security,3.6,91.1,70.1,4,13.0,7,0,Medium,Strong
S123,DBMS,Indexing,2.2,74.5,60.7,1,5.9,27,1,Easy,Weak
S483,Big Data,HDFS,2.5,87.0,65.6,4,12.6,7,6,Medium,Average
S323,Web Technology,React,2.3,100.0,86.5,5,13.9,13,0,Medium,Strong
S158,Cloud Computing,Load Balancing,0.5,35.2,50.5,2,5.3,7,2,Medium,Weak
S151,Big Data,MapReduce,4.8,75.4,44.5,3,3.5,6,1,Medium,Strong
S029,OS,Process Scheduling,3.4,80.3,65.1,4,3.1,22,5,Medium,Strong
S219,Data Mining,Classification,2.2,84.5,73.4,1,10.6,14,4,Easy,Strong
S467,Web Technology,React,1.4,78.2,57.8,4,12.2,26,1,Hard,Average
S271,Software Engineering,Software Design,2.8,82.3,71.5,4,11.1,7,5,Medium,Average
S464,Computer Networks,Network Security,1.3,58.6,64.4,5,4.6,27,7,Easy,Weak
S375,Cloud Computing,Cloud Security,1.8,63.9,43.7,4,5.7,14,7,Medium,Weak
S331,OS,Memory Management,3.4,60.1,50.8,4,11.5,16,7,Medium,Average
S059,Data Mining,Clustering,3.6,91.3,71.8,4,10.3,29,2,Easy,Strong
S459,Cloud Computing,Virtualization,4.1,85.5,61.2,4,5.0,30,0,Easy,Strong
S123,OS,File Systems,1.2,80.1,63.9,5,3.8,12,1,Hard,Average
S329,OS,Process Scheduling,1.0,64.4,54.1,4,10.0,14,2,Hard,Average
S265,AI,Machine Learning,4.5,63.2,54.1,1,8.5,4,1,Easy,Strong
S127,Software Engineering,Software Design,0.8,82.3,72.1,4,8.9,5,2,Easy,Strong
S422,Cyber Security,Authentication,3.3,100.0,74.9,5,3.9,23,3,Easy,Strong
S027,Big Data,MapReduce,4.3,96.1,72.8,3,14.9,8,3,Hard,Strong
S480,Data Structures,Linked Lists,2.3,76.0,60.1,3,11.0,19,0,Medium,Strong
S496,OS,Deadlock,2.3,100.0,76.4,4,11.9,14,0,Easy,Strong
S442,Cyber Security,Network Security,4.2,71.2,46.8,3,10.0,17,4,Medium,Average
S327,OS,Deadlock,0.8,57.6,67.4,5,7.5,30,6,Medium,Average
S160,Computer Networks,Network Security,1.6,55.2,66.3,4,5.9,29,3,Medium,Weak
S448,Software Engineering,Agile,2.3,97.4,90.3,4,10.5,3,1,Easy,Strong
S486,AI,Machine Learning,4.0,100.0,73.6,5,6.6,6,2,Easy,Strong
S383,Web Technology,Node.js,3.5,100.0,80.7,5,14.6,8,1,Hard,Strong
S446,AI,Knowledge Representation,3.2,57.3,54.6,2,4.4,7,5,Medium,Weak
S355,DBMS,Normalization,2.7,94.1,81.3,4,7.6,26,1,Hard,Strong
S115,Computer Networks,Network Security,0.9,83.5,62.4,3,12.4,10,1,Easy,Average
S347,OS,File Systems,4.0,71.9,54.7,3,12.1,26,7,Easy,Average
S420,Cyber Security,Web Security,0.9,54.7,57.9,2,10.7,9,3,Medium,Average
S270,Cloud Computing,Cloud Storage,4.5,69.4,48.8,4,9.3,23,4,Hard,Average
S491,Software Engineering,Agile,1.1,61.1,50.5,2,10.2,23,0,Medium,Average
S426,OS,Memory Management,3.9,85.1,69.9,4,4.0,7,3,Medium,Strong
S230,Big Data,HDFS,3.4,91.7,76.3,5,5.0,1,3,Hard,Strong
S368,Big Data,HDFS,2.4,59.9,52.4,2,5.5,24,4,Medium,Weak
S169,Big Data,Spark,3.5,46.9,47.2,2,3.7,12,7,Hard,Weak
S104,Web Technology,Node.js,1.5,78.7,82.6,4,11.8,21,0,Hard,Strong
S329,Computer Graphics,Curves,4.9,27.7,28.6,1,5.7,15,7,Medium,Weak
S220,OS,File Systems,3.7,65.8,50.0,5,9.4,5,6,Easy,Average
S469,Web Technology,HTML/CSS,0.8,78.4,68.3,3,8.6,23,1,Hard,Weak
S373,Cyber Security,Network Security,1.7,42.3,40.6,3,7.7,3,5,Medium,Weak
S241,Cloud Computing,Cloud Storage,2.2,53.2,58.0,2,12.2,13,6,Medium,Weak
S227,DBMS,Normalization,1.0,58.6,64.6,4,11.4,27,4,Medium,Weak
S224,Computer Graphics,2D Transformation,0.5,41.9,42.8,5,4.3,3,7,Medium,Weak
S463,Cyber Security,Authentication,4.6,76.6,60.6,4,6.7,19,4,Medium,Strong
S436,Computer Graphics,Rendering,3.4,100.0,75.2,5,6.5,14,2,Easy,Strong
S458,OS,Memory Management,4.4,66.7,69.5,2,3.8,17,6,Easy,Average
S173,Cloud Computing,Cloud Security,0.7,42.1,47.1,2,3.6,28,5,Medium,Weak
S135,Software Engineering,Software Design,2.6,81.0,54.7,4,12.0,15,0,Easy,Strong
S203,AI,Machine Learning,0.8,100.0,82.9,4,11.0,8,1,Easy,Strong
S007,Software Engineering,Software Design,1.8,47.0,47.9,4,13.0,1,5,Hard,Weak
S329,Cloud Computing,Cloud Storage,2.8,100.0,75.2,5,5.5,29,0,Hard,Strong
S283,AI,Search Algorithms,4.9,87.3,49.3,1,7.1,3,1,Hard,Strong
S153,Software Engineering,Agile,3.4,62.7,57.9,5,9.4,23,7,Easy,Average
S135,Big Data,MapReduce,1.5,80.7,63.3,1,11.0,16,0,Hard,Average
S098,Computer Graphics,Curves,1.8,69.6,62.2,1,9.9,18,6,Easy,Average
S091,Data Mining,Classification,1.4,50.4,53.1,3,3.5,14,6,Medium,Weak
S118,Computer Graphics,Curves,1.4,90.3,79.4,3,11.2,20,1,Easy,Weak
S467,Computer Graphics,Curves,1.0,51.4,58.7,5,7.7,29,7,Medium,Weak
S106,Cloud Computing,Load Balancing,2.4,42.6,38.7,4,7.6,8,5,Medium,Weak
S282,Data Structures,Graphs,4.6,89.7,67.3,4,8.6,30,3,Hard,Strong
S003,AI,Search Algorithms,2.6,40.1,42.7,3,8.3,2,4,Medium,Weak
S466,Software Engineering,SDLC,1.0,44.6,47.0,4,13.9,30,3,Hard,Weak
S159,Big Data,HDFS,3.6,87.3,61.4,4,11.5,30,1,Medium,Strong
S484,Software Engineering,Software Design,1.1,60.8,52.2,5,10.9,11,2,Medium,Average
S010,DBMS,Transactions,1.9,59.6,58.3,2,8.8,25,7,Easy,Weak
S341,Cloud Computing,Cloud Security,2.7,39.8,39.8,3,4.5,28,6,Medium,Average
S180,Cyber Security,Web Security,1.8,91.1,67.3,5,4.9,25,2,Hard,Average
S473,Cloud Computing,Cloud Storage,4.0,92.8,65.7,3,8.7,29,0,Easy,Strong
S063,Cloud Computing,Load Balancing,1.3,35.1,41.6,1,14.7,12,7,Easy,Weak
S130,Data Structures,Trees,2.8,62.4,54.9,2,14.0,27,4,Easy,Weak
S311,OS,Memory Management,3.0,81.9,55.7,4,8.9,25,2,Easy,Weak
S462,AI,Knowledge Representation,1.9,85.7,76.7,2,5.0,13,2,Medium,Average
S170,Software Engineering,SDLC,2.9,61.1,49.3,3,4.2,23,3,Easy,Weak
S082,Cloud Computing,Cloud Security,4.0,81.3,45.7,5,4.2,17,0,Medium,Strong
S424,Web Technology,Node.js,0.8,55.0,43.3,2,5.1,23,1,Easy,Weak
S452,Computer Graphics,2D Transformation,2.8,71.7,67.8,2,7.8,2,6,Medium,Average
S128,Software Engineering,Software Design,2.6,100.0,89.4,4,7.9,30,4,Hard,Average
S473,OS,Process Scheduling,0.8,72.4,59.5,4,13.7,17,5,Medium,Average
S228,Data Mining,Classification,4.6,75.1,59.8,3,14.9,17,7,Medium,Strong
S446,Software Engineering,SDLC,3.5,100.0,69.9,3,7.7,19,0,Hard,Strong
S122,Data Structures,Trees,3.7,40.1,38.5,2,14.4,26,6,Easy,Weak
S130,Software Engineering,Agile,5.0,85.4,64.2,4,5.4,28,1,Hard,Strong
S357,AI,Machine Learning,4.6,79.6,56.1,1,9.5,13,5,Medium,Average
S141,Data Structures,Graphs,2.1,65.4,60.7,3,10.1,18,6,Hard,Weak
S413,Software Engineering,SDLC,4.8,100.0,73.4,5,6.5,4,2,Medium,Strong
S250,Computer Networks,Transport Layer,3.3,96.5,82.2,2,10.0,17,3,Medium,Strong
S493,Computer Networks,Transport Layer,2.8,91.8,67.3,4,10.7,19,2,Easy,Average
S215,Data Mining,Clustering,4.4,90.8,66.1,3,11.1,17,6,Hard,Average
S310,Computer Networks,Routing,1.5,55.3,44.6,4,4.1,9,7,Easy,Weak
S254,Data Structures,Graphs,5.0,75.9,68.8,5,5.8,19,7,Medium,Average
S048,OS,File Systems,1.1,100.0,81.4,5,12.8,13,0,Medium,Strong
S298,Software Engineering,Software Design,0.9,100.0,85.9,3,3.3,3,1,Medium,Strong
S471,Big Data,Spark,2.1,65.5,58.0,3,10.4,10,7,Medium,Weak
S140,Big Data,Spark,4.8,69.1,48.9,3,6.6,8,6,Hard,Average
S441,DBMS,Indexing,0.7,58.8,58.2,2,6.2,18,1,Hard,Weak
S290,Cloud Computing,Load Balancing,0.6,60.0,45.9,4,3.1,18,3,Medium,Weak
S269,Software Engineering,Software Testing,4.2,91.9,76.0,2,6.2,15,7,Easy,Average
S470,DBMS,SQL,4.0,75.7,67.8,1,9.1,23,2,Hard,Average
S117,Big Data,Hadoop,3.4,73.7,75.4,3,4.8,12,7,Medium,Strong
S192,Cloud Computing,Virtualization,2.1,59.9,48.5,5,14.7,13,7,Easy,Average
S027,AI,Search Algorithms,2.3,87.5,59.7,5,3.7,2,1,Easy,Average
S063,Cloud Computing,Load Balancing,4.6,57.8,54.6,2,5.4,28,5,Medium,Strong
S094,Computer Networks,Network Security,1.0,61.2,52.9,2,5.1,22,3,Medium,Weak
S103,Big Data,Hadoop,0.7,64.5,56.1,2,4.1,20,0,Medium,Weak
S039,Web Technology,JavaScript,4.9,80.9,61.5,2,12.4,19,7,Medium,Average
S035,Cyber Security,Authentication,2.9,35.0,32.3,2,11.3,15,5,Hard,Weak
S249,Cloud Computing,Cloud Storage,4.3,82.8,59.6,5,5.7,4,5,Medium,Strong
S367,OS,File Systems,1.8,83.8,63.0,1,9.7,7,0,Hard,Strong
S146,AI,Expert Systems,0.8,75.2,64.4,5,13.2,22,2,Medium,Average
S366,Data Mining,Classification,2.3,100.0,92.1,5,12.8,4,3,Hard,Strong
S315,Software Engineering,Software Testing,2.1,82.5,73.0,4,12.5,21,6,Hard,Average
S147,Computer Networks,Transport Layer,3.8,90.4,57.4,5,11.7,22,0,Easy,Strong
S399,AI,Expert Systems,3.9,100.0,71.8,4,6.7,1,2,Medium,Strong
S403,AI,Machine Learning,1.7,44.9,57.2,1,14.0,15,6,Easy,Weak
S065,Computer Networks,Network Security,2.3,99.2,90.2,3,9.8,12,0,Easy,Strong
S063,OS,Deadlock,2.0,83.7,72.2,2,8.8,1,6,Medium,Strong
S013,DBMS,SQL,1.5,40.1,38.7,4,5.8,23,6,Easy,Weak
S287,Web Technology,Node.js,1.7,85.5,65.4,5,12.2,19,0,Easy,Average
S167,Software Engineering,Agile,4.8,97.0,56.4,3,8.0,29,0,Medium,Average
S429,Computer Graphics,Rendering,4.1,100.0,78.9,4,8.5,3,1,Easy,Strong
S236,Computer Networks,TCP/IP,2.9,65.7,51.5,1,12.7,3,5,Medium,Average
S238,OS,Process Scheduling,4.2,56.6,51.7,1,10.2,12,6,Hard,Weak
S336,DBMS,Normalization,3.5,78.3,62.0,1,9.4,30,5,Medium,Average
S334,Cloud Computing,Cloud Security,3.0,86.3,66.6,5,5.2,30,2,Medium,Strong
S190,Software Engineering,Software Design,2.8,80.3,59.2,4,9.0,5,2,Easy,Average
S043,DBMS,SQL,1.6,73.9,75.8,1,11.8,6,4,Easy,Average
S251,Computer Graphics,Rendering,1.5,36.8,33.0,5,7.6,8,5,Easy,Weak
S475,Web Technology,HTML/CSS,2.9,54.9,44.4,3,14.7,9,6,Medium,Average
S383,Web Technology,React,1.3,68.2,72.4,2,11.8,20,4,Hard,Average
S111,DBMS,Indexing,0.9,29.9,42.2,1,6.6,5,6,Medium,Weak
S353,Cyber Security,Cryptography,3.3,100.0,71.1,3,13.0,27,3,Medium,Strong
S061,Cloud Computing,Cloud Security,2.0,51.3,53.3,2,11.1,14,0,Hard,Average
S067,Software Engineering,SDLC,0.7,74.5,53.2,4,6.1,2,1,Easy,Average
S208,Cloud Computing,Cloud Security,1.3,49.1,46.3,1,12.5,19,3,Easy,Weak
S305,Data Structures,Linked Lists,1.3,32.9,35.6,1,10.4,10,5,Easy,Weak
S264,Cloud Computing,Cloud Storage,2.7,70.3,68.6,3,9.6,20,7,Medium,Average
S339,AI,Search Algorithms,1.6,52.9,46.0,3,12.9,27,6,Easy,Weak
S392,Software Engineering,Software Testing,3.0,100.0,77.8,5,5.6,13,4,Easy,Strong
S461,Computer Graphics,Curves,3.0,34.6,37.8,1,13.1,15,7,Medium,Weak
S482,Computer Networks,Transport Layer,2.0,40.0,41.3,1,8.9,19,7,Easy,Weak
S433,Cyber Security,Cryptography,1.8,84.1,60.5,5,9.2,1,2,Easy,Average
S384,DBMS,SQL,1.5,40.8,30.2,2,11.6,11,1,Medium,Weak
S379,Computer Graphics,Curves,4.3,84.1,50.3,4,10.5,30,2,Easy,Strong
S200,Web Technology,Node.js,2.5,48.8,50.1,2,8.9,11,5,Medium,Weak
S342,OS,File Systems,1.1,85.3,73.8,5,8.4,18,3,Hard,Average
S476,Computer Graphics,Curves,1.7,33.2,31.9,4,13.1,18,3,Easy,Weak
S020,DBMS,Indexing,2.8,48.7,39.3,1,5.5,4,1,Hard,Weak
S005,DBMS,Normalization,3.5,88.5,78.0,1,6.1,11,4,Hard,Average
S425,Data Structures,Graphs,4.6,100.0,70.8,4,7.8,14,3,Medium,Strong
S183,Web Technology,React,2.3,58.5,53.2,4,13.6,19,3,Medium,Average
S321,AI,Search Algorithms,0.9,46.9,40.3,3,7.8,23,4,Hard,Weak
S335,Cyber Security,Authentication,1.6,70.5,59.9,5,12.3,9,1,Medium,Average
S315,Data Mining,Clustering,2.3,54.8,52.2,3,8.8,15,3,Hard,Weak
S383,OS,File Systems,2.6,43.1,42.9,4,6.3,18,7,Medium,Average
S353,Data Mining,Association Rules,5.0,83.2,66.0,5,10.0,12,7,Medium,Strong
S044,Computer Networks,Network Security,4.6,67.2,51.7,1,8.5,28,4,Medium,Average
S011,Cyber Security,Web Security,1.5,43.4,34.2,5,9.3,6,0,Medium,Weak
S480,Data Mining,Data Preprocessing,1.3,71.7,63.8,5,4.5,6,3,Medium,Average
S307,OS,Deadlock,1.6,82.6,67.6,1,9.1,1,2,Medium,Average
S474,Computer Networks,Routing,2.9,91.1,65.6,5,6.9,7,0,Medium,Strong
S279,Cyber Security,Authentication,5.0,62.1,47.1,1,8.7,19,2,Easy,Average
S462,Computer Networks,Routing,2.9,70.8,63.9,3,8.5,16,5,Medium,Average
S286,Data Structures,Arrays,0.5,88.0,66.3,5,11.0,6,1,Medium,Average
S066,Data Mining,Classification,3.4,83.8,69.4,2,4.0,10,1,Medium,Strong
S260,OS,Process Scheduling,1.4,77.3,83.0,2,12.4,8,4,Hard,Average
S111,Computer Graphics,2D Transformation,1.2,85.2,74.5,2,9.2,22,1,Medium,Average
S434,AI,Search Algorithms,0.6,43.4,61.5,1,14.1,23,5,Medium,Weak
S440,Data Mining,Association Rules,1.3,53.1,48.8,3,3.2,24,5,Easy,Weak
S309,Software Engineering,Software Design,1.5,72.9,77.7,1,4.0,27,2,Medium,Weak
S087,Data Structures,Linked Lists,0.6,64.3,59.0,1,7.2,2,0,Hard,Weak
S275,Big Data,HDFS,3.7,84.6,50.4,5,3.0,17,2,Medium,Average
S163,Cloud Computing,Cloud Security,0.7,60.9,50.8,3,4.5,25,0,Easy,Weak
S056,Software Engineering,Software Testing,1.5,63.6,60.3,2,14.5,2,3,Medium,Weak
S185,AI,Search Algorithms,0.6,58.5,52.7,2,14.2,4,3,Medium,Weak
S439,Data Mining,Classification,1.9,44.8,52.4,1,6.3,10,7,Hard,Weak
S399,Software Engineering,Software Testing,4.9,63.0,56.6,5,8.3,23,7,Hard,Average
S221,Web Technology,JavaScript,3.5,88.2,58.2,3,9.4,26,0,Hard,Average
S487,Computer Graphics,2D Transformation,2.8,93.5,89.4,3,9.2,15,6,Medium,Average
S265,Computer Graphics,3D Transformation,3.7,75.5,66.0,2,13.5,5,4,Medium,Average
S206,Software Engineering,Agile,1.2,46.3,40.1,1,11.7,20,2,Medium,Weak
S371,Cyber Security,Web Security,0.7,47.4,48.1,3,14.6,23,4,Medium,Weak
S209,Web Technology,JavaScript,2.8,70.4,62.4,2,3.8,26,0,Hard,Average
S063,Data Mining,Association Rules,4.9,45.0,42.9,2,14.6,23,6,Easy,Average
S193,Web Technology,HTML/CSS,2.9,70.9,54.9,4,6.7,14,7,Medium,Average
S116,Computer Graphics,2D Transformation,1.9,70.7,52.6,2,8.7,11,3,Medium,Weak
S047,Computer Graphics,Rendering,2.5,45.6,46.3,1,5.8,8,1,Hard,Average
S420,Web Technology,HTML/CSS,0.7,73.1,63.4,3,12.7,17,0,Medium,Weak
S485,Cyber Security,Cryptography,4.2,90.3,57.6,3,9.4,4,3,Easy,Strong
S126,OS,Process Scheduling,4.2,56.3,43.9,3,8.1,5,6,Medium,Average
S488,Computer Graphics,2D Transformation,1.0,72.7,61.2,3,4.6,19,1,Hard,Weak
S441,Cyber Security,Cryptography,4.0,99.0,64.7,5,7.2,28,0,Easy,Strong
S373,Big Data,MapReduce,1.9,68.3,56.4,5,13.4,3,2,Easy,Average
S464,Computer Graphics,Rendering,1.7,56.2,66.2,4,4.2,8,6,Hard,Weak
S140,Cyber Security,Cryptography,4.0,84.6,55.8,5,7.3,23,4,Easy,Strong
S047,AI,Search Algorithms,3.4,54.2,60.3,3,5.6,14,7,Medium,Average
S214,Big Data,MapReduce,1.2,80.5,74.5,5,8.4,21,5,Medium,Average
S274,AI,Machine Learning,0.8,54.9,55.5,2,9.9,22,0,Medium,Weak
S294,OS,Process Scheduling,3.1,37.9,32.2,2,10.8,18,6,Medium,Weak
S078,OS,Memory Management,4.8,100.0,73.8,4,6.0,27,1,Medium,Strong
S248,Computer Networks,Transport Layer,1.6,53.3,41.9,4,4.8,22,4,Medium,Weak
S138,DBMS,SQL,4.0,60.4,42.0,1,11.0,27,6,Medium,Average
S435,Computer Graphics,Curves,0.7,72.0,52.1,3,12.3,18,0,Hard,Weak
S093,AI,Knowledge Representation,4.4,86.5,56.3,3,4.2,25,0,Medium,Strong
S044,Cyber Security,Network Security,1.2,59.1,53.2,1,3.2,19,1,Easy,Weak
S400,Cloud Computing,Load Balancing,3.1,100.0,87.9,5,3.1,10,1,Easy,Strong
S205,Data Mining,Association Rules,0.9,64.7,61.7,3,11.7,9,7,Hard,Weak
S237,Web Technology,React,3.6,92.8,68.2,3,6.0,2,3,Easy,Strong
S150,Data Mining,Data Preprocessing,4.5,100.0,92.6,4,10.0,26,0,Medium,Strong
S116,AI,Knowledge Representation,3.8,29.7,29.7,3,12.0,12,5,Medium,Weak
S417,Web Technology,JavaScript,1.2,50.6,57.7,2,3.3,27,6,Medium,Weak
S436,Software Engineering,Software Testing,0.5,39.3,42.9,1,3.4,25,0,Medium,Weak
S332,Data Mining,Clustering,4.0,57.9,53.0,2,8.5,21,5,Hard,Weak
S137,DBMS,SQL,0.5,79.2,61.7,2,6.1,14,0,Medium,Weak
S224,Cloud Computing,Virtualization,3.8,100.0,86.0,3,14.5,28,1,Medium,Strong
S116,Computer Graphics,3D Transformation,1.6,59.8,53.7,2,12.0,18,6,Easy,Weak
S374,AI,Machine Learning,4.4,100.0,87.6,4,11.1,16,2,Hard,Strong
S180,AI,Expert Systems,4.2,60.8,41.1,1,4.7,27,6,Medium,Average
S498,Data Structures,Arrays,2.0,72.8,45.2,3,7.3,8,3,Medium,Weak
S062,Computer Networks,Network Security,1.8,86.9,75.0,1,6.6,15,1,Hard,Average
S373,Computer Networks,Transport Layer,1.9,91.4,79.7,3,9.1,4,3,Easy,Average
S264,Software Engineering,Software Testing,2.2,72.8,55.8,3,5.3,5,1,Easy,Average
S164,Cloud Computing,Load Balancing,2.1,46.0,49.1,3,12.9,4,6,Hard,Weak
S344,Computer Graphics,Curves,1.0,66.1,61.6,5,12.2,28,5,Medium,Weak
S431,Computer Networks,Transport Layer,2.5,88.5,81.7,3,7.5,10,4,Easy,Strong
S233,AI,Expert Systems,4.8,77.1,71.8,3,10.6,17,4,Hard,Strong
S246,OS,Deadlock,4.9,64.9,45.5,3,9.0,17,5,Hard,Average
S187,Software Engineering,SDLC,3.7,100.0,88.2,3,10.1,21,0,Medium,Strong
S130,Big Data,Hadoop,2.4,47.5,42.7,4,12.8,11,7,Medium,Weak
S221,Computer Networks,Network Security,2.7,86.4,73.4,1,5.9,19,2,Medium,Average
S436,Big Data,HDFS,3.2,100.0,67.8,1,6.2,17,0,Hard,Strong
S356,AI,Knowledge Representation,2.8,93.5,77.9,1,8.8,29,0,Easy,Average
S402,DBMS,Normalization,3.9,72.7,60.0,1,14.6,19,4,Hard,Average
S228,Data Mining,Clustering,4.5,78.7,60.3,3,8.8,17,4,Medium,Average
S288,Big Data,Hadoop,1.0,59.6,58.5,4,6.5,23,7,Hard,Weak
S223,Computer Networks,Transport Layer,4.4,89.0,74.4,2,3.7,4,2,Easy,Strong
S457,Data Structures,Trees,3.8,97.4,66.6,1,11.2,16,1,Hard,Average
S105,Computer Networks,TCP/IP,3.7,100.0,87.7,4,12.5,14,1,Easy,Strong
S054,Big Data,Spark,2.0,89.2,77.7,4,6.9,2,3,Medium,Strong
S424,OS,File Systems,2.1,93.6,70.3,5,5.1,28,0,Medium,Strong
S262,Data Mining,Clustering,1.5,62.1,57.3,4,7.7,7,6,Medium,Weak
S488,Software Engineering,Agile,1.3,56.3,43.6,4,14.2,5,2,Hard,Weak
S476,AI,Search Algorithms,3.9,72.9,55.0,1,14.1,4,3,Easy,Average
S134,OS,Process Scheduling,4.3,95.1,73.7,2,8.0,27,4,Medium,Strong
S207,Cloud Computing,Cloud Security,1.8,25.2,28.8,3,12.4,4,5,Hard,Weak
S384,Big Data,MapReduce,1.5,65.0,72.1,3,3.6,26,7,Medium,Weak
S258,Software Engineering,Agile,1.7,59.4,48.1,3,7.1,4,1,Hard,Weak
S144,Software Engineering,Agile,0.7,52.4,63.9,2,9.5,10,7,Medium,Weak
S464,Cyber Security,Network Security,3.0,100.0,75.8,3,7.9,11,2,Easy,Average
S446,Computer Networks,Network Security,1.6,76.0,66.8,5,11.1,14,2,Easy,Average
S494,Cyber Security,Cryptography,4.4,95.4,60.0,2,6.6,23,0,Easy,Strong
S003,Software Engineering,Agile,3.7,83.1,59.3,1,3.6,21,0,Hard,Strong
S480,AI,Machine Learning,3.9,100.0,81.0,1,4.7,29,0,Easy,Strong
S387,AI,Expert Systems,4.6,52.6,44.5,4,6.8,6,7,Hard,Average
S173,DBMS,Transactions,4.4,83.9,58.0,5,8.0,23,5,Medium,Average
S010,Cloud Computing,Load Balancing,2.7,63.1,47.1,4,8.8,26,4,Easy,Average
S375,Computer Graphics,3D Transformation,4.8,87.8,69.7,5,10.6,13,6,Medium,Strong
S482,OS,Process Scheduling,0.9,98.0,78.9,4,5.6,21,0,Medium,Strong
S263,Data Mining,Association Rules,0.7,86.1,66.6,5,12.9,19,0,Hard,Strong
S405,DBMS,Normalization,1.3,81.7,84.1,4,12.4,4,3,Hard,Average
S227,Computer Graphics,Rendering,3.9,83.8,77.5,5,12.9,15,7,Medium,Strong
S194,Software Engineering,Software Design,2.2,81.8,57.5,1,6.8,13,0,Easy,Strong
S434,Data Mining,Association Rules,5.0,66.2,38.1,1,5.1,19,3,Medium,Average
S198,Software Engineering,Software Design,4.1,77.4,53.0,5,10.6,20,1,Easy,Strong
S083,Computer Networks,Network Security,3.6,78.3,54.3,4,11.5,1,2,Medium,Average
S494,Computer Graphics,Curves,3.9,87.0,61.0,5,7.8,12,4,Medium,Strong
S279,Data Structures,Graphs,1.3,35.3,46.1,3,3.4,16,6,Medium,Weak
S042,Web Technology,React,4.7,94.6,70.6,5,14.5,26,4,Medium,Strong
S073,Software Engineering,Software Design,4.0,85.9,74.0,4,10.4,20,6,Medium,Strong
S016,AI,Search Algorithms,2.6,100.0,84.4,5,13.9,27,0,Hard,Strong
S110,Cyber Security,Web Security,2.0,68.2,56.9,1,3.9,29,0,Medium,Average
S396,Big Data,MapReduce,4.1,89.4,69.3,3,10.4,8,6,Medium,Average
S045,DBMS,Indexing,4.4,72.4,58.7,2,7.2,25,4,Hard,Strong
S437,Software Engineering,Software Design,3.2,60.8,52.4,2,4.4,27,4,Medium,Weak
S410,OS,Memory Management,3.9,69.2,53.7,3,7.9,13,6,Medium,Weak
S398,DBMS,SQL,1.7,100.0,87.0,5,10.1,18,0,Medium,Average
S132,AI,Knowledge Representation,1.2,57.7,54.8,1,14.2,12,4,Medium,Weak
S224,Big Data,MapReduce,3.3,78.8,73.3,1,9.0,20,7,Medium,Strong
S366,AI,Expert Systems,0.7,78.8,68.3,3,5.3,9,0,Hard,Average
S164,Big Data,Hadoop,0.9,46.3,46.4,1,9.2,23,0,Medium,Weak
S083,Big Data,HDFS,4.7,100.0,72.2,3,10.5,2,2,Hard,Strong
S463,Data Structures,Arrays,2.2,66.2,54.4,3,6.1,14,2,Hard,Weak
S128,Data Mining,Classification,0.7,63.1,71.5,4,14.4,8,5,Hard,Weak
S419,Computer Graphics,Curves,4.1,68.7,58.5,3,4.4,3,4,Medium,Average
S308,Cyber Security,Network Security,4.9,67.8,50.1,2,4.0,6,5,Medium,Average
S351,Computer Networks,Routing,1.7,58.8,50.6,4,14.3,5,2,Hard,Weak
S262,Data Structures,Trees,2.6,69.0,65.9,2,8.5,25,4,Hard,Weak
S327,AI,Machine Learning,2.8,43.7,36.7,2,7.0,26,2,Medium,Weak
S197,Data Structures,Linked Lists,0.6,80.2,69.4,4,8.3,15,0,Medium,Weak
S233,Software Engineering,SDLC,4.2,90.1,74.6,1,8.6,29,4,Hard,Average
S137,Computer Networks,Transport Layer,1.3,65.4,46.4,4,13.2,15,3,Hard,Weak
S340,Computer Graphics,Curves,2.9,72.8,61.9,2,6.4,27,7,Hard,Weak
S380,Computer Graphics,Rendering,4.6,43.1,43.1,1,13.8,5,4,Medium,Weak
S464,Data Structures,Graphs,1.5,49.7,59.2,2,3.3,14,6,Medium,Weak
S193,Computer Graphics,Curves,1.5,47.4,48.7,1,3.3,26,7,Medium,Weak
S085,Computer Networks,Transport Layer,3.6,100.0,72.1,5,10.8,11,1,Easy,Strong
S214,Web Technology,Node.js,2.0,41.3,50.3,3,6.0,25,6,Medium,Weak
S482,OS,Memory Management,5.0,80.7,58.1,4,14.8,21,7,Hard,Strong
S484,Computer Graphics,Curves,4.2,100.0,77.5,4,14.2,27,3,Hard,Strong
S063,Cloud Computing,Cloud Storage,2.7,49.2,43.7,3,15.0,9,2,Easy,Weak
S079,Software Engineering,Agile,2.4,87.1,76.6,4,5.4,15,1,Hard,Strong
S364,AI,Expert Systems,3.5,83.7,66.3,4,6.3,26,6,Medium,Average
S011,Cloud Computing,Cloud Security,3.7,98.9,65.5,4,13.6,29,1,Medium,Strong
S246,OS,Memory Management,4.2,64.0,40.5,1,5.4,1,5,Medium,Weak
S215,AI,Knowledge Representation,2.4,70.9,73.1,1,13.0,12,6,Hard,Weak
S025,Data Mining,Clustering,1.4,33.5,23.0,2,3.1,26,4,Medium,Weak
S027,Software Engineering,Software Design,3.6,71.2,52.2,5,4.9,26,7,Medium,Average
S462,DBMS,Normalization,4.8,100.0,72.9,4,10.0,21,7,Easy,Strong
S168,Software Engineering,Software Design,4.6,95.0,69.3,5,5.9,15,6,Hard,Strong
S468,Big Data,MapReduce,1.9,65.7,65.2,5,14.8,20,7,Hard,Weak
S158,Cloud Computing,Virtualization,1.0,68.7,59.8,4,5.0,3,2,Hard,Average
S442,AI,Search Algorithms,0.6,43.7,52.1,4,12.4,17,6,Medium,Weak
S118,Big Data,MapReduce,2.1,84.7,69.7,1,7.8,10,0,Medium,Average
S316,Web Technology,React,1.1,53.4,55.7,3,14.8,24,6,Medium,Weak
S234,Computer Graphics,2D Transformation,2.6,83.3,71.8,4,10.5,2,7,Easy,Average
S497,Big Data,MapReduce,2.0,46.6,48.7,1,11.4,16,5,Hard,Weak
S364,Computer Networks,Transport Layer,1.4,74.4,65.2,3,9.5,16,0,Easy,Average
S326,AI,Search Algorithms,4.1,82.0,64.3,5,7.2,6,6,Hard,Strong
S119,DBMS,Transactions,1.5,97.2,78.6,4,4.2,18,0,Easy,Average
S119,Computer Graphics,2D Transformation,3.7,94.0,78.7,5,3.5,29,7,Hard,Strong
S173,Data Mining,Association Rules,4.0,71.5,60.8,4,9.4,15,4,Hard,Average
S180,Computer Networks,Transport Layer,3.8,81.5,62.9,3,5.4,3,4,Hard,Strong
S472,Computer Graphics,Rendering,4.2,100.0,72.1,2,7.3,23,0,Easy,Strong
S429,Cyber Security,Authentication,4.2,100.0,77.7,3,6.3,13,0,Easy,Strong
S258,Data Mining,Association Rules,1.3,70.1,51.7,5,12.9,19,2,Hard,Average
S414,Data Structures,Linked Lists,3.0,73.9,56.5,3,6.8,16,1,Easy,Average
S238,Data Structures,Graphs,3.6,88.7,64.4,4,5.6,10,1,Medium,Strong
S325,Web Technology,HTML/CSS,1.9,58.0,50.5,4,13.3,24,4,Hard,Weak
S053,OS,Process Scheduling,0.8,49.1,49.9,4,4.6,2,3,Easy,Average
S029,Web Technology,HTML/CSS,5.0,69.0,57.3,2,4.7,30,5,Medium,Average
S060,OS,Deadlock,3.4,70.3,52.0,4,9.2,29,4,Medium,Strong
S336,Data Mining,Clustering,3.4,100.0,76.3,5,7.5,22,0,Easy,Strong
S470,AI,Expert Systems,4.5,93.0,64.1,1,3.6,1,0,Medium,Strong
S164,AI,Expert Systems,1.6,54.0,55.5,2,5.8,15,0,Easy,Weak
S327,Web Technology,React,2.6,39.7,46.5,1,4.2,25,5,Medium,Weak
S046,Web Technology,HTML/CSS,0.7,92.7,73.6,5,4.3,16,1,Hard,Average
S330,Cloud Computing,Cloud Storage,1.1,85.8,73.7,3,8.4,26,1,Easy,Average
S245,Computer Networks,Transport Layer,1.4,65.9,68.8,3,5.6,3,5,Easy,Weak
S178,Computer Networks,Network Security,3.3,62.6,59.1,1,13.9,1,7,Easy,Weak
S343,Big Data,Spark,1.2,38.4,38.2,3,8.4,6,6,Hard,Weak
S382,Computer Networks,TCP/IP,2.9,100.0,90.1,4,8.3,25,1,Hard,Strong
S280,AI,Expert Systems,2.5,61.4,51.6,1,5.6,28,1,Easy,Weak
S257,AI,Knowledge Representation,1.5,68.6,67.0,2,12.1,2,6,Medium,Weak
S431,Computer Graphics,Curves,0.6,35.7,39.9,4,11.8,12,6,Hard,Weak
S469,Computer Graphics,3D Transformation,2.2,57.4,59.1,3,6.6,5,7,Easy,Weak
S471,DBMS,SQL,2.3,58.6,55.5,2,14.4,9,0,Easy,Weak
S277,Cyber Security,Network Security,1.8,80.0,66.7,3,7.5,23,5,Medium,Average
S300,Web Technology,Node.js,2.2,86.6,67.7,4,3.3,8,0,Medium,Strong
S392,DBMS,Indexing,3.9,83.4,65.8,3,14.1,16,4,Hard,Strong
S264,Software Engineering,Software Design,2.3,53.8,54.1,1,6.4,4,4,Medium,Weak
S034,Big Data,Spark,2.2,100.0,83.9,4,8.3,10,3,Medium,Average
S117,Cyber Security,Web Security,2.6,53.4,49.5,4,13.2,19,4,Hard,Weak
S100,Big Data,Spark,0.6,43.8,44.3,3,12.5,19,4,Medium,Weak
S461,DBMS,SQL,4.0,98.9,69.8,3,9.4,30,1,Medium,Average
S320,AI,Expert Systems,1.1,19.4,18.8,4,13.8,30,6,Hard,Weak
S444,DBMS,Transactions,2.8,87.3,71.5,1,5.5,11,3,Hard,Average
S362,Cyber Security,Authentication,4.2,77.5,51.5,5,12.5,4,7,Easy,Average
S395,Web Technology,HTML/CSS,4.2,82.1,53.6,4,11.1,17,3,Medium,Strong
S134,OS,File Systems,4.0,90.4,66.9,4,9.2,15,6,Easy,Strong
S299,AI,Expert Systems,0.5,33.5,33.3,5,13.9,28,6,Hard,Weak
S500,AI,Search Algorithms,3.5,100.0,93.7,5,3.7,8,1,Hard,Strong
S033,Data Mining,Data Preprocessing,4.2,100.0,86.4,3,3.3,28,0,Medium,Strong
S292,Computer Networks,TCP/IP,1.7,76.2,65.0,4,8.8,25,2,Medium,Average
S486,OS,File Systems,0.7,50.9,64.1,3,14.1,2,7,Hard,Weak
S353,Data Structures,Graphs,0.7,63.5,58.4,2,3.9,10,4,Medium,Average
S002,Software Engineering,SDLC,4.9,63.9,42.4,1,6.7,16,4,Hard,Average
S421,Cyber Security,Network Security,2.3,49.9,41.6,2,9.0,20,1,Easy,Weak
S412,Data Mining,Classification,4.3,81.1,56.6,2,9.3,20,1,Medium,Average
S406,OS,Process Scheduling,4.0,64.1,52.5,3,4.9,17,5,Hard,Average
S220,Computer Graphics,2D Transformation,3.4,78.1,68.1,4,10.9,2,0,Medium,Average
S262,OS,Deadlock,3.1,79.6,53.7,4,3.3,3,1,Medium,Average
S023,Cyber Security,Cryptography,1.8,54.7,60.6,2,9.6,17,7,Easy,Weak
S362,Data Structures,Arrays,3.6,61.4,42.6,3,10.9,12,3,Medium,Average
S230,Software Engineering,Software Testing,3.1,77.1,48.2,4,3.3,6,5,Medium,Average
S400,Web Technology,JavaScript,4.0,73.2,63.8,1,9.3,4,5,Easy,Average
S462,AI,Knowledge Representation,1.3,35.1,39.3,1,9.5,9,2,Medium,Weak
S377,Cloud Computing,Virtualization,1.7,69.5,56.0,5,4.7,6,3,Easy,Average
S193,Data Structures,Linked Lists,1.0,66.8,67.0,2,13.1,13,3,Easy,Average
S330,AI,Knowledge Representation,1.9,52.4,61.6,3,13.5,4,5,Hard,Weak
S305,Data Structures,Trees,1.0,61.3,49.3,3,6.3,20,0,Easy,Average
S143,Software Engineering,Software Design,4.6,100.0,83.7,4,8.7,7,1,Easy,Strong
S002,Cyber Security,Authentication,0.6,57.9,58.4,5,13.9,29,2,Hard,Weak
S460,Web Technology,JavaScript,3.8,64.6,50.0,4,5.4,28,5,Hard,Average
S070,Computer Graphics,Curves,3.4,90.7,76.8,2,14.6,17,5,Medium,Average
S189,Data Mining,Classification,2.2,98.1,88.2,5,10.7,19,4,Medium,Strong
S377,Data Structures,Arrays,1.0,41.3,48.2,3,10.9,22,7,Medium,Weak
S480,Computer Networks,Network Security,2.8,43.8,51.1,1,4.5,10,4,Medium,Weak
S322,Web Technology,HTML/CSS,4.7,75.4,56.9,2,7.2,1,1,Medium,Strong
S186,Big Data,Hadoop,2.8,53.8,55.8,1,10.6,19,5,Medium,Weak
S230,Web Technology,React,4.2,100.0,81.4,4,13.1,29,1,Medium,Strong
S377,Cyber Security,Network Security,2.6,33.0,37.7,2,3.7,23,7,Medium,Weak
S207,Computer Graphics,2D Transformation,0.7,63.0,56.5,2,8.9,5,1,Easy,Average
S437,AI,Expert Systems,4.5,88.8,57.9,2,10.4,6,0,Hard,Strong
S099,Computer Graphics,2D Transformation,4.5,89.1,74.0,4,12.2,9,4,Hard,Strong
S315,Cyber Security,Network Security,2.3,41.8,45.7,2,8.6,5,7,Medium,Weak
S299,Web Technology,JavaScript,4.7,100.0,75.5,5,13.2,3,1,Medium,Strong
S367,Software Engineering,SDLC,0.8,59.9,57.1,3,9.1,2,5,Medium,Weak
S495,OS,Memory Management,1.5,73.1,66.3,5,6.0,15,0,Easy,Strong
S141,OS,Memory Management,1.2,53.0,57.0,1,5.3,21,6,Easy,Weak
S466,Cloud Computing,Cloud Security,0.8,67.8,65.4,4,12.9,24,3,Hard,Weak
S500,Data Structures,Graphs,1.6,93.8,61.9,5,12.7,26,0,Hard,Strong
S191,Data Mining,Data Preprocessing,3.2,64.5,51.6,3,11.1,28,7,Hard,Weak
S362,Big Data,Spark,1.6,41.5,39.6,3,10.8,10,2,Hard,Weak
S083,Data Structures,Arrays,1.8,41.0,39.5,1,8.0,8,3,Medium,Weak
S110,Software Engineering,SDLC,3.8,78.7,60.7,4,13.5,19,2,Easy,Strong
S430,Big Data,HDFS,2.5,92.3,68.8,5,7.0,16,5,Easy,Average
S359,Cloud Computing,Cloud Storage,4.3,100.0,88.1,1,7.4,30,3,Medium,Strong
S137,OS,File Systems,4.6,56.3,27.3,1,6.1,6,2,Hard,Strong
S394,Cyber Security,Cryptography,3.8,75.0,54.0,5,12.3,21,3,Easy,Strong
S375,Cloud Computing,Cloud Security,2.7,42.7,56.3,1,11.4,11,6,Medium,Weak
S081,Software Engineering,Software Testing,3.9,100.0,73.2,2,9.3,29,1,Easy,Strong
S378,OS,Process Scheduling,1.6,51.0,36.1,2,3.8,5,2,Medium,Weak
S337,OS,Process Scheduling,4.3,50.9,48.8,1,6.6,1,3,Easy,Average
S330,AI,Search Algorithms,4.7,83.0,62.5,1,9.7,25,0,Medium,Strong
S475,Cyber Security,Network Security,4.9,79.1,50.7,2,5.1,23,0,Easy,Strong
S155,Software Engineering,Agile,4.7,100.0,83.0,5,12.2,5,4,Easy,Strong
S274,AI,Knowledge Representation,3.3,78.9,65.4,5,10.3,21,3,Easy,Strong
S022,Computer Networks,TCP/IP,2.1,84.4,74.1,5,10.4,22,2,Medium,Strong
S321,Software Engineering,Software Testing,3.5,69.1,62.0,2,14.4,7,4,Easy,Strong
S048,Computer Networks,Network Security,2.5,33.6,38.4,1,14.5,10,7,Medium,Weak
S305,Data Mining,Data Preprocessing,4.9,86.9,65.1,2,8.1,23,1,Medium,Strong
S088,Data Mining,Clustering,4.6,100.0,73.1,4,13.0,25,2,Easy,Strong
S002,Cyber Security,Cryptography,1.9,55.7,46.6,4,14.7,4,7,Medium,Weak
S263,Data Structures,Arrays,1.6,61.4,43.5,2,11.2,7,0,Easy,Weak
S062,Data Structures,Graphs,1.9,50.0,48.1,3,3.8,22,6,Easy,Weak
S175,Big Data,Hadoop,4.5,100.0,72.8,1,4.3,1,0,Hard,Strong
S481,Software Engineering,Software Testing,3.8,48.9,44.9,2,5.3,13,7,Medium,Weak
S142,Web Technology,JavaScript,4.6,100.0,89.5,5,4.8,27,1,Medium,Strong
S486,OS,Deadlock,4.1,84.9,71.5,4,9.4,13,6,Hard,Strong
S280,OS,File Systems,4.4,93.2,71.2,5,9.5,25,2,Easy,Strong
S426,Data Structures,Graphs,4.9,90.4,78.3,5,5.4,3,6,Hard,Strong
S469,Data Structures,Linked Lists,3.3,96.8,78.5,1,10.1,2,0,Hard,Strong
S015,Cloud Computing,Load Balancing,1.3,45.4,51.1,2,12.4,8,6,Medium,Weak
S129,AI,Search Algorithms,2.2,29.5,38.1,1,4.0,12,6,Hard,Weak
S453,OS,Memory Management,2.2,65.3,62.9,1,14.8,24,5,Easy,Weak
S135,Computer Networks,Routing,0.5,47.8,48.0,5,12.7,28,7,Medium,Weak
S061,Big Data,Spark,2.5,86.5,66.3,4,11.2,20,1,Easy,Average
S221,AI,Expert Systems,1.5,98.5,77.6,3,5.3,23,0,Hard,Strong
S141,Data Mining,Association Rules,4.1,46.0,36.3,2,5.5,12,4,Medium,Weak
S217,OS,File Systems,1.5,54.6,48.2,5,7.0,13,5,Medium,Weak
S232,Big Data,MapReduce,4.4,74.2,66.0,5,14.8,20,6,Easy,Strong
S029,Computer Networks,TCP/IP,3.1,92.6,74.2,3,6.1,10,4,Easy,Strong
S074,DBMS,Transactions,1.2,50.8,53.8,2,8.9,12,7,Hard,Weak
S453,Cloud Computing,Cloud Storage,4.6,77.3,59.2,5,8.2,29,4,Hard,Strong
S011,AI,Machine Learning,1.0,38.1,39.2,3,13.7,29,6,Medium,Weak
S124,DBMS,Transactions,1.4,61.7,60.4,2,6.8,5,1,Easy,Average
S297,Computer Graphics,Curves,0.7,47.5,60.9,2,13.1,5,5,Medium,Weak
S266,AI,Expert Systems,3.5,76.2,51.6,5,11.0,30,0,Hard,Strong
S067,Cloud Computing,Load Balancing,4.9,100.0,89.0,5,7.9,26,1,Hard,Strong
S194,Cyber Security,Network Security,2.3,100.0,90.7,2,9.5,28,4,Hard,Average
S021,Computer Networks,Network Security,1.9,90.9,73.2,1,10.3,27,0,Hard,Strong
S211,DBMS,Normalization,1.7,62.3,67.1,5,3.5,18,3,Medium,Average
S203,Cloud Computing,Cloud Storage,3.6,94.7,74.2,2,8.4,6,3,Medium,Average
S139,Cloud Computing,Cloud Security,1.6,84.1,70.6,5,14.7,26,3,Easy,Average
S214,Cloud Computing,Virtualization,3.0,37.2,40.4,5,4.6,13,6,Hard,Weak
S435,OS,Memory Management,1.8,73.3,67.8,5,10.1,1,3,Hard,Average
S385,Software Engineering,Software Design,2.2,66.4,50.0,4,5.8,23,7,Hard,Weak
S301,Data Structures,Trees,0.9,55.3,55.5,4,7.4,16,4,Medium,Weak
S169,Data Mining,Association Rules,0.7,68.9,52.3,4,8.3,6,1,Medium,Average
S218,Cyber Security,Authentication,2.8,71.9,62.3,5,4.3,27,7,Medium,Average
S037,Data Structures,Graphs,4.2,79.5,66.3,1,10.3,29,4,Medium,Average
S402,OS,File Systems,0.9,70.4,56.5,4,14.2,12,2,Easy,Average
S181,Computer Networks,Network Security,3.9,78.3,58.7,4,12.7,5,5,Medium,Strong
S106,Cyber Security,Cryptography,4.2,60.6,47.4,2,11.5,13,5,Medium,Weak
S356,Data Mining,Data Preprocessing,4.2,84.3,52.1,5,12.3,29,2,Easy,Strong
S029,Data Structures,Linked Lists,4.7,100.0,93.3,2,4.5,21,1,Easy,Strong
S483,OS,File Systems,3.8,100.0,80.3,5,8.0,23,0,Easy,Strong
S074,AI,Search Algorithms,4.6,84.7,50.7,3,8.9,12,1,Hard,Strong
S130,DBMS,Normalization,2.8,80.2,65.1,4,8.3,27,1,Easy,Strong
S386,Web Technology,JavaScript,1.2,66.8,72.6,5,4.1,10,5,Medium,Average
S471,Cyber Security,Authentication,3.4,63.5,44.0,1,12.4,15,3,Easy,Weak
S160,OS,Memory Management,2.4,88.7,76.8,1,8.6,28,2,Medium,Average
S411,AI,Knowledge Representation,4.9,71.2,47.9,1,5.9,6,3,Hard,Average
S312,Data Mining,Clustering,2.3,52.0,51.5,5,9.9,29,4,Medium,Average
S447,AI,Knowledge Representation,4.5,86.1,60.0,2,7.5,22,1,Easy,Strong
S018,OS,Memory Management,3.4,79.1,65.6,1,7.7,12,0,Medium,Strong
S376,Computer Graphics,2D Transformation,2.0,61.5,65.4,2,7.6,30,6,Easy,Weak
S042,Data Mining,Data Preprocessing,4.7,100.0,68.6,3,10.7,16,0,Hard,Strong
S010,Computer Networks,TCP/IP,3.1,77.1,47.3,4,3.7,4,0,Hard,Strong
S289,AI,Machine Learning,4.3,77.6,74.3,4,4.7,3,7,Easy,Strong
S272,Data Mining,Clustering,4.0,83.6,64.3,5,13.2,16,7,Medium,Strong
S106,Computer Networks,Transport Layer,4.6,72.3,53.2,2,12.3,13,5,Easy,Average
S122,Computer Networks,TCP/IP,0.6,31.6,35.0,1,7.3,5,0,Hard,Weak
S301,Computer Graphics,2D Transformation,3.0,91.5,83.3,5,4.3,24,3,Medium,Strong
S248,Data Mining,Clustering,4.4,98.9,68.9,1,5.5,8,1,Easy,Strong
S374,AI,Search Algorithms,2.0,54.7,54.7,3,14.8,6,6,Easy,Weak
S088,Cyber Security,Web Security,4.7,76.8,54.0,2,13.7,24,2,Hard,Strong
S450,AI,Knowledge Representation,3.7,65.9,59.1,1,8.4,2,4,Medium,Average
S486,Computer Graphics,2D Transformation,3.7,86.5,57.2,2,10.4,14,2,Easy,Strong
S263,Cloud Computing,Cloud Storage,1.9,80.6,65.4,4,5.9,7,2,Hard,Strong
S085,Computer Networks,Routing,2.7,99.8,88.0,2,9.5,17,0,Medium,Strong
S034,Big Data,MapReduce,1.7,68.4,78.0,1,5.3,1,3,Medium,Average
S070,DBMS,Indexing,3.2,55.8,48.9,1,9.2,28,6,Medium,Weak
S061,Computer Graphics,Rendering,0.9,49.2,48.6,5,7.7,30,3,Hard,Weak
S231,Software Engineering,SDLC,1.5,66.3,68.3,1,9.6,7,7,Medium,Weak
S218,Data Structures,Graphs,3.4,41.7,33.6,2,10.6,10,5,Hard,Weak
S186,Data Mining,Data Preprocessing,3.1,43.4,44.9,1,14.5,8,7,Easy,Weak
S405,Big Data,MapReduce,2.9,68.2,60.6,4,13.3,26,6,Medium,Weak
S160,Big Data,HDFS,1.4,49.3,49.2,1,5.1,28,4,Easy,Weak
S026,Data Mining,Clustering,1.7,86.0,73.2,1,9.7,16,3,Easy,Average
S063,Software Engineering,Software Testing,2.6,45.3,49.2,3,3.5,9,6,Easy,Weak
S349,DBMS,SQL,4.6,100.0,86.0,5,14.2,15,3,Medium,Strong
S408,Computer Networks,Transport Layer,1.8,48.7,45.2,1,3.9,27,1,Medium,Weak
S495,Computer Graphics,2D Transformation,0.7,37.7,38.9,3,14.0,16,3,Medium,Weak
S161,Big Data,MapReduce,1.9,45.8,40.1,3,4.7,28,6,Hard,Weak
S180,Computer Networks,Routing,3.2,94.6,84.3,2,5.9,8,2,Medium,Average
S305,Cloud Computing,Virtualization,4.6,88.6,62.4,4,10.2,29,7,Medium,Strong
S345,Computer Networks,Routing,2.3,34.8,35.2,3,7.7,2,6,Medium,Weak
S207,Big Data,HDFS,0.8,61.8,56.8,4,13.4,28,1,Hard,Average
S005,Data Mining,Classification,0.6,59.4,58.9,4,7.8,27,4,Easy,Weak
S128,Computer Graphics,Rendering,4.6,80.5,62.4,1,10.8,2,6,Medium,Strong
S112,Web Technology,HTML/CSS,3.5,60.8,59.6,2,12.2,21,6,Medium,Average
S339,Computer Networks,Transport Layer,2.7,76.9,62.4,4,12.0,25,2,Medium,Average
S422,Data Mining,Data Preprocessing,2.2,84.4,61.7,5,11.3,5,0,Medium,Strong
S349,Computer Networks,TCP/IP,1.5,55.3,62.5,4,5.9,8,6,Easy,Average
S284,Web Technology,HTML/CSS,1.7,93.9,68.7,2,12.3,17,0,Medium,Strong
S009,Data Mining,Clustering,0.6,28.2,39.7,3,6.4,6,6,Hard,Weak
S488,Big Data,HDFS,1.0,72.5,74.1,1,5.3,1,2,Easy,Average
S375,AI,Search Algorithms,0.9,65.5,57.4,4,13.7,25,3,Medium,Weak
S178,Big Data,HDFS,1.9,78.1,63.6,4,9.0,5,4,Easy,Strong
S172,Big Data,MapReduce,1.0,56.9,51.8,2,9.5,1,3,Medium,Weak
S492,Computer Graphics,2D Transformation,2.0,62.6,56.3,5,9.0,25,6,Easy,Weak
S137,Software Engineering,Agile,1.8,50.9,48.3,3,12.0,4,5,Medium,Weak
S336,Software Engineering,SDLC,4.4,100.0,79.0,2,15.0,14,1,Medium,Strong
S243,AI,Search Algorithms,0.5,69.4,63.9,3,6.3,11,4,Easy,Average
S339,OS,File Systems,1.8,62.7,55.3,4,4.7,17,4,Medium,Average
S110,Web Technology,JavaScript,1.4,33.0,29.4,2,3.1,27,6,Medium,Weak
S331,Computer Graphics,Curves,4.4,100.0,78.2,2,12.7,27,1,Easy,Strong
S028,Cyber Security,Cryptography,3.6,51.2,43.8,1,11.0,14,6,Hard,Weak
S274,AI,Knowledge Representation,1.7,28.7,33.8,2,4.0,19,7,Medium,Weak
S312,Web Technology,JavaScript,0.7,44.4,35.8,1,9.8,8,3,Medium,Weak
S205,Software Engineering,Software Design,0.7,58.5,69.9,2,11.8,6,7,Easy,Weak
S450,Data Structures,Graphs,2.4,42.7,37.0,1,14.8,18,7,Hard,Weak
S251,Data Structures,Linked Lists,3.3,72.4,61.2,1,7.7,11,0,Medium,Strong
S420,Data Structures,Linked Lists,3.8,90.8,66.9,5,4.2,1,4,Hard,Strong
S178,Big Data,MapReduce,0.6,10.9,15.8,5,3.2,21,7,Easy,Weak
S257,Web Technology,HTML/CSS,4.2,56.7,48.7,2,8.3,26,7,Hard,Average
S344,Computer Networks,Routing,2.6,67.3,58.3,3,10.3,25,7,Easy,Weak
S170,AI,Machine Learning,2.8,77.9,62.8,3,14.8,13,3,Hard,Weak
S074,Computer Graphics,2D Transformation,1.8,49.6,54.8,2,7.7,14,4,Hard,Weak
S283,Cyber Security,Web Security,1.4,54.5,42.9,5,12.3,14,0,Hard,Average
S444,DBMS,Normalization,2.3,61.6,58.6,1,7.7,11,1,Hard,Weak
S068,Software Engineering,SDLC,3.9,83.0,54.3,5,3.7,12,6,Hard,Strong
S255,Data Mining,Clustering,3.0,92.6,91.3,1,3.2,5,4,Medium,Strong
S416,Computer Networks,TCP/IP,0.8,57.3,45.3,3,6.2,4,2,Medium,Weak
S149,Data Mining,Classification,2.0,63.2,58.1,2,9.7,8,3,Easy,Weak
S265,Computer Graphics,Curves,4.2,43.5,40.0,5,4.1,8,7,Hard,Average
S302,Web Technology,Node.js,3.0,98.0,77.0,3,6.4,9,0,Easy,Strong
S321,Software Engineering,SDLC,3.6,38.9,47.3,1,6.0,11,6,Hard,Weak
S315,Computer Networks,Transport Layer,4.4,95.1,77.2,5,11.6,16,7,Medium,Strong
S023,Data Structures,Arrays,3.0,65.0,55.5,3,7.1,3,5,Medium,Weak
S348,Web Technology,Node.js,2.8,88.5,63.8,2,4.5,29,0,Easy,Strong
S161,Big Data,Hadoop,2.2,70.6,73.5,1,14.9,10,3,Medium,Average
S306,Computer Graphics,Curves,4.2,100.0,86.5,5,3.7,22,1,Medium,Strong
S287,Data Mining,Clustering,3.0,59.5,40.7,2,10.4,14,4,Easy,Average
S357,DBMS,Normalization,0.6,61.9,55.9,4,14.3,25,4,Hard,Weak
S441,Software Engineering,Agile,1.0,28.7,36.5,2,14.9,4,6,Easy,Weak
S417,Cyber Security,Cryptography,2.9,99.9,88.6,3,12.7,10,5,Medium,Average
S236,Data Structures,Arrays,1.3,46.9,51.9,5,9.0,25,5,Hard,Weak
S363,Data Structures,Arrays,2.7,46.4,34.6,1,3.6,4,1,Easy,Weak
S435,Cyber Security,Authentication,0.7,54.8,53.8,2,9.2,2,0,Easy,Weak
S278,OS,Memory Management,4.6,57.3,28.6,2,9.0,22,4,Medium,Average
S406,Computer Graphics,Curves,4.6,90.5,73.2,4,6.0,24,4,Hard,Strong
S360,DBMS,SQL,0.9,57.1,46.0,5,11.5,15,3,Hard,Weak
S146,Computer Networks,Network Security,3.0,98.2,68.1,5,3.4,20,0,Medium,Strong
S392,Computer Graphics,3D Transformation,0.8,67.0,63.9,2,4.3,7,3,Hard,Weak
S003,Web Technology,Node.js,4.4,60.4,44.6,2,8.6,19,6,Medium,Average
S482,AI,Knowledge Representation,2.0,85.9,67.5,1,6.9,17,0,Hard,Average
S403,Data Mining,Association Rules,3.2,87.5,77.6,1,6.0,27,3,Medium,Average
S303,Web Technology,Node.js,2.9,75.6,61.4,3,12.2,1,5,Medium,Average
S271,Cyber Security,Cryptography,1.0,15.7,32.0,4,14.9,17,7,Hard,Weak
S067,OS,File Systems,4.2,94.0,68.9,4,10.8,10,2,Medium,Strong
S499,Software Engineering,Agile,2.7,69.0,55.3,3,5.1,29,6,Medium,Weak
S146,Data Mining,Association Rules,3.0,100.0,89.2,2,7.4,9,4,Medium,Strong
S261,Data Mining,Classification,0.6,70.3,60.1,5,12.1,23,4,Easy,Weak
S319,Software Engineering,SDLC,2.2,100.0,87.1,5,7.3,25,6,Easy,Strong
S097,Big Data,MapReduce,0.8,68.1,54.8,4,3.4,10,4,Medium,Weak
S141,Data Mining,Classification,4.4,100.0,74.9,3,9.3,27,2,Easy,Strong
S056,Cloud Computing,Cloud Security,0.8,38.8,43.7,2,13.3,3,5,Medium,Weak
S481,Big Data,Hadoop,1.5,33.1,27.3,2,10.1,15,6,Hard,Weak
S273,Cyber Security,Authentication,3.2,76.8,57.1,4,6.3,4,5,Easy,Strong
S284,Cloud Computing,Virtualization,0.9,55.9,46.5,1,8.6,29,0,Medium,Weak
S481,Software Engineering,Software Design,1.9,71.2,61.5,3,13.4,1,1,Hard,Average
S168,OS,Process Scheduling,1.2,64.0,57.6,5,9.6,20,4,Medium,Weak
S154,Big Data,Spark,2.9,44.3,44.4,1,13.0,11,5,Easy,Average
S105,Software Engineering,Software Testing,5.0,57.2,42.5,3,8.2,26,6,Medium,Strong
S179,Computer Networks,Transport Layer,0.7,79.7,52.0,5,13.7,13,2,Hard,Average
S268,DBMS,Indexing,4.6,100.0,76.9,4,11.8,30,1,Medium,Strong
S136,Web Technology,JavaScript,3.5,79.3,47.0,4,11.1,17,2,Medium,Strong
S359,Cyber Security,Web Security,2.6,80.8,56.1,4,11.4,19,1,Hard,Strong
S409,OS,Deadlock,3.2,79.3,67.3,2,12.4,16,7,Easy,Average
S449,Cloud Computing,Cloud Storage,2.1,82.1,54.5,1,4.4,10,0,Easy,Weak
S315,Web Technology,HTML/CSS,2.0,91.2,80.2,3,10.7,17,2,Medium,Strong
S158,Data Structures,Graphs,2.1,61.0,53.4,5,13.6,1,5,Hard,Average
S034,DBMS,Indexing,3.8,100.0,83.9,5,13.7,3,0,Hard,Strong
S084,Data Structures,Linked Lists,3.8,82.5,58.1,4,3.4,17,2,Hard,Strong
S121,Computer Networks,Transport Layer,1.7,100.0,94.5,5,3.2,11,1,Hard,Strong
S049,AI,Machine Learning,3.2,72.8,56.5,3,11.0,23,4,Medium,Average
S139,Data Mining,Clustering,3.0,42.9,39.6,1,14.7,18,2,Medium,Weak
S006,Data Structures,Linked Lists,4.6,92.0,53.7,3,3.1,3,1,Easy,Strong
S106,Data Structures,Linked Lists,2.0,52.9,41.8,4,12.1,30,4,Medium,Weak
S188,AI,Expert Systems,1.0,52.9,38.3,2,8.5,15,1,Medium,Weak
S461,Cloud Computing,Virtualization,2.9,61.3,54.9,1,10.5,30,7,Hard,Weak
S052,AI,Knowledge Representation,3.6,81.4,71.5,5,14.2,27,6,Medium,Average
S378,Data Mining,Association Rules,3.1,71.2,50.6,4,8.0,5,6,Easy,Average
S096,DBMS,SQL,4.6,100.0,78.7,5,9.6,18,5,Medium,Strong
S476,Computer Networks,Network Security,2.8,74.0,48.0,2,10.0,18,0,Easy,Average
S359,Data Structures,Graphs,4.3,59.1,42.2,2,13.7,30,5,Easy,Weak
S450,Data Structures,Arrays,2.5,76.9,52.1,5,8.3,5,4,Medium,Weak
S001,Cloud Computing,Cloud Security,0.9,80.3,65.9,3,4.4,8,2,Easy,Average
S416,Big Data,Hadoop,2.2,61.4,59.4,5,7.4,4,7,Hard,Weak
S300,Cloud Computing,Load Balancing,0.8,85.7,72.4,3,5.1,2,3,Medium,Average
S298,OS,Memory Management,4.8,69.1,51.2,1,7.6,10,0,Easy,Average
S445,Cyber Security,Cryptography,1.6,92.8,75.4,5,8.4,14,4,Medium,Strong
S018,DBMS,SQL,0.6,48.7,44.5,5,11.5,26,4,Hard,Weak
S310,Software Engineering,Agile,2.9,89.1,63.3,1,3.4,21,2,Medium,Average
S052,Data Structures,Trees,2.4,52.6,56.7,3,4.9,14,6,Hard,Average
S307,DBMS,Normalization,3.2,44.2,45.1,3,13.4,16,7,Easy,Weak
S070,Web Technology,HTML/CSS,2.7,81.7,84.1,2,4.2,15,5,Medium,Strong
S141,Data Mining,Clustering,1.0,51.6,46.1,4,7.9,2,4,Hard,Weak
S115,OS,Memory Management,1.9,83.3,78.6,3,10.0,10,5,Hard,Weak
S071,Big Data,MapReduce,3.2,86.8,66.5,5,4.4,28,1,Easy,Strong
S226,OS,Process Scheduling,1.9,38.9,49.7,1,4.8,17,7,Easy,Weak
S384,Data Structures,Graphs,1.5,81.7,76.7,1,7.8,1,1,Easy,Average
S260,Cloud Computing,Cloud Security,2.5,89.3,79.2,1,10.5,5,1,Medium,Strong
S115,AI,Knowledge Representation,3.2,51.5,44.0,3,3.4,28,6,Medium,Weak
S079,Web Technology,HTML/CSS,0.7,100.0,85.6,3,9.0,26,2,Easy,Strong
S153,AI,Machine Learning,0.9,81.3,65.7,1,9.7,27,0,Medium,Weak
S159,Software Engineering,Software Design,1.0,65.3,58.3,2,12.8,5,3,Hard,Weak
S412,Web Technology,JavaScript,4.7,89.5,72.0,1,11.6,17,0,Medium,Strong
S257,Cloud Computing,Load Balancing,4.7,59.0,46.6,3,5.2,28,7,Medium,Average
S275,Computer Graphics,3D Transformation,1.6,71.2,62.3,4,9.7,10,2,Medium,Average
S322,Data Structures,Graphs,3.9,57.3,54.3,2,4.8,2,7,Medium,Average
S167,Software Engineering,SDLC,4.7,60.3,47.5,3,13.4,8,4,Easy,Strong
S057,Data Structures,Graphs,2.3,65.4,72.6,2,10.5,28,6,Easy,Weak
S002,Cyber Security,Web Security,0.7,68.6,61.0,4,13.0,8,1,Easy,Weak
S300,Computer Graphics,3D Transformation,3.5,58.2,44.1,5,4.4,4,5,Medium,Average
S326,Computer Graphics,2D Transformation,1.0,72.4,58.7,4,10.1,21,7,Medium,Weak
S091,Cyber Security,Network Security,4.6,71.1,55.1,2,4.8,20,6,Medium,Average
S391,Cloud Computing,Virtualization,4.1,86.4,60.5,5,7.2,12,6,Hard,Strong
S499,Data Structures,Linked Lists,4.6,91.8,66.2,5,4.0,14,2,Medium,Strong
S251,OS,File Systems,1.6,51.8,53.8,3,11.2,22,7,Hard,Weak
S498,Cyber Security,Web Security,3.4,82.3,66.8,1,6.4,21,1,Medium,Strong
S050,Big Data,Spark,1.3,87.8,71.6,2,11.8,15,0,Medium,Average
S468,OS,Deadlock,2.6,79.4,71.0,3,4.4,11,4,Hard,Average
S449,OS,Process Scheduling,0.7,47.8,47.0,2,4.8,1,0,Easy,Weak
S042,AI,Machine Learning,2.2,91.6,70.1,2,6.2,26,0,Easy,Strong
S121,AI,Expert Systems,4.8,89.5,64.5,5,11.7,2,2,Easy,Strong
S341,Web Technology,Node.js,2.5,73.9,71.2,3,10.4,24,3,Hard,Average
S407,Computer Networks,Network Security,3.6,79.9,72.2,3,10.8,17,4,Medium,Strong
S428,Data Structures,Graphs,0.6,54.4,59.4,4,6.7,15,3,Easy,Weak
S014,Computer Networks,Routing,1.5,41.6,62.7,1,9.4,15,6,Medium,Weak
S099,OS,Memory Management,1.4,61.2,53.6,5,14.8,11,5,Medium,Weak
S256,AI,Machine Learning,3.0,68.3,54.6,3,11.6,19,6,Hard,Weak
S432,Cyber Security,Cryptography,2.6,83.8,66.0,5,6.8,20,2,Medium,Weak
S476,Computer Networks,Transport Layer,5.0,67.3,61.3,1,14.4,1,6,Medium,Weak
S443,Data Structures,Linked Lists,0.9,63.7,61.1,2,14.1,22,2,Medium,Weak
S076,Computer Graphics,Curves,2.5,56.6,59.2,2,8.7,8,5,Medium,Weak
S072,Cloud Computing,Load Balancing,1.2,89.3,77.5,4,7.2,19,0,Hard,Average
S189,Computer Graphics,2D Transformation,3.9,94.5,75.7,3,13.7,25,1,Hard,Strong
S378,Cyber Security,Network Security,1.4,62.1,61.0,1,12.3,24,3,Easy,Weak
S196,DBMS,SQL,2.6,74.6,58.5,3,11.5,30,2,Medium,Average
S492,Data Structures,Trees,4.1,81.3,62.9,4,10.3,9,3,Easy,Strong
S285,Computer Graphics,Curves,1.1,56.4,52.0,3,4.8,17,5,Hard,Weak
S067,Software Engineering,Software Testing,3.5,89.8,74.7,4,11.4,2,5,Easy,Strong
S088,Data Mining,Data Preprocessing,3.4,79.0,61.4,1,4.3,6,5,Easy,Average
S103,Web Technology,Node.js,0.5,63.0,64.2,5,3.9,18,3,Hard,Weak
S157,Computer Networks,Routing,1.7,100.0,81.9,3,3.1,29,0,Easy,Strong
S317,DBMS,SQL,2.0,67.8,53.0,2,6.0,27,4,Easy,Weak
S210,OS,Memory Management,0.8,60.2,57.0,5,9.5,30,6,Medium,Weak
S200,Computer Networks,TCP/IP,2.3,93.6,74.0,4,8.4,2,1,Hard,Strong
S063,Data Mining,Clustering,2.0,74.3,65.0,4,12.9,25,3,Medium,Average
S387,Big Data,MapReduce,2.4,71.9,54.3,1,14.5,9,2,Hard,Average
S115,DBMS,Indexing,3.1,86.5,73.1,2,9.7,23,4,Hard,Average
S408,Big Data,Hadoop,3.1,74.9,59.7,2,10.5,20,3,Medium,Average
S084,Data Mining,Association Rules,4.0,66.3,38.9,5,6.0,19,2,Hard,Strong
S211,Computer Graphics,3D Transformation,0.7,66.7,73.7,2,14.2,18,2,Medium,Weak
S352,Data Structures,Arrays,2.5,81.0,68.3,1,10.8,1,1,Easy,Average
S466,Computer Networks,Routing,2.3,64.9,58.8,2,5.5,14,4,Hard,Average
S212,Big Data,MapReduce,0.8,53.4,52.8,4,12.7,14,2,Easy,Weak
S160,AI,Expert Systems,2.0,70.3,76.6,3,3.6,22,5,Hard,Weak
S104,Big Data,Spark,1.3,63.0,65.8,4,3.3,18,7,Medium,Weak
S212,Cyber Security,Authentication,3.7,77.0,71.4,4,13.7,8,4,Easy,Average
S464,Software Engineering,Software Design,3.3,79.5,44.7,4,7.8,13,1,Hard,Average
S014,Cyber Security,Cryptography,4.9,71.9,35.4,3,11.8,18,3,Easy,Average
S106,DBMS,Normalization,2.4,85.2,62.9,5,13.9,7,1,Easy,Strong
S496,Cloud Computing,Cloud Security,1.6,83.5,61.9,5,4.3,29,0,Medium,Strong
S459,Cloud Computing,Virtualization,2.1,68.4,55.4,4,3.6,10,5,Easy,Average
S448,Software Engineering,SDLC,1.6,53.1,60.1,1,4.5,2,7,Medium,Weak
S369,Big Data,Hadoop,0.9,30.9,34.0,5,8.9,25,5,Hard,Weak
S039,Web Technology,Node.js,5.0,79.1,54.9,4,7.5,12,7,Easy,Strong
S284,DBMS,Normalization,1.8,47.5,44.2,4,7.6,13,6,Hard,Weak
S460,Web Technology,React,2.0,100.0,83.2,3,12.6,18,1,Easy,Average
S118,Big Data,Spark,0.9,92.0,73.9,3,9.8,17,0,Medium,Weak
S207,Data Mining,Association Rules,3.9,72.0,46.6,5,13.1,9,5,Medium,Average
S391,OS,Deadlock,5.0,94.8,73.2,3,8.4,10,1,Easy,Strong
S482,Web Technology,JavaScript,2.3,100.0,89.1,4,12.6,27,1,Easy,Strong
S487,Computer Networks,Transport Layer,3.4,40.5,33.3,3,4.4,23,5,Medium,Average
S353,DBMS,SQL,2.7,73.3,54.8,5,3.5,8,1,Medium,Strong
S083,Data Mining,Association Rules,2.0,97.2,80.4,5,14.2,29,4,Medium,Strong
S489,Computer Networks,Network Security,4.6,96.9,62.8,5,14.6,4,3,Easy,Strong
S222,AI,Expert Systems,2.2,26.0,32.3,5,5.0,9,7,Medium,Weak
S500,DBMS,SQL,2.4,85.9,73.1,2,11.8,6,1,Medium,Average
S081,DBMS,SQL,1.1,92.9,78.8,3,7.5,15,0,Medium,Average
S008,Computer Networks,Routing,4.8,96.1,74.2,5,5.6,21,4,Easy,Strong
S042,Software Engineering,Software Testing,3.4,100.0,73.7,5,12.1,27,2,Easy,Strong
S449,Data Structures,Arrays,0.6,69.9,60.6,4,13.4,1,1,Easy,Weak
S429,Software Engineering,Software Testing,3.7,100.0,87.7,5,5.4,28,1,Easy,Strong
S095,Cyber Security,Web Security,3.9,78.7,64.7,1,14.8,17,3,Medium,Average
S368,Software Engineering,Agile,2.4,100.0,84.1,5,9.3,17,4,Medium,Strong
S068,Cloud Computing,Virtualization,3.5,99.8,79.7,3,3.9,1,0,Medium,Strong
S205,Computer Networks,Transport Layer,4.9,44.0,40.3,1,14.7,22,6,Medium,Average
S075,Data Mining,Association Rules,3.5,52.9,39.8,1,9.4,2,6,Hard,Weak
S097,Big Data,MapReduce,4.8,100.0,77.0,4,5.5,5,5,Medium,Strong
S107,Cloud Computing,Cloud Storage,2.4,46.9,43.4,2,11.4,13,5,Medium,Average
S001,Big Data,Hadoop,3.6,70.2,55.9,4,10.1,1,6,Medium,Strong
S381,Cyber Security,Authentication,5.0,86.9,61.7,3,3.8,26,5,Hard,Average
S431,Computer Networks,Network Security,4.9,100.0,86.8,4,7.8,15,1,Medium,Strong
S492,Web Technology,HTML/CSS,4.7,75.5,74.9,3,13.4,4,6,Medium,Strong
S330,Computer Graphics,Curves,2.1,60.1,60.1,4,8.6,26,6,Hard,Weak
S360,Data Mining,Classification,2.5,73.1,60.3,4,5.0,15,7,Easy,Average
S128,Data Structures,Graphs,1.2,70.3,64.6,2,14.3,9,4,Medium,Weak
S237,DBMS,Transactions,4.2,91.7,64.4,2,5.4,11,1,Easy,Strong
S408,Web Technology,React,2.4,79.2,74.0,1,7.5,3,5,Hard,Average
S125,Software Engineering,Agile,1.8,42.1,43.1,3,6.9,22,6,Hard,Weak
S282,DBMS,Transactions,3.6,95.5,63.6,4,14.6,21,1,Easy,Strong
S213,DBMS,Indexing,2.3,54.3,52.4,2,14.7,7,6,Easy,Weak
S476,Data Structures,Arrays,3.4,82.9,58.5,4,7.0,20,0,Medium,Strong
S441,Data Structures,Graphs,3.5,100.0,73.6,1,4.1,9,0,Hard,Strong
S372,Computer Networks,Transport Layer,2.2,64.3,54.8,2,9.8,1,3,Easy,Average
S466,DBMS,Normalization,4.7,91.6,66.4,4,5.6,1,0,Hard,Strong
S108,Data Structures,Graphs,0.6,65.1,62.3,3,5.6,14,4,Hard,Weak
S245,AI,Expert Systems,3.6,41.7,34.7,2,12.6,14,7,Medium,Weak
S366,Computer Graphics,Curves,3.9,91.8,69.3,2,11.6,22,7,Medium,Average
S224,Data Structures,Linked Lists,4.0,97.6,81.3,4,10.8,5,5,Hard,Strong
S049,Data Mining,Association Rules,1.1,50.4,55.6,1,10.4,23,2,Medium,Weak
S492,Big Data,Hadoop,2.5,88.9,68.2,2,6.2,30,0,Easy,Strong
S059,Cyber Security,Web Security,0.9,32.7,49.3,2,13.3,17,7,Medium,Weak
S348,Computer Networks,TCP/IP,3.4,100.0,90.2,5,12.6,30,1,Medium,Strong
S041,Computer Networks,Routing,1.1,74.6,67.7,4,8.3,1,1,Medium,Average
S374,DBMS,Normalization,0.6,61.1,51.6,2,6.5,3,0,Hard,Weak
S446,Software Engineering,Software Design,0.6,79.0,76.5,5,5.4,6,2,Hard,Average
S308,Web Technology,HTML/CSS,3.5,76.4,66.9,4,10.5,3,6,Medium,Average
S155,Computer Networks,Transport Layer,1.4,41.7,50.1,3,4.7,17,7,Hard,Weak
S463,DBMS,SQL,3.0,55.8,39.4,5,4.1,4,4,Hard,Weak
S384,Cloud Computing,Cloud Security,3.3,41.2,24.4,1,9.3,10,7,Easy,Weak
S037,Computer Graphics,Rendering,0.6,70.6,54.4,4,13.2,12,1,Medium,Average
S462,Cloud Computing,Load Balancing,4.6,75.3,58.8,4,13.7,4,7,Hard,Average
S450,Web Technology,JavaScript,1.4,51.4,52.7,2,12.9,23,5,Medium,Weak
S288,Data Structures,Linked Lists,3.4,24.7,36.2,3,7.9,4,7,Medium,Weak
S206,Big Data,HDFS,3.9,76.2,59.8,5,8.4,10,6,Hard,Strong
S300,Cyber Security,Network Security,3.8,71.0,59.1,2,10.6,7,4,Easy,Strong
S008,Web Technology,JavaScript,3.0,91.6,61.7,5,11.9,18,1,Easy,Strong
S099,Software Engineering,Software Testing,0.8,31.4,39.3,2,11.3,1,4,Easy,Weak
S409,Computer Graphics,2D Transformation,1.8,91.8,82.3,5,11.2,19,3,Hard,Average
S040,Cyber Security,Cryptography,1.9,54.6,47.4,3,5.2,3,5,Hard,Weak
S128,Computer Graphics,2D Transformation,2.0,69.3,73.8,1,10.2,19,4,Hard,Weak
S046,Data Mining,Data Preprocessing,3.6,80.3,64.6,4,10.1,17,3,Medium,Strong
S249,AI,Expert Systems,3.0,55.9,50.3,5,7.1,22,3,Hard,Average
S340,DBMS,Indexing,1.8,63.4,70.4,2,10.2,26,5,Easy,Weak
S253,Computer Graphics,Rendering,3.8,55.5,50.5,4,14.3,24,7,Easy,Average
S430,Software Engineering,SDLC,1.4,83.6,76.3,5,12.3,26,2,Easy,Average
S299,Big Data,MapReduce,4.8,56.5,45.5,3,12.8,20,7,Easy,Weak
S275,Cyber Security,Web Security,2.0,66.2,42.8,2,6.7,8,5,Medium,Average
S037,Computer Graphics,2D Transformation,2.0,53.9,44.2,3,3.0,22,5,Easy,Average
S263,DBMS,Transactions,2.7,62.7,48.8,3,14.8,21,7,Medium,Weak
S298,DBMS,Transactions,3.9,78.7,65.6,3,9.4,24,7,Hard,Average
S051,Data Mining,Data Preprocessing,5.0,81.9,63.8,2,5.1,2,5,Hard,Average
S273,Big Data,Spark,3.8,44.5,43.6,2,13.9,5,6,Easy,Weak
S196,Web Technology,JavaScript,4.1,98.4,66.4,4,10.6,16,0,Easy,Strong
S170,AI,Search Algorithms,1.5,51.8,51.5,1,5.4,14,0,Medium,Weak
S077,DBMS,Normalization,4.5,97.8,78.0,1,9.3,26,4,Easy,Strong
S077,Computer Networks,Routing,1.3,30.6,29.8,1,5.4,1,3,Medium,Weak
S177,AI,Knowledge Representation,1.1,49.4,42.6,1,3.8,8,0,Medium,Weak
S478,Data Mining,Clustering,1.8,10.8,22.1,4,11.8,2,7,Medium,Weak
S405,Cloud Computing,Virtualization,4.6,83.9,58.7,4,10.9,4,6,Medium,Strong
S146,DBMS,Normalization,1.3,65.0,61.0,5,12.8,24,6,Medium,Weak
S047,Data Mining,Classification,1.8,49.2,52.5,2,4.5,10,3,Medium,Average
S233,DBMS,SQL,2.9,24.0,29.0,3,7.7,27,7,Medium,Weak
S166,Web Technology,HTML/CSS,1.5,27.6,37.8,1,8.8,2,7,Medium,Weak
S343,Computer Graphics,2D Transformation,3.3,94.6,82.1,5,4.2,22,3,Medium,Strong
S493,Web Technology,HTML/CSS,0.5,72.8,60.0,3,11.5,19,0,Hard,Average
S456,Data Mining,Clustering,2.8,82.1,63.1,4,5.2,9,2,Medium,Strong
S159,Cloud Computing,Load Balancing,3.9,92.5,78.3,3,3.9,14,4,Hard,Average
S161,Cloud Computing,Virtualization,2.7,73.2,63.7,3,6.8,22,7,Easy,Average
S277,Cyber Security,Network Security,4.0,88.3,61.3,5,14.6,20,5,Medium,Strong
S406,Data Mining,Classification,3.0,57.0,52.2,4,8.9,3,6,Easy,Average
S072,OS,Memory Management,4.1,68.3,61.9,3,12.1,20,5,Medium,Strong
S166,Cyber Security,Cryptography,1.4,65.6,58.4,3,11.0,2,1,Medium,Weak
S078,Web Technology,JavaScript,5.0,93.8,60.8,5,8.1,24,2,Medium,Strong
S308,DBMS,Transactions,1.6,39.3,39.3,1,6.7,9,4,Easy,Weak
S468,Cyber Security,Web Security,3.8,67.6,65.1,3,9.7,4,5,Easy,Strong
S441,Cloud Computing,Load Balancing,2.9,83.2,67.6,3,10.6,15,7,Easy,Average
S184,Computer Graphics,Curves,2.1,69.6,64.9,4,5.5,11,1,Medium,Average
S381,OS,Process Scheduling,1.6,73.3,66.1,5,13.5,11,3,Medium,Weak
S088,Big Data,Spark,2.5,92.5,73.9,4,4.0,4,1,Medium,Strong
S037,Software Engineering,SDLC,0.9,82.7,74.4,3,5.6,7,0,Hard,Average
S364,Computer Networks,Routing,3.2,84.6,58.4,4,7.8,20,4,Easy,Average
S064,OS,Process Scheduling,1.8,78.2,63.0,3,5.1,6,3,Medium,Average
S176,Data Mining,Association Rules,4.6,86.3,62.7,2,5.0,7,0,Medium,Strong
S308,Cyber Security,Web Security,3.4,100.0,75.0,4,7.6,28,3,Hard,Strong
S147,Data Mining,Classification,1.7,61.6,49.6,5,14.9,29,5,Easy,Weak
S186,Computer Networks,Transport Layer,4.4,76.1,63.9,2,6.7,25,5,Easy,Average
S182,Cyber Security,Cryptography,2.6,80.5,60.9,2,4.5,1,2,Easy,Weak
S371,Computer Graphics,2D Transformation,3.8,88.4,62.4,2,10.7,12,3,Medium,Strong
S261,Software Engineering,Agile,3.0,100.0,74.3,2,14.5,11,2,Medium,Average
S359,Web Technology,Node.js,4.4,100.0,74.9,5,4.9,4,2,Easy,Strong
S124,Computer Graphics,2D Transformation,2.9,68.9,56.9,5,7.8,3,3,Hard,Average
S340,DBMS,SQL,3.3,39.3,37.3,1,11.4,1,5,Hard,Weak
S266,Computer Graphics,3D Transformation,3.3,72.6,50.6,5,4.5,13,0,Medium,Average
S323,Data Mining,Association Rules,2.4,73.0,58.5,5,8.5,26,7,Hard,Weak
S369,Web Technology,JavaScript,1.6,91.6,62.0,4,14.0,9,0,Easy,Strong
S134,Software Engineering,Software Design,4.7,58.3,50.7,1,12.1,23,7,Easy,Average
S022,Big Data,HDFS,2.9,93.5,61.5,4,5.9,27,0,Medium,Strong
S457,AI,Machine Learning,1.0,42.8,42.5,1,13.4,23,7,Easy,Weak
S464,OS,File Systems,3.0,83.9,51.7,4,13.6,4,2,Medium,Average
S092,Software Engineering,SDLC,2.0,77.5,67.1,1,11.6,25,3,Easy,Weak
S265,Data Mining,Clustering,2.9,85.6,66.2,3,7.0,27,1,Easy,Strong
S136,OS,Process Scheduling,4.0,69.2,52.3,1,12.0,4,3,Easy,Average
S071,Software Engineering,SDLC,4.2,67.9,56.6,4,4.8,28,7,Medium,Average
S053,Cloud Computing,Cloud Security,4.0,46.4,43.6,2,4.9,12,6,Medium,Average
S122,Computer Networks,Routing,4.5,55.0,34.0,1,4.2,25,7,Hard,Weak
S044,Big Data,Spark,1.6,60.3,64.4,1,4.5,20,6,Easy,Weak
S422,Web Technology,JavaScript,2.3,48.0,44.8,2,8.0,8,3,Medium,Weak
S252,Software Engineering,Software Design,0.6,74.0,67.1,4,6.6,29,3,Medium,Average
S013,Web Technology,React,4.3,95.8,50.9,5,13.2,26,1,Medium,Strong
S461,Software Engineering,Software Testing,0.6,13.0,28.2,1,3.3,2,6,Medium,Weak
S110,Computer Networks,Routing,2.9,100.0,83.8,4,8.5,16,0,Easy,Strong
S096,Cyber Security,Web Security,4.0,93.0,76.6,1,14.0,3,1,Hard,Strong
S074,Computer Networks,TCP/IP,3.1,83.0,75.6,3,5.3,28,0,Medium,Average
S321,AI,Search Algorithms,1.2,56.4,55.7,5,12.6,2,4,Easy,Average
S394,Cyber Security,Web Security,4.7,97.9,64.1,4,4.8,14,1,Medium,Strong
S095,Data Mining,Data Preprocessing,4.1,66.6,65.6,3,14.8,18,7,Easy,Average
S304,AI,Machine Learning,1.1,55.4,59.6,3,14.3,26,2,Easy,Weak
S020,AI,Search Algorithms,0.7,57.0,52.1,1,6.1,13,0,Hard,Weak
S090,Cloud Computing,Load Balancing,4.6,55.2,42.6,4,9.2,17,3,Easy,Average
S401,Web Technology,Node.js,0.6,32.5,42.3,4,10.4,24,7,Easy,Weak
S018,Computer Networks,Network Security,3.9,100.0,89.2,3,6.2,27,0,Hard,Strong
S053,Computer Graphics,3D Transformation,4.2,98.9,70.8,3,5.1,26,1,Medium,Strong
S186,Big Data,MapReduce,2.8,89.1,73.9,2,11.0,25,5,Medium,Average
S255,Data Mining,Data Preprocessing,2.4,90.9,76.4,1,9.5,4,3,Hard,Weak
S426,Big Data,Hadoop,1.5,65.4,68.3,1,12.9,3,3,Medium,Weak
S141,Computer Networks,Transport Layer,1.8,78.7,71.7,5,12.8,18,7,Medium,Average
S147,OS,Deadlock,3.9,43.0,21.0,2,14.5,5,7,Medium,Weak
S281,Software Engineering,Software Testing,4.0,96.5,72.3,3,9.1,15,5,Medium,Strong
S106,Computer Graphics,Curves,3.5,79.2,63.8,3,9.7,24,3,Easy,Strong
S222,Cloud Computing,Cloud Security,1.3,100.0,77.2,5,14.8,22,0,Hard,Strong
S329,Data Mining,Data Preprocessing,1.5,48.6,47.4,3,10.1,7,5,Easy,Weak
S351,Data Structures,Linked Lists,2.9,86.8,79.1,3,14.0,11,6,Medium,Average
S315,DBMS,Indexing,2.7,65.6,47.8,5,11.0,24,1,Easy,Average
S397,OS,Process Scheduling,1.9,84.4,74.6,5,3.7,19,1,Hard,Average
S340,OS,Memory Management,4.1,61.5,54.4,3,8.9,24,6,Medium,Average
S241,Software Engineering,SDLC,0.9,43.7,55.0,2,9.5,18,5,Medium,Weak
S423,Data Structures,Arrays,1.7,32.8,40.6,1,10.9,24,7,Medium,Weak
S379,Data Mining,Classification,4.1,63.4,47.0,2,10.6,9,2,Hard,Average
S055,Cloud Computing,Cloud Storage,2.0,80.0,63.4,4,8.5,27,5,Medium,Average
S250,AI,Expert Systems,4.7,100.0,80.1,1,13.0,25,1,Easy,Strong
S400,AI,Expert Systems,3.4,68.5,46.8,5,10.7,11,5,Medium,Average
S369,Computer Networks,Routing,1.2,75.5,69.3,1,6.3,15,3,Easy,Weak
S386,DBMS,Indexing,1.5,79.8,66.3,5,4.8,20,3,Easy,Average
S443,OS,Process Scheduling,1.3,53.7,56.9,5,6.8,1,6,Easy,Weak
S146,Software Engineering,Software Testing,4.1,77.3,71.7,1,12.1,13,5,Easy,Average
S262,Computer Networks,Transport Layer,2.0,81.3,81.7,4,3.6,11,2,Hard,Average
S303,Data Mining,Data Preprocessing,2.5,87.8,74.3,2,13.1,15,2,Easy,Strong
S094,Data Mining,Clustering,4.1,100.0,61.1,5,8.4,26,1,Medium,Strong
S452,Computer Graphics,2D Transformation,4.1,60.7,51.7,2,14.8,4,6,Easy,Weak
S188,Data Mining,Data Preprocessing,2.8,100.0,91.6,5,7.4,25,4,Easy,Strong
S350,Cyber Security,Cryptography,3.5,95.4,77.6,4,14.0,29,2,Easy,Strong
S031,OS,Memory Management,4.3,74.3,57.5,3,4.5,24,6,Hard,Average
S285,Computer Graphics,2D Transformation,1.0,41.0,47.8,3,7.0,1,6,Medium,Weak
S486,Cyber Security,Network Security,3.0,84.8,61.4,5,10.1,7,4,Easy,Strong
S367,Computer Networks,Network Security,1.5,57.0,58.2,3,11.0,30,4,Easy,Weak
S230,Computer Graphics,3D Transformation,2.8,86.4,76.5,4,6.6,5,4,Easy,Average
S168,Cloud Computing,Load Balancing,3.5,82.0,57.6,3,12.2,2,0,Medium,Strong
S383,Computer Networks,Network Security,1.0,52.9,36.5,5,10.6,28,7,Easy,Weak
S185,Data Structures,Arrays,0.8,56.2,54.0,2,4.7,2,3,Easy,Weak
S072,Computer Graphics,3D Transformation,0.6,59.5,51.7,5,9.7,10,4,Hard,Average
S102,Big Data,MapReduce,0.5,52.4,54.3,2,3.1,4,1,Medium,Weak
S474,Cloud Computing,Virtualization,3.9,71.6,54.1,5,5.4,18,2,Medium,Strong
S413,Data Structures,Arrays,3.0,56.3,46.4,5,9.5,23,6,Easy,Weak
S261,Cyber Security,Cryptography,2.0,67.2,61.0,5,9.4,21,4,Hard,Average
S369,Data Structures,Arrays,3.6,79.0,66.3,3,8.1,17,3,Medium,Average
S185,Software Engineering,Agile,1.5,40.2,45.8,4,3.0,26,7,Easy,Weak
S071,Computer Networks,Transport Layer,1.7,84.6,63.1,3,11.5,26,4,Easy,Average
S005,Computer Graphics,Rendering,3.0,72.0,62.0,2,11.6,25,0,Medium,Weak
S368,Computer Graphics,3D Transformation,4.2,91.3,70.1,1,12.0,4,6,Medium,Average
S157,DBMS,SQL,4.7,41.4,39.4,3,13.3,14,7,Medium,Average
S284,Data Mining,Association Rules,0.8,63.2,59.1,5,4.5,15,4,Medium,Average
S376,DBMS,Transactions,1.9,68.7,60.7,1,14.0,4,2,Medium,Weak
S057,DBMS,Indexing,2.6,50.7,51.2,1,7.7,5,6,Medium,Weak
S487,Computer Graphics,Curves,0.7,43.9,40.2,5,5.3,5,6,Hard,Weak
S189,AI,Search Algorithms,1.2,66.5,65.9,3,5.8,21,2,Hard,Weak
S069,Cyber Security,Cryptography,3.4,72.1,58.1,2,14.5,17,1,Easy,Strong
S143,OS,File Systems,2.6,40.1,37.6,4,14.7,23,5,Medium,Weak
S029,Computer Graphics,2D Transformation,3.6,81.7,71.0,2,8.6,2,5,Medium,Strong
S356,AI,Expert Systems,3.5,88.3,58.5,5,4.5,3,2,Hard,Strong
S111,Big Data,HDFS,2.1,44.7,41.0,3,12.1,29,7,Medium,Weak
S300,Computer Networks,Transport Layer,1.9,47.7,49.3,2,8.3,24,5,Medium,Weak
S346,OS,Memory Management,4.7,99.4,62.1,3,13.2,23,1,Medium,Strong
S423,DBMS,Transactions,2.5,50.7,41.2,3,12.5,7,3,Easy,Weak
S149,Computer Networks,Routing,1.0,19.6,39.0,3,14.0,8,7,Medium,Weak
S068,Computer Networks,TCP/IP,4.6,81.6,61.9,3,3.4,22,4,Hard,Strong
S002,Data Mining,Data Preprocessing,1.7,81.2,73.7,4,8.7,27,5,Hard,Strong
S202,Cyber Security,Network Security,2.1,100.0,88.4,5,4.9,9,0,Hard,Strong
S326,Web Technology,JavaScript,0.6,46.5,62.5,3,7.2,20,7,Easy,Weak
S240,Software Engineering,Software Design,4.7,100.0,77.6,4,14.6,27,0,Hard,Strong
S461,Software Engineering,Software Design,0.6,64.0,61.4,2,14.5,29,4,Medium,Weak
S111,Cloud Computing,Virtualization,2.2,83.3,56.1,5,7.2,20,0,Hard,Average
S103,Data Mining,Classification,2.5,74.4,69.2,3,7.0,11,7,Easy,Weak
S357,Big Data,Hadoop,3.2,57.3,47.3,4,6.8,2,3,Easy,Strong
S019,Big Data,HDFS,2.0,78.7,81.3,3,7.5,24,1,Easy,Average
S046,AI,Machine Learning,2.7,68.6,65.2,2,5.3,1,6,Medium,Weak
S442,Data Structures,Arrays,1.0,48.4,56.7,4,3.4,16,6,Medium,Weak
S020,Big Data,MapReduce,3.4,84.3,65.1,4,7.2,18,6,Hard,Strong
S007,Data Mining,Association Rules,4.1,91.3,61.6,4,4.3,12,3,Medium,Strong
S467,Data Structures,Graphs,4.4,42.8,32.8,1,6.3,7,4,Hard,Weak
S469,Data Structures,Arrays,3.6,66.2,58.0,2,12.3,8,4,Hard,Average
S126,Software Engineering,Software Design,5.0,96.8,59.6,3,9.4,16,0,Easy,Strong
S473,Cyber Security,Web Security,2.7,50.3,49.9,1,13.5,13,4,Hard,Weak
S307,Computer Networks,Transport Layer,4.4,92.1,66.5,3,14.4,29,1,Medium,Strong
S288,Data Structures,Arrays,1.6,64.0,61.3,4,9.0,9,7,Medium,Weak
S255,Computer Graphics,Rendering,0.8,27.3,45.1,1,6.0,10,7,Hard,Weak
S428,Computer Graphics,Rendering,4.6,31.0,32.0,4,6.6,4,7,Easy,Weak
S069,Cyber Security,Web Security,2.4,51.4,32.7,5,4.1,8,4,Medium,Weak
S284,Big Data,HDFS,4.6,85.5,49.4,5,6.8,23,3,Hard,Strong
S018,AI,Knowledge Representation,2.2,34.1,36.2,4,10.7,17,6,Hard,Weak
S285,Computer Networks,Routing,2.1,51.8,50.5,1,5.1,10,6,Hard,Weak
S092,DBMS,SQL,3.2,69.5,61.1,4,4.0,17,4,Medium,Average
S132,Data Mining,Clustering,2.1,65.2,62.8,5,13.6,8,7,Hard,Average
S306,Software Engineering,SDLC,3.2,75.7,57.5,4,4.3,23,0,Hard,Strong
S372,Cyber Security,Web Security,1.8,74.6,66.1,2,11.9,22,3,Hard,Average
S049,Computer Graphics,3D Transformation,3.1,73.5,59.7,2,14.0,12,6,Medium,Average
S430,Cloud Computing,Load Balancing,4.0,84.9,63.6,2,13.8,10,2,Hard,Strong
S066,Data Structures,Trees,2.5,83.4,65.2,1,13.1,23,2,Easy,Weak
S200,Data Structures,Trees,2.7,71.0,62.6,2,10.6,11,4,Medium,Average
S192,Computer Networks,TCP/IP,0.7,43.5,44.9,1,3.2,11,0,Hard,Weak
S100,Web Technology,JavaScript,4.8,65.1,49.5,1,9.5,10,4,Medium,Average
S342,Cloud Computing,Cloud Security,0.6,78.9,67.7,3,8.3,23,0,Hard,Weak
S414,Cyber Security,Network Security,3.2,82.7,74.1,3,12.6,2,6,Medium,Average
S246,Data Mining,Clustering,3.6,79.2,63.7,3,4.8,15,2,Hard,Average
S037,Software Engineering,Software Testing,1.6,87.6,67.0,2,13.4,7,0,Medium,Average
S028,Web Technology,HTML/CSS,2.7,34.5,39.4,2,4.6,17,5,Medium,Weak
S301,DBMS,Transactions,3.2,72.8,59.5,3,6.4,20,2,Medium,Average
S107,AI,Search Algorithms,5.0,82.5,64.0,1,9.7,3,5,Hard,Strong
S135,DBMS,Normalization,2.5,73.1,73.2,5,5.9,23,7,Hard,Average
S430,Data Structures,Arrays,2.3,90.0,62.9,2,6.8,1,4,Easy,Average
S404,AI,Machine Learning,1.7,57.8,54.5,3,5.4,20,2,Easy,Average
S246,Computer Networks,Routing,2.5,69.4,50.8,1,7.9,4,0,Hard,Average
S098,Data Structures,Arrays,3.6,59.5,54.7,4,11.8,3,5,Medium,Average
S197,Software Engineering,Agile,4.3,52.5,50.5,1,8.8,3,7,Easy,Weak
S422,Cyber Security,Authentication,3.6,77.2,61.0,2,13.6,4,6,Easy,Average
S222,Computer Graphics,2D Transformation,4.0,53.8,32.5,2,13.8,11,2,Medium,Average
S101,Data Mining,Clustering,0.5,73.5,56.4,5,5.3,19,1,Hard,Average
S005,AI,Expert Systems,4.8,69.3,48.6,3,4.4,10,7,Medium,Strong
S270,DBMS,Normalization,4.7,67.4,48.4,3,11.5,16,2,Easy,Strong
S358,Data Mining,Classification,1.6,74.4,69.0,4,8.1,14,6,Medium,Average
S127,Computer Networks,Network Security,0.6,40.9,44.4,4,11.4,2,7,Hard,Weak
S097,Computer Graphics,2D Transformation,2.1,100.0,92.0,5,12.8,2,1,Medium,Average
S306,Big Data,MapReduce,1.3,42.0,50.9,4,12.5,10,7,Medium,Weak
S305,Software Engineering,Software Testing,3.1,80.2,55.8,5,11.2,18,1,Hard,Strong
S441,Data Mining,Classification,4.8,74.0,49.4,3,3.2,23,0,Medium,Strong
S142,OS,Deadlock,1.0,94.7,79.4,3,5.3,3,1,Medium,Average
S013,Computer Graphics,3D Transformation,3.1,90.3,71.5,2,6.5,8,1,Medium,Strong
S401,AI,Search Algorithms,3.7,66.5,53.3,5,11.2,13,7,Medium,Strong
S448,Data Mining,Data Preprocessing,1.0,15.3,23.8,5,10.2,21,6,Easy,Weak
S336,AI,Search Algorithms,1.9,65.7,37.2,5,11.5,29,2,Easy,Average
S305,Web Technology,Node.js,4.9,76.9,55.5,3,14.9,30,4,Easy,Strong
S461,Software Engineering,Software Design,4.3,94.1,69.6,4,11.7,12,6,Easy,Strong
S328,Computer Networks,Network Security,1.2,56.6,51.3,5,10.8,17,3,Medium,Weak
S354,DBMS,Normalization,3.2,59.4,43.0,2,4.2,4,3,Medium,Average
S026,Data Structures,Arrays,2.8,31.4,30.9,2,9.9,7,7,Medium,Weak
S436,AI,Expert Systems,2.2,84.4,64.2,5,3.7,17,3,Easy,Average
S489,Cloud Computing,Virtualization,2.8,78.3,48.9,5,9.8,18,1,Easy,Average
S454,Software Engineering,Software Testing,0.9,100.0,81.3,5,5.9,22,1,Medium,Average
S478,Data Structures,Linked Lists,0.5,85.5,71.2,5,8.0,28,0,Medium,Average
S018,Software Engineering,Software Testing,4.8,97.3,67.1,5,8.3,5,0,Medium,Strong
S020,Computer Networks,TCP/IP,2.2,75.5,86.1,1,9.0,24,7,Hard,Weak
S123,Computer Graphics,Curves,3.9,73.7,62.9,5,14.4,24,6,Medium,Average
S334,AI,Machine Learning,0.6,63.8,57.2,1,13.7,21,1,Medium,Weak
S199,Cloud Computing,Cloud Security,2.9,67.8,61.2,3,3.6,27,4,Medium,Weak
S206,AI,Machine Learning,2.4,80.1,69.5,1,6.7,16,2,Medium,Average
S453,Computer Networks,Routing,3.2,60.2,61.1,3,14.4,15,5,Medium,Weak
S267,Web Technology,JavaScript,1.2,65.0,76.7,1,6.6,7,6,Easy,Weak
S450,Cloud Computing,Cloud Storage,1.3,94.2,83.0,4,8.1,27,1,Hard,Strong
S233,DBMS,SQL,4.0,92.3,70.5,4,10.0,23,2,Hard,Strong
S333,Cloud Computing,Load Balancing,2.4,85.0,71.7,5,13.0,9,2,Easy,Average
S148,AI,Expert Systems,2.6,81.6,54.1,3,6.5,27,3,Medium,Average
S333,Data Mining,Clustering,2.4,77.3,66.9,2,10.2,29,3,Easy,Average
S499,Computer Networks,Transport Layer,3.5,100.0,82.6,4,3.5,18,1,Easy,Strong
S252,Data Mining,Clustering,1.1,67.7,66.4,5,6.5,21,7,Hard,Weak
S395,Data Mining,Data Preprocessing,1.2,21.4,22.1,3,12.4,26,7,Medium,Weak
S462,Data Structures,Linked Lists,1.6,40.4,53.5,2,11.8,9,7,Medium,Weak
S389,Cyber Security,Web Security,3.7,86.1,64.8,2,7.7,17,1,Medium,Strong
S290,DBMS,SQL,4.6,100.0,94.7,4,8.3,9,0,Hard,Strong
S422,AI,Machine Learning,2.0,48.8,33.9,3,5.3,23,7,Hard,Weak
S055,Big Data,HDFS,1.5,43.9,50.4,3,4.2,29,7,Medium,Weak
S465,Web Technology,Node.js,1.3,58.7,45.7,1,14.4,26,2,Easy,Weak
S144,OS,Memory Management,4.8,100.0,75.5,1,11.6,15,0,Easy,Strong
S470,Web Technology,React,2.6,69.6,62.9,2,9.9,19,0,Medium,Average
S258,OS,Memory Management,4.9,46.9,31.8,3,3.3,6,4,Medium,Average
S154,Cloud Computing,Cloud Storage,4.7,75.9,56.4,3,5.5,24,3,Easy,Strong
S430,Web Technology,React,3.9,68.0,51.1,4,4.3,26,6,Medium,Strong
S156,Computer Networks,Network Security,1.7,100.0,88.6,4,9.3,26,0,Medium,Strong
S391,AI,Expert Systems,0.6,84.7,71.1,5,4.9,15,5,Medium,Average
S298,AI,Machine Learning,2.5,65.8,51.3,4,8.3,2,6,Easy,Average
S326,Computer Networks,Network Security,2.7,77.7,60.9,2,13.8,10,1,Hard,Average
S324,Data Structures,Graphs,4.6,87.8,66.1,5,11.7,21,2,Easy,Strong
S005,OS,File Systems,3.6,71.4,60.0,1,3.4,10,1,Easy,Strong
S151,Cloud Computing,Load Balancing,0.6,70.4,67.2,5,3.6,9,1,Easy,Average
S064,Data Structures,Linked Lists,3.8,59.4,39.5,5,11.0,28,7,Medium,Average
S414,Software Engineering,Software Testing,4.6,80.9,68.7,2,4.9,20,6,Hard,Strong
S499,Data Mining,Association Rules,3.2,90.1,77.9,3,12.8,23,5,Medium,Average
S421,Computer Networks,Routing,2.8,87.9,56.9,5,13.8,16,0,Hard,Average
S259,DBMS,SQL,0.6,61.7,58.2,1,7.2,1,0,Easy,Average
S264,Big Data,MapReduce,3.1,81.0,56.0,3,9.5,25,1,Medium,Average
S128,AI,Search Algorithms,2.7,57.5,48.2,4,3.9,2,7,Hard,Average
S401,Data Mining,Association Rules,3.2,65.4,57.8,5,10.3,10,7,Medium,Weak
S197,Cloud Computing,Cloud Storage,2.1,75.3,66.7,5,6.6,4,4,Hard,Strong
S082,Data Structures,Arrays,4.2,82.4,66.4,4,11.0,6,2,Hard,Strong
S363,Web Technology,HTML/CSS,4.5,64.7,37.4,2,14.6,24,2,Medium,Average
S432,Data Structures,Arrays,4.5,81.9,67.6,4,6.3,11,6,Easy,Strong
S110,Web Technology,Node.js,4.1,66.6,53.3,1,13.0,20,7,Medium,Weak
S407,Web Technology,JavaScript,1.2,28.6,27.3,2,9.7,18,3,Easy,Weak
S417,Computer Networks,Transport Layer,4.3,99.9,72.4,4,10.1,15,2,Medium,Strong
S322,Software Engineering,Software Testing,4.1,87.6,66.6,2,11.4,22,0,Hard,Strong
S430,Cloud Computing,Load Balancing,1.5,60.0,61.1,4,14.2,21,7,Medium,Weak
S070,Data Mining,Clustering,3.9,100.0,85.7,5,13.4,21,1,Easy,Strong
S358,Cyber Security,Web Security,3.4,85.3,59.1,3,8.2,17,0,Medium,Strong
S096,Data Mining,Data Preprocessing,4.3,100.0,67.0,5,7.8,9,0,Easy,Strong
S191,Computer Networks,Transport Layer,0.7,70.9,65.5,2,12.4,2,3,Hard,Weak
S082,Software Engineering,Agile,4.8,97.0,71.1,1,13.1,26,2,Easy,Strong
S441,Data Structures,Arrays,2.4,88.4,63.7,4,14.4,4,2,Hard,Average
S059,Computer Networks,Routing,3.0,65.0,59.3,2,13.3,27,1,Hard,Weak
S316,Big Data,HDFS,4.9,79.4,53.4,2,5.9,5,3,Hard,Average
S233,Computer Networks,Network Security,4.8,88.8,69.0,2,5.6,14,3,Medium,Strong
S127,Software Engineering,Agile,2.4,55.7,59.0,5,14.6,20,7,Easy,Weak
S196,Computer Networks,Routing,1.1,40.5,53.6,1,14.2,8,7,Medium,Weak
S332,Data Mining,Clustering,2.6,71.6,64.3,4,5.7,17,7,Hard,Average
S024,DBMS,SQL,0.6,68.2,54.6,5,13.7,23,5,Medium,Weak
S216,Computer Graphics,3D Transformation,5.0,100.0,87.5,4,10.0,5,6,Medium,Strong
S380,Software Engineering,Agile,2.1,100.0,80.7,3,4.1,22,0,Easy,Strong
S345,Computer Networks,Routing,3.8,46.4,35.4,5,4.2,18,7,Medium,Average
S283,Data Mining,Classification,2.5,65.3,50.3,1,11.8,11,0,Hard,Average
S418,Data Structures,Trees,2.7,85.8,78.7,2,12.2,8,2,Easy,Average
S075,Data Structures,Linked Lists,2.6,61.7,46.7,4,14.5,7,4,Easy,Average
S306,Computer Graphics,Rendering,3.1,56.7,45.5,2,8.1,24,4,Hard,Average
S213,OS,Deadlock,3.0,63.6,58.8,3,9.2,18,7,Hard,Average
S390,Software Engineering,Agile,0.6,38.9,40.7,2,6.1,5,4,Easy,Weak
S291,Big Data,MapReduce,1.1,70.4,73.0,1,12.7,1,2,Hard,Weak
S383,Cyber Security,Network Security,3.4,63.2,46.6,1,10.3,27,3,Medium,Weak
S106,Data Mining,Classification,3.7,49.7,46.7,2,9.0,23,7,Medium,Weak
S006,AI,Machine Learning,1.0,63.9,53.2,1,12.1,2,1,Hard,Weak
S003,Web Technology,HTML/CSS,4.6,93.3,73.1,1,13.9,24,2,Medium,Strong
S432,Big Data,Hadoop,3.5,46.6,40.4,3,12.7,20,6,Hard,Weak
S212,Cloud Computing,Cloud Security,0.6,62.3,57.6,1,6.2,25,5,Easy,Weak
S023,Data Structures,Linked Lists,3.5,66.7,50.8,1,14.3,19,7,Easy,Average
S264,Computer Graphics,2D Transformation,2.5,73.4,77.2,1,10.5,26,1,Easy,Average
S441,Software Engineering,Agile,1.8,44.0,47.7,3,11.0,17,7,Easy,Weak
S253,Software Engineering,Software Design,4.5,97.2,79.3,5,9.3,11,5,Medium,Strong
S048,DBMS,Normalization,1.3,54.8,57.6,2,6.0,15,6,Medium,Weak
S199,DBMS,Indexing,4.7,100.0,75.2,5,9.4,23,2,Hard,Strong
S215,Web Technology,Node.js,3.1,61.6,60.8,2,8.1,30,5,Easy,Average
S013,Cloud Computing,Load Balancing,3.1,64.4,40.5,4,4.9,28,3,Medium,Average
S274,Cyber Security,Cryptography,0.6,58.6,50.8,2,11.1,5,3,Hard,Weak
S241,OS,Process Scheduling,0.6,49.2,49.7,5,12.7,26,7,Medium,Weak
S197,Data Mining,Data Preprocessing,3.3,47.1,48.4,3,4.4,27,7,Hard,Weak
S459,Computer Graphics,3D Transformation,1.6,77.7,67.6,2,10.1,16,3,Medium,Average
S298,Data Structures,Trees,0.9,55.2,51.7,1,3.5,26,1,Easy,Average
S309,OS,Process Scheduling,2.9,73.9,67.4,4,8.7,28,3,Medium,Average
S449,Data Structures,Linked Lists,3.0,73.3,53.1,2,5.9,4,3,Medium,Average
S094,DBMS,SQL,1.4,65.9,61.3,5,5.9,24,6,Easy,Average
S347,Web Technology,React,3.3,70.1,40.2,5,7.9,19,4,Hard,Average
S273,OS,File Systems,3.3,61.2,60.5,1,4.7,30,2,Easy,Average
S254,Data Structures,Graphs,4.8,57.4,35.8,4,4.7,26,4,Medium,Average
S049,AI,Machine Learning,3.4,76.4,58.3,1,8.7,30,2,Medium,Average
S136,Cyber Security,Cryptography,4.0,66.4,61.6,3,3.9,27,3,Medium,Average
S067,OS,Deadlock,1.0,28.8,42.6,2,6.1,21,6,Medium,Weak
S013,Computer Graphics,2D Transformation,3.9,79.2,52.9,4,14.3,22,0,Hard,Strong
S084,Data Structures,Arrays,2.0,35.9,37.7,4,13.0,15,6,Medium,Weak
S248,Data Structures,Arrays,3.8,57.1,50.5,3,13.3,30,6,Easy,Average
S285,Software Engineering,SDLC,1.7,73.1,57.0,5,11.7,19,4,Medium,Average
S068,Software Engineering,Agile,1.3,70.5,55.3,5,7.5,19,2,Easy,Weak
S290,Web Technology,React,0.7,79.4,65.8,5,7.4,13,3,Medium,Average
S487,Computer Graphics,2D Transformation,2.8,97.8,83.8,5,3.8,2,0,Easy,Strong
S024,Computer Networks,Transport Layer,4.6,100.0,74.6,1,8.5,19,1,Medium,Strong
S005,DBMS,Normalization,3.1,100.0,68.2,3,8.8,12,1,Easy,Strong
S302,Data Mining,Data Preprocessing,1.1,45.1,49.0,4,4.4,21,7,Easy,Weak
S006,Cloud Computing,Cloud Storage,2.8,65.4,52.9,3,4.4,26,6,Hard,Weak
S188,DBMS,Indexing,1.6,43.2,45.1,2,4.5,23,7,Medium,Weak
S495,Computer Networks,Network Security,3.8,76.9,44.4,2,10.0,13,5,Medium,Average
S064,AI,Machine Learning,3.4,63.2,52.4,1,12.8,6,3,Easy,Average
S187,Cyber Security,Cryptography,4.0,91.3,66.3,4,5.2,17,7,Easy,Strong
S486,Cloud Computing,Virtualization,2.0,68.6,66.3,1,5.5,18,4,Medium,Weak
S335,Computer Networks,TCP/IP,1.1,30.7,40.1,2,3.8,16,5,Easy,Weak
S054,AI,Knowledge Representation,2.3,64.0,51.6,3,10.3,4,1,Easy,Average
S096,Cloud Computing,Cloud Security,2.8,54.3,47.6,2,5.5,30,4,Medium,Weak
S122,OS,File Systems,4.6,88.7,61.7,3,9.8,7,7,Hard,Average
S316,Computer Networks,Routing,4.1,92.7,59.1,4,4.4,8,0,Easy,Strong
S342,Cyber Security,Cryptography,1.7,58.7,54.6,5,7.5,13,5,Hard,Weak
S398,Data Structures,Linked Lists,4.7,64.5,56.0,3,3.0,12,7,Medium,Average
S194,AI,Knowledge Representation,2.1,80.5,65.5,4,11.2,22,5,Easy,Average
S170,OS,Deadlock,0.6,64.3,55.4,1,10.1,22,2,Hard,Weak
S265,Computer Graphics,Rendering,1.7,64.8,66.5,1,8.9,18,7,Easy,Weak
S281,Computer Networks,Routing,1.8,63.3,54.9,4,8.1,18,3,Medium,Average
S320,OS,Process Scheduling,1.2,64.3,59.0,2,5.7,1,0,Medium,Average
S003,Cyber Security,Cryptography,0.6,61.9,74.7,5,11.3,5,7,Medium,Weak
S185,Computer Networks,Transport Layer,4.4,93.9,52.4,3,9.6,27,0,Medium,Average
S190,Software Engineering,Software Design,1.9,81.2,70.5,4,12.9,2,6,Easy,Average
S472,Big Data,Spark,4.6,100.0,70.7,5,11.6,24,0,Easy,Strong
S418,Data Mining,Data Preprocessing,3.2,100.0,75.2,3,10.6,7,0,Hard,Strong
S063,Big Data,HDFS,3.6,89.0,77.0,5,7.7,9,6,Hard,Strong
S188,Data Structures,Arrays,3.3,73.8,62.3,2,10.5,18,4,Hard,Average
S286,AI,Expert Systems,1.1,61.6,59.5,4,11.5,6,3,Medium,Weak
S101,AI,Machine Learning,2.2,45.0,46.9,1,11.1,19,5,Medium,Weak
S474,Computer Graphics,Rendering,3.8,76.2,58.0,2,14.0,23,1,Medium,Strong
S198,OS,Deadlock,1.5,17.5,32.2,2,8.4,1,6,Easy,Weak
S450,Web Technology,React,3.5,100.0,76.0,5,10.0,16,7,Medium,Strong
S301,AI,Machine Learning,3.0,81.9,58.4,5,8.9,12,3,Easy,Strong
S361,Data Mining,Data Preprocessing,2.8,92.8,58.7,5,5.0,22,0,Medium,Strong
S255,Cyber Security,Network Security,3.6,93.3,68.4,4,12.7,10,1,Easy,Strong
S392,DBMS,Indexing,2.0,52.3,44.6,4,11.2,10,4,Hard,Weak
S361,Web Technology,JavaScript,1.0,72.8,70.9,2,5.7,1,3,Medium,Weak
S282,Web Technology,HTML/CSS,0.9,74.2,70.6,4,10.8,24,6,Easy,Weak
S146,Web Technology,React,1.6,52.9,54.2,2,9.3,21,6,Medium,Weak
S346,Cloud Computing,Virtualization,4.1,52.9,44.5,3,12.9,12,7,Hard,Weak
S283,OS,File Systems,4.7,95.1,76.0,3,4.7,22,5,Medium,Strong
S180,Data Structures,Trees,3.4,77.8,63.0,4,6.6,3,4,Hard,Strong
S219,Cyber Security,Web Security,4.2,98.0,72.3,3,9.1,27,1,Medium,Strong
S321,Data Mining,Clustering,4.2,100.0,92.6,3,6.2,25,4,Medium,Strong
S317,OS,Process Scheduling,1.4,75.6,62.7,3,14.7,17,2,Easy,Average
S096,Cloud Computing,Cloud Storage,1.1,70.4,46.7,5,6.3,15,5,Medium,Weak
S068,Data Structures,Graphs,1.0,15.8,25.6,3,13.7,10,6,Medium,Weak
S404,Data Mining,Data Preprocessing,0.8,60.7,57.2,1,13.4,27,1,Easy,Weak
S273,OS,Deadlock,2.4,80.5,70.5,5,3.1,8,2,Hard,Strong
S201,Cloud Computing,Cloud Storage,1.8,40.3,43.9,4,12.9,3,4,Medium,Weak
S396,Data Structures,Graphs,4.5,76.3,54.3,5,11.6,10,4,Easy,Strong
S124,AI,Knowledge Representation,1.2,77.1,69.7,3,7.6,26,3,Easy,Average
S113,Computer Graphics,Rendering,0.8,44.8,54.0,4,5.6,12,4,Medium,Weak
S361,DBMS,SQL,2.4,100.0,85.3,5,9.5,17,1,Easy,Strong
S483,Cloud Computing,Virtualization,1.8,52.1,55.3,3,14.3,20,6,Hard,Weak
S115,Cyber Security,Web Security,3.2,55.6,55.4,5,10.9,21,6,Medium,Average
S078,DBMS,Transactions,4.4,100.0,79.5,3,10.4,9,1,Medium,Strong
S317,DBMS,SQL,3.6,81.7,57.7,2,3.6,12,0,Medium,Strong
S228,Cyber Security,Cryptography,2.6,82.3,65.9,4,10.5,8,0,Easy,Average
S048,Cyber Security,Cryptography,4.5,62.0,48.4,3,5.6,18,7,Hard,Strong
S062,Data Structures,Graphs,1.4,51.9,48.5,3,10.2,25,7,Medium,Weak
S203,DBMS,SQL,0.6,53.6,52.4,5,7.2,17,5,Easy,Weak
S046,DBMS,Transactions,3.1,90.7,56.6,5,11.9,27,3,Easy,Strong
S111,AI,Knowledge Representation,4.7,100.0,65.8,4,13.2,19,0,Hard,Strong
S033,Data Mining,Data Preprocessing,1.2,39.1,31.6,5,6.9,24,4,Easy,Weak
S291,Data Structures,Trees,3.0,100.0,75.2,3,11.7,14,0,Hard,Strong
S394,Computer Graphics,Curves,3.9,63.1,41.5,5,13.9,1,7,Hard,Average
S366,Web Technology,React,4.6,69.6,59.9,3,5.1,11,6,Hard,Strong
S293,Cyber Security,Cryptography,4.1,64.5,42.3,1,3.6,2,4,Hard,Average
S492,Software Engineering,Software Testing,3.0,85.1,71.2,2,13.4,8,0,Medium,Average
S157,Software Engineering,Software Testing,2.6,89.1,85.8,4,3.0,30,5,Medium,Average
S341,Computer Graphics,2D Transformation,0.9,74.1,64.6,3,15.0,3,5,Easy,Weak
S081,Computer Networks,Transport Layer,1.1,71.2,61.5,5,8.7,12,3,Medium,Average
S069,DBMS,Transactions,2.0,40.3,41.0,1,8.5,12,6,Hard,Weak
S141,Computer Networks,Network Security,2.9,49.2,39.9,3,9.5,11,2,Easy,Strong
S215,OS,Process Scheduling,4.7,92.3,71.9,4,4.2,22,4,Hard,Strong
S442,Data Structures,Graphs,2.7,82.3,69.2,4,3.3,15,1,Easy,Strong
S038,OS,File Systems,2.1,84.5,62.3,5,6.6,24,1,Hard,Average
S001,Cloud Computing,Cloud Security,0.8,70.2,67.4,2,4.0,14,1,Medium,Weak
S330,Computer Networks,Routing,1.3,74.1,66.0,2,12.1,21,4,Easy,Average
S473,Data Mining,Clustering,1.3,67.8,56.3,5,12.5,29,5,Hard,Weak
S380,AI,Machine Learning,3.5,85.9,70.1,1,13.0,15,1,Hard,Strong
S202,AI,Knowledge Representation,1.0,70.8,57.6,1,11.5,3,4,Medium,Weak
S280,Big Data,HDFS,3.2,91.0,61.0,4,8.2,3,3,Easy,Strong
S110,Data Structures,Arrays,4.3,74.1,71.5,3,14.2,25,7,Medium,Average
S079,Software Engineering,Software Testing,1.8,60.4,53.7,2,10.0,4,5,Easy,Average
S273,Big Data,HDFS,1.5,97.5,85.8,3,9.8,16,1,Easy,Strong
S139,Cyber Security,Authentication,3.8,72.1,59.4,2,11.3,18,3,Medium,Average
S492,Data Structures,Trees,4.8,70.8,50.8,5,7.3,21,7,Medium,Average
S309,Computer Graphics,3D Transformation,0.7,40.7,47.5,1,10.0,17,4,Hard,Weak
S331,Cloud Computing,Load Balancing,0.6,48.6,50.9,5,11.4,15,2,Easy,Average
S459,Computer Graphics,2D Transformation,4.5,76.0,51.4,2,12.4,22,4,Medium,Average
S048,Data Mining,Data Preprocessing,4.6,100.0,73.4,5,3.6,18,1,Easy,Strong
S216,Computer Graphics,Curves,2.5,57.0,57.3,2,13.0,14,4,Medium,Average
S068,AI,Expert Systems,3.9,100.0,88.9,3,8.2,13,3,Medium,Strong
S492,Data Mining,Data Preprocessing,2.1,69.4,62.4,3,8.0,11,5,Easy,Average
S178,Web Technology,React,1.8,65.1,64.1,4,10.2,21,5,Easy,Weak
S146,Software Engineering,SDLC,1.7,36.9,46.5,1,10.5,7,7,Medium,Weak
S033,Web Technology,JavaScript,4.6,59.0,50.8,3,4.3,21,6,Medium,Average
S270,Web Technology,Node.js,2.0,62.6,61.5,2,13.7,29,3,Medium,Average
S388,Cloud Computing,Virtualization,1.6,69.5,69.0,3,6.3,15,4,Medium,Weak
S314,DBMS,Transactions,4.5,62.5,41.3,3,6.4,4,2,Medium,Strong
S499,Web Technology,HTML/CSS,1.6,100.0,84.0,5,3.3,26,2,Medium,Strong
S376,AI,Search Algorithms,2.9,46.9,36.9,1,9.2,28,5,Hard,Weak
S286,Computer Graphics,Rendering,2.2,56.7,47.9,4,5.3,8,7,Medium,Weak
S490,Big Data,Spark,3.9,93.5,70.7,5,14.7,18,4,Hard,Strong
S375,DBMS,Normalization,4.5,96.0,79.3,3,4.5,1,3,Medium,Strong
S043,AI,Machine Learning,4.7,63.3,49.0,1,14.2,22,3,Medium,Average
S085,DBMS,Indexing,1.6,72.9,56.7,5,6.7,25,2,Easy,Average
S046,Big Data,MapReduce,3.5,77.9,62.1,5,12.9,8,0,Medium,Average
S199,Data Mining,Clustering,1.8,64.3,65.6,2,4.3,15,2,Hard,Weak
S362,Data Mining,Clustering,5.0,87.9,73.8,5,11.1,12,7,Easy,Strong
S414,Cyber Security,Cryptography,0.9,74.0,62.6,4,9.2,3,3,Easy,Average
S117,Big Data,Spark,2.9,98.8,58.6,5,5.4,19,0,Easy,Strong
S070,Cloud Computing,Load Balancing,1.7,76.1,67.0,2,9.3,9,1,Easy,Average
S141,Computer Networks,Routing,1.5,61.2,58.7,1,14.2,21,2,Hard,Weak
S349,Data Mining,Classification,1.4,55.7,45.4,3,13.8,29,3,Easy,Weak
S395,Computer Networks,Network Security,3.2,73.1,52.7,4,9.2,1,2,Easy,Strong
S075,Cyber Security,Web Security,1.3,21.2,36.0,4,7.6,27,6,Hard,Weak
S389,AI,Expert Systems,4.1,62.4,54.0,2,13.4,1,7,Medium,Average
S328,Big Data,Hadoop,2.1,57.8,43.3,1,8.2,6,0,Medium,Average
S330,AI,Knowledge Representation,2.3,87.0,70.2,1,7.9,16,1,Medium,Average
S152,Big Data,MapReduce,2.5,77.9,59.9,5,10.0,8,5,Easy,Average
S204,AI,Machine Learning,0.8,42.1,56.9,1,12.1,19,7,Hard,Weak
S035,Computer Networks,TCP/IP,2.7,63.7,49.5,2,7.0,13,3,Hard,Average
S243,Web Technology,HTML/CSS,2.1,17.1,19.0,2,10.7,8,7,Hard,Weak
S083,Cyber Security,Web Security,2.4,59.1,59.4,1,3.8,17,3,Medium,Average
S311,Computer Networks,Transport Layer,5.0,60.0,48.4,1,4.1,26,7,Medium,Weak
S232,Cyber Security,Web Security,5.0,87.0,51.3,5,11.8,26,4,Easy,Strong
S238,Computer Networks,Routing,1.8,77.0,69.7,5,10.9,15,7,Easy,Average
S058,Computer Networks,Network Security,1.6,54.1,45.2,3,7.3,9,1,Easy,Weak
S490,Software Engineering,Software Testing,2.0,90.2,75.8,5,10.7,3,3,Easy,Strong
S336,Cyber Security,Authentication,3.0,59.4,43.8,3,11.8,11,4,Easy,Average
S458,OS,Memory Management,3.0,90.3,68.6,5,6.8,22,0,Easy,Strong
S046,Software Engineering,SDLC,2.2,86.5,62.5,3,8.5,1,0,Hard,Strong
S057,DBMS,SQL,4.4,91.6,82.2,1,10.1,2,5,Medium,Strong
S100,Data Mining,Clustering,3.2,73.1,54.4,4,7.8,27,1,Hard,Average
S252,Cyber Security,Cryptography,3.4,59.6,59.4,2,3.1,11,6,Medium,Average
S204,Data Structures,Linked Lists,3.1,100.0,86.6,5,11.9,21,2,Hard,Strong
S085,Web Technology,JavaScript,3.2,32.6,19.3,2,13.9,19,6,Medium,Weak
S094,Cloud Computing,Load Balancing,0.5,86.7,67.2,3,5.1,6,0,Hard,Average
S065,Cyber Security,Web Security,1.1,23.5,38.0,3,13.9,10,7,Easy,Weak
S330,Big Data,HDFS,0.8,47.4,39.4,2,8.2,15,1,Medium,Weak
S483,OS,Memory Management,3.0,56.6,44.8,4,7.0,20,4,Easy,Average
S225,Software Engineering,Agile,1.3,91.7,68.0,1,3.5,28,0,Easy,Strong
S307,Data Structures,Trees,2.2,62.3,58.8,3,14.5,10,3,Hard,Weak
S222,Software Engineering,SDLC,0.9,54.5,42.6,2,14.6,3,4,Medium,Weak
S226,Computer Networks,Network Security,1.9,68.0,62.9,3,12.2,24,0,Medium,Average
S209,Computer Graphics,2D Transformation,3.8,47.7,38.0,4,11.7,23,6,Medium,Weak
S392,Web Technology,HTML/CSS,4.3,53.1,55.9,1,13.3,5,4,Medium,Average
S447,Cyber Security,Network Security,3.7,53.5,46.1,1,6.8,10,6,Medium,Average
S106,DBMS,Transactions,1.7,68.4,63.6,2,11.0,19,2,Medium,Weak
S155,Web Technology,Node.js,4.1,94.2,69.2,2,3.1,28,0,Hard,Strong
S490,Cloud Computing,Cloud Security,3.3,78.8,61.6,4,4.6,8,0,Medium,Average
S362,Cloud Computing,Virtualization,2.2,100.0,95.5,4,12.0,30,1,Easy,Strong
S084,Software Engineering,Software Testing,2.2,52.1,50.1,1,7.8,20,6,Medium,Weak
S322,OS,Memory Management,4.9,95.3,66.3,4,3.2,30,0,Medium,Strong
S088,Software Engineering,SDLC,1.5,48.3,45.9,2,5.0,22,7,Easy,Weak
S488,Cyber Security,Authentication,4.8,96.2,78.7,5,5.0,25,7,Hard,Strong
S446,Web Technology,JavaScript,1.4,74.1,69.5,5,4.1,5,5,Medium,Average
S311,Computer Graphics,3D Transformation,3.3,100.0,86.1,5,10.9,1,1,Medium,Strong
S324,DBMS,SQL,1.8,25.0,29.2,3,10.8,24,4,Medium,Weak
S125,Data Structures,Graphs,2.7,57.3,49.3,2,14.7,1,3,Medium,Weak
S149,Computer Networks,Routing,4.5,90.4,66.0,5,3.7,27,3,Medium,Strong
S113,Cloud Computing,Cloud Security,3.9,68.7,58.7,1,11.3,16,3,Medium,Average
S349,Big Data,Hadoop,0.7,75.7,58.5,4,11.7,29,4,Easy,Weak
S084,Data Mining,Clustering,1.9,70.5,63.5,4,5.6,7,4,Easy,Average
S182,Web Technology,React,0.6,74.3,69.6,2,5.1,12,1,Medium,Weak
S124,AI,Expert Systems,0.9,62.5,55.3,4,13.3,29,5,Easy,Weak
S356,Data Structures,Graphs,1.2,56.4,63.0,1,3.9,13,7,Medium,Weak
S007,DBMS,Indexing,1.1,58.0,44.8,3,9.7,25,0,Medium,Weak
S204,Data Mining,Classification,2.0,55.1,35.4,4,7.3,11,7,Medium,Weak
S365,Cyber Security,Cryptography,2.5,37.7,46.2,1,8.3,21,4,Medium,Weak
S307,Cyber Security,Web Security,1.6,52.2,55.4,3,3.3,28,7,Easy,Weak
S178,AI,Expert Systems,0.7,46.0,55.3,3,8.4,29,6,Medium,Weak
S474,Data Structures,Graphs,1.1,49.2,49.6,4,14.3,14,6,Medium,Weak
S150,Data Mining,Clustering,1.2,69.8,59.9,2,7.7,26,0,Hard,Weak
S228,AI,Machine Learning,3.3,80.2,56.8,5,12.1,30,0,Hard,Strong
S150,DBMS,Normalization,0.5,52.6,39.2,5,9.2,4,4,Medium,Weak
S050,Cyber Security,Network Security,2.9,74.4,67.3,5,9.1,7,5,Medium,Strong
S169,Software Engineering,Software Testing,4.3,69.3,50.0,2,14.3,21,4,Medium,Average
S323,Cyber Security,Cryptography,4.1,100.0,82.1,5,6.7,10,2,Hard,Strong
S143,AI,Search Algorithms,2.4,54.7,41.6,3,13.2,14,5,Medium,Average
S133,Computer Networks,Network Security,1.8,56.9,43.8,2,7.1,27,5,Medium,Weak
S253,Web Technology,JavaScript,2.7,79.8,67.7,3,9.0,24,6,Medium,Weak
S172,Computer Graphics,2D Transformation,1.0,66.7,63.6,2,11.9,25,2,Medium,Average
S275,AI,Machine Learning,2.0,58.0,52.4,3,10.1,29,4,Easy,Weak
S319,Cloud Computing,Cloud Security,4.4,88.3,60.9,2,5.5,9,0,Medium,Strong
S306,Computer Networks,TCP/IP,4.1,53.2,53.5,3,4.1,13,7,Easy,Average
S021,AI,Machine Learning,1.9,74.3,76.7,1,11.1,6,0,Easy,Average
S416,Web Technology,React,0.6,65.0,58.6,5,3.6,21,3,Easy,Weak
S109,OS,Process Scheduling,3.6,69.4,59.2,1,11.3,13,1,Easy,Strong
S007,DBMS,Normalization,0.5,66.8,61.5,4,12.9,28,3,Hard,Weak
S403,Big Data,MapReduce,2.6,80.4,68.9,5,9.8,30,6,Easy,Average
S423,Software Engineering,Software Design,1.0,91.2,78.9,2,5.6,29,0,Medium,Average
S178,DBMS,Indexing,1.5,75.9,60.7,5,7.1,13,4,Easy,Average
S187,Data Mining,Classification,0.9,67.4,72.8,3,14.0,2,3,Easy,Weak
S491,Software Engineering,SDLC,4.3,89.3,59.5,4,5.7,30,2,Medium,Strong
S077,Data Structures,Graphs,0.8,81.3,73.4,4,6.8,2,6,Medium,Weak
S442,Software Engineering,Software Design,1.9,47.4,36.0,3,11.3,28,2,Easy,Weak
S326,OS,Memory Management,4.6,98.5,75.4,4,3.3,11,4,Hard,Strong
S454,OS,Process Scheduling,3.4,72.7,59.7,2,3.5,3,4,Easy,Strong
S265,Web Technology,JavaScript,1.0,34.9,40.6,1,12.3,10,0,Easy,Weak
S196,Computer Networks,Network Security,0.7,68.7,79.5,5,6.2,27,5,Medium,Average
S075,Web Technology,Node.js,4.9,88.6,74.0,3,9.4,15,4,Medium,Strong
S390,OS,Deadlock,3.1,97.9,75.0,5,9.2,19,0,Medium,Strong
S113,Data Mining,Data Preprocessing,4.2,100.0,79.4,4,8.9,17,1,Medium,Strong
S428,OS,Memory Management,1.2,80.2,84.5,4,3.3,8,7,Medium,Average
S267,Cloud Computing,Load Balancing,1.3,56.6,49.4,2,4.2,8,3,Easy,Average
S265,Computer Networks,Transport Layer,4.3,100.0,88.0,2,5.7,11,1,Easy,Strong
S475,Software Engineering,Software Design,3.3,95.6,74.7,4,9.4,11,7,Medium,Average
S182,Data Mining,Classification,1.7,79.1,68.1,1,11.9,26,3,Hard,Average
S335,Software Engineering,Software Design,3.0,76.5,69.3,4,14.9,30,7,Easy,Average
S331,Big Data,MapReduce,4.9,78.4,52.1,4,5.4,6,4,Easy,Average
S210,Web Technology,JavaScript,2.5,100.0,99.6,5,5.6,25,3,Easy,Strong
S500,Data Structures,Graphs,5.0,91.5,61.9,5,6.8,12,0,Medium,Strong
S161,Software Engineering,Agile,4.2,100.0,83.1,2,14.1,20,2,Easy,Strong
S027,Cloud Computing,Virtualization,2.6,40.3,40.4,4,9.5,24,7,Hard,Weak
S027,Data Mining,Classification,1.5,94.6,84.7,3,8.4,29,4,Medium,Average
S035,DBMS,Transactions,4.9,75.3,59.7,3,6.9,5,6,Easy,Strong
S320,Cloud Computing,Cloud Storage,2.4,49.2,44.2,1,14.3,14,7,Medium,Weak
S160,DBMS,Normalization,1.2,68.7,62.1,3,9.3,23,0,Medium,Weak
S204,Big Data,MapReduce,4.1,68.6,60.5,5,13.1,9,6,Medium,Strong
S491,Computer Graphics,Curves,1.6,30.2,45.4,1,4.4,15,7,Medium,Weak
S058,Computer Networks,Routing,5.0,100.0,75.7,5,12.0,9,3,Medium,Strong
S364,OS,File Systems,3.1,65.2,41.2,2,3.3,27,0,Hard,Weak
S261,OS,Deadlock,1.6,77.8,72.8,3,14.0,16,4,Easy,Average
S065,Computer Networks,Network Security,3.0,79.2,53.5,3,3.8,1,7,Medium,Average
S254,Computer Graphics,Rendering,3.2,78.5,70.3,1,3.8,4,2,Medium,Average
S214,Data Structures,Arrays,1.5,45.3,45.6,1,3.7,27,4,Medium,Weak
S464,Big Data,Hadoop,3.7,87.8,65.3,4,14.5,8,1,Medium,Strong
S439,Cloud Computing,Cloud Security,2.0,65.3,46.0,1,10.8,12,1,Medium,Weak
S364,AI,Machine Learning,4.1,84.8,56.9,3,11.9,25,1,Hard,Strong
S103,Computer Networks,Transport Layer,2.5,61.7,54.5,4,5.7,8,7,Medium,Weak
S307,Computer Networks,Transport Layer,3.1,67.2,62.9,3,3.6,4,5,Easy,Weak
S180,DBMS,Transactions,2.3,57.6,38.0,3,12.2,20,4,Hard,Weak
S073,AI,Expert Systems,3.6,62.5,63.9,1,13.3,27,4,Medium,Average
S500,Software Engineering,Agile,1.4,72.9,55.1,4,8.7,29,1,Medium,Average
S266,Computer Networks,Routing,0.8,56.6,62.9,3,6.5,25,7,Medium,Weak
S055,Software Engineering,Software Testing,4.6,75.6,66.4,5,3.8,23,6,Medium,Strong
S370,AI,Search Algorithms,1.5,20.2,39.7,1,6.9,16,6,Easy,Weak
S013,Software Engineering,Agile,2.7,65.6,53.0,5,5.2,22,6,Medium,Weak
S001,DBMS,Indexing,1.8,52.7,53.8,2,5.4,14,2,Easy,Weak
S023,DBMS,Normalization,4.2,89.7,68.7,5,6.4,2,4,Medium,Strong
S160,Software Engineering,Software Testing,0.6,94.0,81.2,4,9.7,19,1,Easy,Average
S432,Big Data,MapReduce,3.2,67.5,54.2,1,10.3,24,4,Medium,Average
S397,Big Data,HDFS,3.0,74.9,68.0,3,8.5,22,0,Hard,Strong
S039,Web Technology,React,1.7,62.6,51.0,2,4.5,29,3,Medium,Weak
S320,AI,Knowledge Representation,1.8,86.2,56.2,5,12.3,29,1,Easy,Average
S288,Web Technology,React,1.8,47.9,43.9,5,14.4,4,6,Hard,Weak
S337,Big Data,MapReduce,2.8,69.8,76.2,3,5.1,26,7,Medium,Strong
S409,Data Structures,Linked Lists,2.4,42.9,55.1,1,11.0,11,7,Hard,Weak
S362,Software Engineering,Software Design,4.5,47.7,37.6,4,11.8,24,7,Medium,Weak
S419,Web Technology,Node.js,3.5,84.4,69.3,1,8.3,11,1,Medium,Strong
S039,Cloud Computing,Cloud Security,1.2,39.9,44.8,3,9.9,22,7,Medium,Weak
S184,Data Structures,Linked Lists,2.4,79.4,64.6,4,9.8,12,4,Easy,Average
S264,OS,Deadlock,3.1,100.0,92.9,5,3.2,13,0,Easy,Strong
S157,Cloud Computing,Load Balancing,2.8,55.5,38.4,3,7.7,21,2,Hard,Weak
S130,Software Engineering,SDLC,0.9,62.6,55.2,2,9.8,2,1,Hard,Weak
S264,DBMS,SQL,0.8,45.9,51.3,2,12.7,27,5,Hard,Weak
S333,Data Mining,Association Rules,4.4,80.3,67.4,5,10.2,11,7,Medium,Strong
S419,AI,Machine Learning,0.7,44.6,37.0,2,11.5,20,4,Medium,Weak
S117,Big Data,MapReduce,3.3,77.7,69.2,3,9.0,28,6,Medium,Average
S028,Computer Graphics,Rendering,3.8,71.4,56.1,5,14.1,4,7,Hard,Average
S066,Web Technology,JavaScript,3.5,31.6,29.8,2,7.3,10,3,Medium,Weak
S073,Cyber Security,Authentication,3.3,82.6,60.5,4,7.9,28,1,Easy,Average
S160,Big Data,MapReduce,0.5,58.1,50.3,2,8.4,15,2,Easy,Weak
S250,Big Data,Spark,4.2,71.6,52.4,3,13.6,2,4,Easy,Strong
S352,AI,Knowledge Representation,4.6,56.5,48.2,2,8.9,29,5,Medium,Average
S155,Web Technology,Node.js,2.3,61.2,55.5,1,3.6,7,1,Medium,Average
S415,DBMS,Transactions,3.4,86.4,62.1,3,14.9,11,0,Hard,Strong
S050,Web Technology,React,3.9,98.3,76.9,2,6.7,22,0,Medium,Strong
S285,OS,File Systems,1.1,59.7,56.5,3,6.2,3,3,Hard,Weak
S039,Cyber Security,Cryptography,3.0,85.0,70.4,2,3.2,1,2,Easy,Strong
S307,Computer Graphics,2D Transformation,3.7,73.5,58.1,3,9.0,27,4,Hard,Strong
S438,Cloud Computing,Virtualization,2.1,85.8,80.5,1,6.6,2,0,Medium,Weak
S075,Computer Graphics,2D Transformation,1.1,61.7,61.1,1,3.8,18,3,Hard,Weak
S130,AI,Knowledge Representation,2.9,57.4,56.1,1,11.5,29,4,Medium,Weak
S100,Computer Graphics,Curves,4.3,100.0,80.2,5,5.7,29,2,Hard,Strong
S049,AI,Machine Learning,2.4,57.8,51.3,3,11.8,7,7,Easy,Weak
S415,DBMS,Transactions,3.5,56.8,53.6,1,13.7,27,7,Hard,Weak
S412,AI,Knowledge Representation,0.8,47.4,49.0,3,14.3,9,1,Medium,Average
S293,DBMS,SQL,1.6,74.6,71.1,2,11.3,23,0,Medium,Weak
S292,Big Data,HDFS,0.9,61.5,49.8,1,14.4,14,3,Medium,Weak
S126,Computer Graphics,Curves,4.8,64.4,43.9,4,5.2,8,7,Hard,Average
S118,DBMS,SQL,0.7,70.2,64.9,3,11.2,15,7,Easy,Weak
S075,Computer Networks,Routing,4.5,92.5,72.7,1,10.8,25,1,Easy,Strong
S249,Data Mining,Association Rules,2.0,70.6,64.4,3,11.1,6,5,Medium,Weak
S137,Software Engineering,SDLC,5.0,77.3,61.0,3,14.3,25,3,Easy,Strong
S124,Data Structures,Arrays,1.3,63.7,63.4,5,14.9,7,5,Medium,Weak
S317,Data Structures,Trees,3.7,80.2,59.0,5,11.4,4,5,Medium,Strong
S278,Data Mining,Clustering,2.8,92.2,71.6,5,5.1,4,5,Medium,Strong
S085,AI,Machine Learning,4.1,68.3,51.4,2,13.1,18,5,Medium,Average
S184,Software Engineering,Software Design,5.0,88.4,68.5,4,13.3,25,0,Easy,Strong
S398,DBMS,SQL,2.5,78.8,68.6,1,9.5,16,7,Hard,Weak
S098,Big Data,Spark,3.4,63.3,53.6,5,11.9,7,4,Medium,Strong
S273,AI,Knowledge Representation,2.1,97.4,84.4,5,7.1,7,0,Medium,Strong
S449,Data Mining,Clustering,3.8,83.3,43.2,5,14.3,18,4,Medium,Strong
S453,Computer Graphics,3D Transformation,1.6,57.3,47.3,5,13.6,12,5,Easy,Weak
S074,Big Data,HDFS,1.3,71.5,57.8,3,13.3,1,1,Medium,Average
S002,Web Technology,React,0.6,62.5,56.8,4,7.2,18,2,Easy,Average
S481,OS,Deadlock,4.3,62.6,53.1,2,3.1,27,7,Medium,Average
S203,Cloud Computing,Cloud Security,1.7,36.9,43.8,1,5.2,15,7,Hard,Weak
S220,Web Technology,JavaScript,1.5,38.6,45.6,4,9.5,5,3,Medium,Weak
S479,DBMS,SQL,2.8,88.0,68.5,3,3.1,19,3,Medium,Average
S470,Data Mining,Data Preprocessing,3.8,55.3,47.6,1,6.5,5,7,Hard,Weak
S382,Data Structures,Trees,2.2,100.0,88.3,2,11.1,23,3,Easy,Strong
S303,Software Engineering,Agile,2.9,45.2,41.1,2,3.7,27,6,Hard,Weak
S216,Web Technology,React,2.9,71.7,60.7,4,13.8,28,4,Medium,Average
S260,Computer Graphics,2D Transformation,4.5,91.3,57.6,2,4.0,7,0,Medium,Strong
S285,Software Engineering,Agile,4.1,44.7,44.0,1,5.8,22,3,Hard,Average
S382,Cloud Computing,Virtualization,4.8,100.0,71.7,5,11.4,22,3,Easy,Strong
S165,AI,Search Algorithms,1.2,57.4,47.1,3,10.3,7,0,Medium,Weak
S013,OS,Deadlock,4.1,82.0,73.9,5,12.1,24,5,Medium,Average
S461,Computer Networks,Transport Layer,1.6,88.4,68.8,4,12.5,1,1,Hard,Strong
S380,DBMS,Transactions,2.3,100.0,81.4,4,13.8,1,4,Easy,Strong
S438,Cyber Security,Network Security,3.0,90.8,62.6,5,14.0,7,2,Hard,Strong
S307,OS,Deadlock,3.1,72.1,70.0,2,9.6,24,5,Easy,Average
S133,Cyber Security,Network Security,1.6,21.7,32.1,1,6.5,26,5,Medium,Weak
S168,Cloud Computing,Cloud Storage,1.5,63.5,60.9,1,10.9,17,5,Medium,Weak
S022,Computer Networks,Transport Layer,1.8,49.3,43.7,1,14.6,17,7,Medium,Weak
S337,Software Engineering,Software Testing,4.0,91.4,63.7,3,11.5,18,2,Medium,Strong
S048,Cloud Computing,Virtualization,4.8,58.3,62.0,1,12.6,24,7,Medium,Weak
S317,Computer Networks,TCP/IP,0.6,61.5,55.2,5,5.3,15,5,Medium,Weak
S480,Computer Networks,Network Security,4.4,100.0,77.3,5,7.6,30,3,Medium,Strong
S278,Data Mining,Clustering,2.7,63.4,55.2,3,13.4,13,4,Hard,Average
S153,DBMS,Indexing,3.5,55.7,52.8,1,4.0,30,4,Hard,Weak
S466,Computer Networks,Network Security,4.9,80.6,65.3,2,12.0,12,7,Medium,Average
S380,Cyber Security,Network Security,2.6,54.6,56.4,4,8.0,23,7,Medium,Weak
S303,Cyber Security,Authentication,4.4,86.2,66.2,1,11.0,3,3,Easy,Strong
S231,Data Mining,Classification,0.8,100.0,78.4,4,5.5,10,0,Easy,Strong
S121,Cyber Security,Network Security,2.3,82.3,59.0,5,13.7,25,1,Medium,Average
S351,Computer Networks,Network Security,0.6,38.1,47.3,2,7.1,8,5,Hard,Weak
S330,Big Data,Hadoop,3.7,75.0,69.6,4,12.5,17,5,Easy,Average
S391,Web Technology,Node.js,4.6,85.9,64.2,3,8.0,10,1,Medium,Strong
S137,Data Structures,Arrays,4.8,72.2,58.4,3,3.9,28,6,Medium,Strong
S179,Cyber Security,Authentication,2.8,94.2,80.8,2,6.6,23,1,Medium,Average
S413,AI,Expert Systems,1.6,69.7,64.5,4,12.6,23,5,Medium,Average
S013,AI,Search Algorithms,4.7,73.0,57.3,1,12.4,21,3,Easy,Average
S336,Data Mining,Clustering,3.2,84.7,59.3,4,10.8,13,0,Easy,Strong
S406,Software Engineering,Agile,3.7,80.8,59.6,4,9.8,1,3,Medium,Strong
S010,Web Technology,JavaScript,4.6,89.0,66.9,1,7.5,19,3,Easy,Strong
S252,AI,Expert Systems,3.7,100.0,91.2,4,7.5,16,0,Easy,Strong
S136,OS,Process Scheduling,1.3,76.7,66.0,1,14.1,26,0,Easy,Weak
S100,AI,Search Algorithms,0.9,52.2,59.7,5,6.7,1,4,Medium,Weak
S477,Computer Networks,Network Security,1.6,51.3,54.9,2,7.7,26,3,Medium,Weak
S344,Data Structures,Graphs,1.6,75.2,64.4,4,13.3,26,2,Easy,Average
S011,Big Data,MapReduce,2.0,46.5,33.0,1,4.5,14,2,Medium,Weak
S380,Software Engineering,Agile,0.5,84.7,68.2,5,10.9,1,1,Easy,Average
S349,Software Engineering,SDLC,2.7,83.9,76.4,4,4.7,24,4,Medium,Strong
S430,Web Technology,JavaScript,4.6,79.5,62.7,3,6.3,13,3,Medium,Strong
S206,Computer Networks,Transport Layer,4.1,85.5,61.1,5,7.0,15,7,Easy,Strong
S083,Computer Networks,TCP/IP,4.9,84.6,57.5,3,9.6,15,1,Medium,Strong
S338,DBMS,Transactions,4.5,59.2,42.9,5,13.5,7,7,Medium,Average
S205,DBMS,Normalization,1.8,53.8,44.8,2,14.3,27,4,Easy,Weak
S022,Cloud Computing,Cloud Security,3.2,88.6,69.4,1,4.1,13,3,Medium,Average
S456,AI,Expert Systems,2.0,49.3,52.2,2,12.8,24,5,Easy,Weak
S195,OS,Memory Management,3.9,98.8,67.5,2,10.7,7,1,Hard,Strong
S259,AI,Knowledge Representation,1.8,73.9,67.6,3,13.9,29,3,Hard,Weak
S398,OS,Deadlock,1.0,55.4,57.8,2,6.4,17,6,Easy,Weak
S328,Big Data,Spark,2.5,60.6,59.3,1,6.9,12,3,Medium,Weak
S022,Computer Graphics,2D Transformation,3.1,89.8,66.6,3,8.2,7,4,Medium,Average
S309,Computer Networks,TCP/IP,3.0,81.0,64.6,3,8.8,2,3,Hard,Strong
S136,OS,Deadlock,1.6,73.4,62.2,5,10.9,15,6,Hard,Average
S444,Software Engineering,Software Design,1.9,85.6,66.9,3,10.0,4,4,Easy,Weak
S381,Big Data,HDFS,3.2,75.6,50.9,1,14.7,20,2,Medium,Average
S242,Computer Networks,Network Security,3.2,65.6,57.3,3,13.7,13,4,Easy,Strong
S291,Cloud Computing,Load Balancing,1.2,56.0,61.0,3,11.4,1,6,Medium,Weak
S061,DBMS,SQL,0.7,67.3,53.2,4,6.5,2,4,Medium,Weak
S429,OS,Memory Management,3.5,62.3,40.6,1,3.7,16,2,Easy,Average
S408,Computer Networks,Transport Layer,4.9,100.0,79.6,4,12.8,1,2,Medium,Strong
S125,Data Structures,Linked Lists,3.5,100.0,75.4,3,9.9,25,0,Easy,Strong
S265,Data Structures,Trees,3.9,86.7,59.9,2,13.7,14,1,Hard,Average
S328,Data Structures,Graphs,2.5,77.6,47.0,2,5.6,11,4,Easy,Weak
S500,Cloud Computing,Cloud Storage,1.8,24.1,29.3,1,3.7,20,7,Medium,Weak
S371,Cloud Computing,Virtualization,4.6,64.6,51.1,2,14.0,16,2,Medium,Strong
S398,Computer Graphics,Rendering,3.0,65.6,52.6,1,14.6,16,3,Medium,Weak
S249,OS,File Systems,3.7,80.4,64.5,3,11.0,8,1,Easy,Average
S279,Computer Networks,Network Security,2.2,74.0,79.9,4,9.8,23,0,Easy,Strong
S248,AI,Search Algorithms,1.2,75.7,65.1,1,11.7,20,2,Medium,Weak
S473,Computer Networks,Network Security,2.9,96.9,86.5,2,4.2,8,3,Medium,Strong
S233,AI,Expert Systems,4.9,100.0,96.7,4,5.3,29,4,Medium,Strong
S130,AI,Machine Learning,4.2,72.7,49.8,2,7.6,30,6,Easy,Average
S267,Data Mining,Association Rules,2.9,74.6,64.4,3,5.2,18,3,Medium,Average
S145,Cyber Security,Network Security,2.3,75.5,71.0,1,7.3,5,1,Hard,Average
S072,Data Structures,Graphs,3.9,57.7,48.0,2,10.8,17,1,Medium,Average
S415,Computer Networks,Routing,2.9,67.1,57.7,4,7.7,3,7,Medium,Average
S444,Cyber Security,Network Security,4.1,90.4,70.3,2,7.1,8,1,Hard,Strong
S474,Web Technology,JavaScript,0.6,70.8,73.8,2,13.3,19,2,Hard,Average
S419,Cyber Security,Authentication,1.5,40.2,48.8,1,4.7,10,6,Medium,Weak
S065,Data Structures,Trees,4.2,100.0,71.2,5,11.8,12,6,Hard,Strong
S270,AI,Machine Learning,4.4,95.8,70.7,3,12.9,18,2,Easy,Strong
S371,Computer Networks,Network Security,3.4,75.0,57.7,4,8.4,4,2,Medium,Average
S286,Web Technology,Node.js,0.8,39.0,41.8,3,11.2,17,4,Hard,Weak
S321,Web Technology,JavaScript,4.1,72.2,45.6,5,13.3,19,2,Hard,Strong
S420,OS,File Systems,1.6,88.8,70.8,3,6.0,3,1,Medium,Average
S140,Cyber Security,Cryptography,3.6,72.6,55.9,1,14.3,14,1,Medium,Average
S409,Cyber Security,Cryptography,1.6,61.1,54.6,2,9.0,21,3,Easy,Average
S160,DBMS,Indexing,4.7,67.1,53.4,4,7.1,21,3,Easy,Strong
S217,Cloud Computing,Load Balancing,3.2,92.0,70.7,5,8.7,15,3,Easy,Strong
S370,Data Mining,Association Rules,1.9,47.4,50.1,1,4.4,8,2,Medium,Weak
S333,Software Engineering,Software Design,0.7,75.8,58.0,4,9.0,21,1,Easy,Weak
S397,DBMS,Normalization,3.7,64.1,68.4,1,3.4,16,7,Medium,Average
S367,Computer Graphics,Curves,2.7,86.1,64.3,3,4.5,16,4,Hard,Weak
S053,AI,Expert Systems,4.6,46.8,48.9,1,3.3,24,6,Hard,Average
S005,Data Mining,Clustering,4.9,100.0,71.5,5,5.7,4,0,Medium,Strong
S486,Cloud Computing,Virtualization,4.5,100.0,66.0,3,11.1,15,0,Medium,Strong
S310,Cloud Computing,Virtualization,1.3,76.3,54.1,4,7.7,9,3,Hard,Average
S345,OS,Process Scheduling,2.6,53.6,56.6,1,13.1,14,5,Easy,Weak
S399,Cloud Computing,Cloud Security,1.8,80.1,76.9,1,9.8,18,0,Easy,Average
S339,Data Structures,Graphs,0.6,65.2,66.6,5,10.4,20,5,Medium,Weak
S458,AI,Expert Systems,2.6,88.5,59.7,2,7.5,7,1,Medium,Average
S258,Big Data,Spark,2.8,80.5,64.2,2,14.9,14,0,Easy,Strong
S026,AI,Knowledge Representation,4.3,67.4,53.4,1,14.3,21,1,Medium,Strong
S162,Computer Networks,Network Security,0.7,50.5,43.7,3,9.6,10,0,Hard,Weak
S096,DBMS,SQL,1.5,68.1,53.7,2,6.7,8,4,Hard,Weak
S462,Data Structures,Trees,4.6,70.8,53.8,1,6.7,18,2,Easy,Average
S280,AI,Expert Systems,2.4,58.5,43.9,3,11.8,29,0,Easy,Weak
S492,Data Mining,Association Rules,1.6,67.4,60.3,3,9.2,7,3,Hard,Average
S450,Big Data,MapReduce,2.6,74.7,52.9,5,3.3,12,4,Easy,Strong
S102,Computer Graphics,2D Transformation,3.8,80.7,56.0,4,7.4,17,4,Easy,Strong
S421,OS,Process Scheduling,3.3,36.2,35.1,2,6.8,9,6,Medium,Weak
S206,OS,Deadlock,2.2,39.8,36.6,2,12.9,23,7,Hard,Weak
S081,OS,Memory Management,3.3,80.3,67.0,5,10.5,22,6,Easy,Strong
S498,Software Engineering,Agile,1.6,28.5,33.1,1,13.8,24,2,Medium,Weak
S365,Software Engineering,Agile,1.2,70.0,78.5,4,5.5,15,4,Easy,Average
S024,Data Mining,Classification,4.8,74.5,56.8,1,11.5,15,2,Easy,Average
S132,Cloud Computing,Load Balancing,4.9,100.0,83.6,4,7.2,15,1,Easy,Strong
S188,Big Data,HDFS,0.5,77.0,69.5,5,7.7,18,2,Hard,Average
S224,Computer Graphics,2D Transformation,2.1,68.4,54.9,5,14.7,9,1,Medium,Weak
S169,AI,Knowledge Representation,1.4,78.7,68.0,1,5.2,11,2,Medium,Weak
S096,OS,Memory Management,2.3,47.1,43.9,5,3.5,28,7,Hard,Weak
S196,Data Structures,Linked Lists,1.3,55.7,47.4,1,6.9,16,6,Hard,Weak
S012,Computer Networks,Routing,1.3,69.1,45.3,3,5.5,20,0,Medium,Weak
S408,OS,Memory Management,2.6,43.2,31.0,5,4.9,12,6,Hard,Weak
S154,Cloud Computing,Cloud Storage,4.1,92.9,71.1,5,12.0,30,3,Medium,Strong
S227,Cloud Computing,Cloud Security,1.3,71.8,57.8,4,4.5,21,1,Hard,Weak
S497,OS,Deadlock,1.5,85.6,77.1,1,6.8,21,0,Medium,Average
S062,Data Structures,Linked Lists,2.9,63.6,57.3,5,8.1,8,7,Hard,Weak
S080,Web Technology,React,3.4,89.5,78.8,5,13.7,7,4,Medium,Strong
S098,AI,Search Algorithms,3.6,100.0,74.9,5,14.7,30,1,Medium,Strong
S329,Cloud Computing,Cloud Storage,0.9,43.6,37.8,2,8.5,13,0,Medium,Weak
S060,DBMS,SQL,2.8,67.1,58.7,5,10.0,16,7,Hard,Weak
S030,DBMS,Indexing,4.7,85.5,63.7,5,10.2,1,2,Hard,Average
S472,Computer Networks,Routing,4.5,96.7,74.3,1,3.5,6,3,Easy,Average
S221,Computer Graphics,3D Transformation,4.9,100.0,86.7,5,10.9,5,0,Easy,Strong
S400,Data Structures,Linked Lists,4.8,76.1,57.2,4,9.4,5,6,Easy,Average
S253,Cloud Computing,Cloud Security,3.2,91.1,80.7,1,6.6,18,3,Easy,Average
S012,Computer Networks,Routing,3.4,100.0,78.6,5,8.3,23,2,Easy,Strong
S066,Computer Networks,Routing,2.3,100.0,92.5,3,8.3,10,2,Easy,Average
S035,Cloud Computing,Load Balancing,3.9,100.0,75.1,5,6.3,4,2,Easy,Strong
S184,DBMS,SQL,4.2,100.0,90.4,4,7.0,9,3,Medium,Strong
S371,Computer Graphics,Rendering,3.6,78.3,75.5,3,9.5,6,6,Medium,Average
S045,Big Data,Hadoop,1.3,83.5,66.9,5,10.4,5,1,Hard,Average
S051,Computer Networks,Network Security,2.0,65.3,65.4,4,6.1,12,6,Easy,Average
S354,Cyber Security,Cryptography,3.4,65.8,35.8,1,9.0,22,2,Easy,Average
S451,Data Structures,Graphs,0.8,60.2,50.5,2,11.6,15,0,Medium,Weak
S199,Data Mining,Data Preprocessing,2.1,77.5,65.5,5,6.9,28,1,Medium,Average
S054,Computer Graphics,Rendering,5.0,96.8,75.1,1,8.9,11,0,Easy,Strong
S103,Software Engineering,SDLC,2.3,76.5,59.2,4,7.0,30,1,Easy,Strong
S263,Computer Networks,TCP/IP,1.8,90.0,74.4,2,12.0,6,2,Easy,Average
S464,Computer Networks,Network Security,4.5,44.3,38.6,2,3.1,4,5,Hard,Average
S079,DBMS,Normalization,2.0,82.8,62.8,3,4.9,22,1,Hard,Average
S420,Computer Networks,Routing,2.0,87.3,69.7,4,3.4,21,1,Hard,Average
S317,DBMS,Normalization,2.5,49.1,46.8,1,3.2,12,5,Hard,Weak
S300,DBMS,Indexing,3.7,100.0,80.5,5,6.1,28,2,Medium,Strong
S074,Data Mining,Association Rules,2.0,66.8,42.4,4,13.6,13,5,Medium,Weak
S013,Cyber Security,Cryptography,2.4,100.0,87.5,2,3.8,30,2,Hard,Strong
S071,Computer Networks,Network Security,4.2,75.6,52.7,2,3.1,25,1,Easy,Average
S469,Web Technology,React,3.6,63.1,51.7,1,6.2,22,5,Easy,Weak
S376,Computer Networks,Network Security,4.4,74.7,53.1,1,10.2,11,1,Medium,Strong
S106,Web Technology,HTML/CSS,2.2,48.3,38.6,1,10.5,21,5,Easy,Weak
S243,Computer Networks,Transport Layer,3.4,62.3,51.6,2,9.4,22,7,Medium,Average
S156,Big Data,HDFS,4.3,64.4,58.8,2,9.0,23,6,Hard,Average
S160,AI,Expert Systems,2.0,85.9,67.5,5,11.1,2,2,Easy,Strong
S172,Data Structures,Linked Lists,2.8,62.4,61.7,4,7.9,24,7,Medium,Weak
S236,OS,Deadlock,2.0,86.4,65.7,5,7.0,12,5,Hard,Average
S264,Cloud Computing,Virtualization,2.1,60.3,66.5,3,5.8,14,6,Medium,Average
S122,Computer Graphics,Curves,3.1,72.9,54.9,1,3.7,26,0,Hard,Weak
S145,Software Engineering,Agile,3.6,77.7,64.7,2,10.7,14,1,Easy,Average
S111,Cyber Security,Cryptography,4.4,97.1,65.6,2,11.1,28,1,Hard,Strong
S215,Big Data,MapReduce,1.9,49.8,43.1,2,14.3,6,5,Medium,Weak
S469,Web Technology,HTML/CSS,1.6,72.1,63.5,2,6.5,12,1,Medium,Weak
S089,Software Engineering,Software Design,3.4,74.8,51.1,5,6.6,22,2,Easy,Strong
S449,DBMS,SQL,2.2,60.6,40.9,1,4.3,28,1,Easy,Weak
S215,AI,Knowledge Representation,2.8,84.2,77.0,3,10.7,21,6,Easy,Average
S198,Cloud Computing,Virtualization,0.7,64.3,68.0,2,11.5,15,7,Hard,Weak
S273,Web Technology,HTML/CSS,2.7,66.0,58.0,4,14.1,6,3,Hard,Strong
S450,Web Technology,Node.js,0.6,21.5,25.8,4,6.3,29,4,Hard,Weak
S161,Web Technology,HTML/CSS,4.7,100.0,80.9,1,11.7,15,3,Easy,Strong
S436,Computer Graphics,2D Transformation,4.8,99.1,76.6,3,8.0,23,6,Medium,Strong
S112,DBMS,SQL,2.8,100.0,81.8,5,7.1,13,2,Easy,Strong
S480,DBMS,Indexing,2.7,57.5,44.2,4,8.1,4,6,Easy,Average
S081,AI,Knowledge Representation,3.9,82.0,49.4,2,11.7,11,1,Hard,Average
S168,DBMS,SQL,3.4,39.6,42.4,1,13.7,9,7,Medium,Weak
S471,Software Engineering,Software Design,2.1,85.4,71.7,5,14.4,12,2,Hard,Strong
S230,Cloud Computing,Virtualization,4.1,100.0,73.5,5,7.2,8,2,Hard,Strong
S002,Computer Graphics,Rendering,3.8,95.5,77.5,5,4.9,10,6,Hard,Average
S220,Software Engineering,Software Design,4.2,74.8,65.1,1,11.0,18,2,Hard,Average
S008,Data Mining,Association Rules,2.2,76.7,56.5,3,11.1,4,2,Medium,Strong
S088,OS,Memory Management,3.8,34.7,29.9,3,5.4,24,7,Medium,Weak
S383,Big Data,Hadoop,2.3,84.5,74.1,4,5.9,16,1,Hard,Average
S152,Cloud Computing,Cloud Security,1.0,42.9,39.9,5,10.4,20,7,Medium,Weak
S164,Computer Graphics,Rendering,2.5,91.0,62.6,5,10.8,16,1,Easy,Strong
S125,Data Mining,Association Rules,3.5,91.2,64.2,2,5.2,1,1,Medium,Strong
S220,DBMS,Indexing,1.7,92.0,79.1,1,9.0,16,0,Medium,Average
S446,Data Structures,Graphs,2.0,81.2,64.1,5,8.1,5,2,Medium,Strong
S273,Big Data,Hadoop,4.1,64.9,56.2,2,12.5,3,7,Medium,Average
S067,Web Technology,JavaScript,4.4,87.9,58.0,5,5.9,12,4,Easy,Strong
S083,Cloud Computing,Cloud Security,3.3,84.2,58.3,4,9.2,5,4,Medium,Strong
S409,AI,Machine Learning,4.5,84.2,63.0,3,12.1,4,4,Hard,Strong
S464,AI,Machine Learning,1.9,54.6,62.0,2,5.8,28,5,Hard,Average
S356,Computer Networks,Transport Layer,2.8,68.9,59.4,2,5.6,22,6,Hard,Weak
S208,Cyber Security,Authentication,3.9,75.5,61.2,4,8.9,26,7,Medium,Weak
S383,Big Data,HDFS,2.9,73.2,60.7,1,11.9,6,2,Easy,Average
S279,Big Data,Spark,0.9,61.3,57.0,5,9.3,18,7,Easy,Weak
S364,OS,Deadlock,4.5,87.6,47.2,5,8.3,16,3,Easy,Strong
S072,Data Mining,Data Preprocessing,4.9,56.3,41.0,1,3.1,8,5,Hard,Strong
S252,Computer Graphics,Rendering,3.9,70.1,57.1,2,6.6,16,2,Hard,Strong
S035,Cloud Computing,Virtualization,2.6,92.7,65.0,4,14.4,26,2,Hard,Strong
S044,Computer Graphics,Rendering,2.2,51.8,49.2,3,8.9,16,6,Medium,Weak
S377,Data Structures,Linked Lists,3.3,79.7,46.4,4,14.5,21,0,Hard,Strong
S459,Data Mining,Association Rules,2.4,98.0,83.3,4,5.8,29,1,Easy,Strong
S057,Software Engineering,Software Testing,3.3,49.7,41.1,3,5.2,11,3,Easy,Strong
S263,Big Data,HDFS,3.8,60.7,51.9,2,11.5,9,7,Easy,Average
S317,Big Data,Spark,2.1,41.0,43.7,2,10.4,10,6,Easy,Weak
S226,Computer Graphics,3D Transformation,2.6,70.4,68.1,4,7.6,16,3,Medium,Average
S243,Computer Graphics,2D Transformation,4.8,100.0,78.9,4,3.5,17,1,Easy,Strong
S215,Big Data,Spark,3.7,40.7,30.0,3,10.8,8,6,Hard,Weak
S288,Cloud Computing,Cloud Security,2.3,76.8,67.2,3,4.5,21,2,Easy,Weak
S190,DBMS,Transactions,1.3,85.8,70.3,2,9.6,12,0,Hard,Average
S076,DBMS,Transactions,2.2,48.0,41.0,2,3.1,13,5,Hard,Weak
S462,DBMS,Indexing,3.3,100.0,72.3,5,3.7,13,0,Easy,Strong
S135,Web Technology,React,1.9,83.2,51.1,4,12.4,7,1,Medium,Average
S183,DBMS,Normalization,0.7,72.9,61.6,2,10.5,24,0,Medium,Weak
S143,OS,Process Scheduling,2.3,89.4,73.0,1,5.7,3,0,Hard,Average
S220,Software Engineering,Agile,4.3,59.9,37.5,4,13.2,9,4,Easy,Average
S371,AI,Machine Learning,4.6,66.0,58.7,1,3.6,1,6,Easy,Average
S151,Data Structures,Graphs,2.6,100.0,76.0,5,4.8,2,5,Easy,Strong
S295,Web Technology,HTML/CSS,0.7,19.0,34.3,2,10.6,20,7,Easy,Weak
S382,DBMS,SQL,4.8,75.5,48.4,3,12.4,20,4,Easy,Strong
S352,Cyber Security,Authentication,1.3,78.2,75.7,2,4.0,18,3,Easy,Average
S061,Data Mining,Clustering,0.8,73.1,69.9,3,8.4,10,1,Medium,Strong
S234,Software Engineering,Agile,4.1,47.5,51.6,1,6.3,20,6,Hard,Average
S096,Cyber Security,Network Security,3.3,56.6,48.7,1,3.0,15,0,Easy,Average
S408,Data Structures,Linked Lists,3.6,88.1,66.4,1,8.9,4,3,Medium,Strong
S253,AI,Expert Systems,0.8,71.0,57.2,2,7.8,25,1,Medium,Average
S217,Cyber Security,Authentication,2.2,80.4,58.6,5,9.9,21,0,Easy,Strong
S114,Web Technology,Node.js,2.9,72.7,51.9,2,8.5,6,4,Medium,Average
S045,Data Structures,Arrays,2.2,74.7,60.1,4,10.1,4,7,Medium,Average
S436,Web Technology,JavaScript,4.8,81.2,53.2,5,4.1,17,2,Easy,Strong
S097,Data Structures,Trees,4.7,83.1,69.0,1,4.4,29,3,Easy,Strong
S033,Software Engineering,Agile,3.5,71.6,62.7,2,4.8,7,5,Easy,Average
S432,Cloud Computing,Cloud Security,0.7,74.4,69.1,2,7.4,9,2,Medium,Weak
S127,Software Engineering,Software Testing,1.0,59.5,62.1,5,3.2,10,7,Easy,Weak
S493,Cloud Computing,Cloud Storage,1.2,79.6,75.7,5,11.6,8,3,Medium,Average
S115,Data Structures,Graphs,0.8,89.0,82.6,4,4.1,23,6,Easy,Average
S307,Computer Networks,TCP/IP,1.4,77.3,74.1,1,8.3,1,2,Easy,Average
S486,Big Data,MapReduce,3.3,76.1,63.4,2,5.8,24,1,Hard,Average
S126,Cyber Security,Web Security,3.6,71.1,62.0,1,4.5,1,1,Easy,Strong
S106,Cyber Security,Web Security,3.0,64.7,56.9,4,6.1,8,5,Medium,Average
S070,DBMS,SQL,3.0,82.7,62.0,5,4.2,18,5,Hard,Strong
S379,Big Data,Hadoop,2.8,85.7,75.1,3,14.5,26,2,Hard,Average
S140,Web Technology,JavaScript,4.4,93.6,70.6,2,8.8,8,5,Hard,Strong
S370,Computer Networks,TCP/IP,1.8,64.0,68.2,3,7.4,21,5,Hard,Weak
S112,Software Engineering,Software Testing,4.4,74.0,59.2,5,3.9,27,3,Easy,Strong
S337,DBMS,SQL,1.6,69.4,76.5,2,9.6,23,4,Medium,Average
S341,DBMS,Transactions,1.3,55.4,59.9,2,14.7,1,6,Medium,Weak
S427,Cloud Computing,Virtualization,2.7,51.2,44.5,1,5.0,25,0,Hard,Weak
S069,Web Technology,React,5.0,93.8,51.4,3,12.4,21,1,Medium,Strong
S399,Software Engineering,Software Testing,3.0,55.7,47.4,5,6.7,16,6,Medium,Average
S057,Software Engineering,Agile,2.4,65.0,52.7,3,3.2,25,1,Hard,Average
S354,Cyber Security,Authentication,3.1,84.8,61.9,2,13.6,16,1,Easy,Average
S185,Data Mining,Data Preprocessing,2.5,57.8,57.6,1,11.6,4,3,Hard,Average
S453,Data Structures,Trees,2.6,42.7,41.5,5,10.9,11,7,Hard,Weak
S448,Software Engineering,Software Testing,4.4,92.1,81.6,2,4.5,23,4,Medium,Strong
S144,AI,Expert Systems,4.6,65.9,48.3,2,11.3,14,4,Medium,Average
S137,AI,Machine Learning,1.3,30.1,21.6,4,13.4,4,7,Hard,Weak
S312,Cyber Security,Web Security,4.4,43.7,45.0,1,13.2,27,7,Medium,Weak
S052,OS,Deadlock,3.1,66.1,52.7,1,8.5,14,3,Medium,Weak
S120,DBMS,SQL,2.6,60.5,47.1,4,9.1,19,5,Easy,Weak
S357,DBMS,Indexing,2.9,66.2,54.1,5,6.1,6,7,Hard,Average
S152,Computer Graphics,Curves,1.7,66.1,46.0,4,4.0,8,6,Medium,Weak
S107,Web Technology,React,1.5,72.0,65.9,2,7.3,10,1,Medium,Weak
S390,Computer Graphics,Curves,3.3,69.6,56.2,2,9.6,7,4,Medium,Average
S324,Cloud Computing,Virtualization,2.1,66.9,51.7,5,6.1,19,2,Easy,Average
S058,Web Technology,React,2.5,39.0,39.1,1,14.5,15,5,Hard,Weak
S131,Software Engineering,Software Design,0.7,81.5,68.9,5,8.9,26,4,Medium,Weak
S025,Big Data,Hadoop,1.8,38.6,42.9,1,3.7,1,4,Easy,Weak
S184,Web Technology,HTML/CSS,0.6,39.6,50.0,3,12.1,16,6,Easy,Weak
S330,Computer Graphics,Curves,2.9,67.8,49.5,5,4.1,15,3,Medium,Average
S421,Big Data,Hadoop,1.6,80.1,62.2,2,12.3,20,3,Hard,Average
S231,OS,Process Scheduling,1.1,49.3,56.4,3,13.8,22,7,Easy,Weak
S153,OS,Deadlock,4.2,56.5,47.1,2,3.5,24,6,Medium,Average
S059,Data Mining,Classification,3.2,96.9,81.1,1,12.7,9,2,Hard,Strong
S417,Cyber Security,Web Security,3.4,79.5,52.9,3,8.2,21,1,Medium,Average
S423,Web Technology,Node.js,1.3,8.7,19.1,1,12.2,13,5,Easy,Weak
S275,OS,Deadlock,4.4,75.7,57.6,4,7.8,4,2,Medium,Strong
S288,Big Data,Spark,2.8,38.9,47.0,1,11.0,30,7,Easy,Weak
S056,Big Data,Spark,2.0,61.0,38.8,3,11.3,14,7,Easy,Weak
S278,Cyber Security,Web Security,1.1,59.2,52.8,5,10.8,18,6,Medium,Weak
S500,AI,Expert Systems,4.2,92.3,73.1,1,10.4,20,5,Medium,Average
S051,Software Engineering,Software Design,1.8,75.6,60.5,3,10.1,23,0,Hard,Average
S178,Web Technology,JavaScript,4.7,88.9,72.9,2,9.2,25,4,Easy,Strong
S408,Big Data,HDFS,1.8,41.2,46.0,3,10.9,15,6,Hard,Weak
S481,OS,File Systems,3.0,61.1,45.6,5,10.4,26,5,Easy,Weak
S306,AI,Knowledge Representation,3.1,59.4,49.0,1,7.2,8,2,Hard,Weak
S117,Software Engineering,Software Testing,4.5,100.0,77.5,5,14.9,5,4,Medium,Strong
S334,OS,File Systems,1.8,46.0,37.6,1,13.6,14,1,Easy,Weak
S164,DBMS,Normalization,1.9,59.6,60.4,1,11.9,10,2,Hard,Weak
S430,Cloud Computing,Cloud Storage,2.7,62.5,61.7,1,9.8,14,5,Medium,Weak
S414,Web Technology,React,1.0,64.5,57.6,2,5.8,4,1,Medium,Weak
S374,Cyber Security,Authentication,1.5,40.3,51.1,3,10.3,30,7,Medium,Weak
S491,AI,Knowledge Representation,4.2,100.0,78.8,3,6.6,30,1,Medium,Strong
S149,Big Data,Spark,4.4,69.1,56.6,2,6.4,26,3,Hard,Average
S166,Cloud Computing,Cloud Security,1.1,45.4,50.4,4,6.6,2,6,Medium,Weak
S074,Software Engineering,SDLC,2.8,68.5,59.2,5,11.1,30,7,Hard,Average
S416,OS,Memory Management,2.5,70.3,50.7,4,7.6,29,3,Medium,Average
S476,OS,Memory Management,2.6,29.3,43.2,1,6.3,17,5,Hard,Weak
S434,Cyber Security,Authentication,0.7,58.8,67.7,1,6.3,8,6,Hard,Weak
S343,Data Structures,Graphs,2.2,41.8,42.7,1,15.0,11,4,Medium,Weak
S220,Cloud Computing,Virtualization,3.4,100.0,86.3,4,10.5,26,4,Easy,Strong
S024,Computer Networks,Transport Layer,4.8,91.3,66.4,2,10.6,26,2,Medium,Strong
S370,AI,Expert Systems,4.8,66.0,45.2,3,7.3,2,6,Medium,Average
S279,Software Engineering,Agile,0.7,91.0,81.1,3,10.2,14,0,Easy,Average
S486,Software Engineering,SDLC,3.0,64.3,43.8,3,3.5,20,3,Easy,Average
S044,Cyber Security,Network Security,2.8,75.4,60.6,5,8.1,22,5,Easy,Average
S268,Big Data,HDFS,3.6,65.7,54.5,2,9.0,27,4,Easy,Average
S094,Cyber Security,Authentication,3.3,57.4,54.6,1,11.6,22,4,Hard,Average
S066,Web Technology,Node.js,3.9,74.0,58.4,4,5.4,17,5,Hard,Strong
S382,Computer Graphics,3D Transformation,4.3,100.0,80.0,3,9.2,18,1,Medium,Strong
S203,Web Technology,Node.js,4.3,77.5,51.6,2,6.2,28,3,Hard,Average
S300,OS,Deadlock,4.7,75.4,44.0,5,6.3,17,2,Easy,Strong
S170,Cloud Computing,Load Balancing,2.7,96.2,76.7,3,11.2,28,1,Easy,Strong
S411,Cyber Security,Cryptography,0.9,84.7,68.0,5,10.0,10,2,Medium,Average
S459,Computer Graphics,Curves,1.2,45.9,47.9,3,14.4,6,7,Medium,Weak
S049,AI,Search Algorithms,4.5,100.0,75.8,1,14.4,6,0,Medium,Strong
S142,Data Structures,Linked Lists,2.8,96.8,82.6,3,6.0,9,2,Medium,Strong
S455,Computer Networks,Network Security,1.8,100.0,79.4,5,3.2,11,0,Medium,Strong
S044,AI,Machine Learning,4.1,73.0,62.8,3,6.1,1,7,Easy,Average
S063,Cyber Security,Web Security,3.3,75.3,51.6,5,8.7,28,2,Easy,Strong
S011,Computer Networks,Routing,2.9,52.2,37.6,3,12.1,30,1,Easy,Average
S244,DBMS,SQL,3.0,100.0,86.2,3,7.1,11,0,Easy,Strong
S468,Cyber Security,Network Security,3.8,41.8,32.7,1,9.2,11,7,Hard,Weak
S285,Cyber Security,Network Security,2.5,67.6,67.6,1,3.8,11,6,Easy,Weak
S334,Cloud Computing,Cloud Security,0.6,58.3,63.3,3,11.5,19,5,Medium,Weak
S492,Cloud Computing,Load Balancing,4.7,100.0,90.1,4,9.8,16,2,Hard,Strong
S049,Cloud Computing,Cloud Security,0.8,64.6,49.5,4,13.2,15,6,Medium,Weak
S331,Web Technology,React,2.7,76.6,73.2,2,12.6,8,1,Medium,Strong
S173,AI,Expert Systems,2.9,72.3,58.3,1,6.5,17,5,Medium,Weak
S452,Data Mining,Data Preprocessing,0.7,59.4,67.5,1,12.6,12,1,Hard,Weak
S162,Web Technology,HTML/CSS,4.7,65.0,49.1,2,5.1,7,4,Easy,Average
S321,Data Mining,Data Preprocessing,2.8,87.8,73.4,4,12.3,23,3,Hard,Strong
S432,Computer Graphics,3D Transformation,3.5,100.0,61.9,2,4.8,4,0,Medium,Average
S146,Data Structures,Arrays,1.0,49.2,49.0,4,8.5,1,4,Medium,Weak
S234,Web Technology,React,0.9,59.7,62.5,3,10.6,30,6,Medium,Weak
S229,Data Structures,Graphs,0.5,82.8,71.6,4,12.3,28,3,Easy,Weak
S389,DBMS,Transactions,3.1,100.0,96.7,5,8.3,4,2,Easy,Strong
S243,Computer Graphics,Rendering,2.4,100.0,92.6,5,8.7,19,0,Medium,Strong
S322,Cyber Security,Network Security,3.7,88.1,71.0,1,9.2,17,2,Easy,Average
S190,DBMS,Normalization,3.5,60.3,41.6,3,3.8,10,4,Hard,Average
S482,Data Mining,Clustering,2.7,99.8,66.4,5,6.5,4,0,Medium,Strong
S314,Web Technology,Node.js,3.5,100.0,69.6,4,8.1,4,2,Medium,Strong
S391,DBMS,Indexing,3.8,100.0,87.7,3,12.2,27,0,Medium,Strong
S175,Big Data,Spark,3.7,40.8,38.0,4,12.8,25,5,Medium,Average
S066,Big Data,Hadoop,0.9,47.0,58.7,1,5.5,17,4,Medium,Weak
S173,Web Technology,Node.js,1.6,47.1,48.7,4,3.6,2,7,Easy,Weak
S122,Computer Networks,TCP/IP,3.8,76.3,50.6,3,3.7,20,4,Hard,Average
S064,OS,File Systems,4.4,60.9,53.9,3,3.1,26,7,Easy,Average
S365,Web Technology,Node.js,1.6,81.8,62.0,4,13.1,22,1,Hard,Weak
S097,Computer Networks,Network Security,3.8,95.6,71.6,4,4.7,21,3,Easy,Strong
S487,Big Data,Spark,3.7,98.9,68.5,5,14.3,10,0,Easy,Strong
S095,Web Technology,JavaScript,0.5,38.4,29.9,3,4.5,19,1,Hard,Weak
S495,Cyber Security,Web Security,3.6,54.0,37.7,5,6.7,26,5,Medium,Average
S060,Data Structures,Arrays,2.2,65.7,67.5,3,5.9,28,4,Hard,Average
S455,AI,Expert Systems,4.2,76.1,68.3,5,10.8,7,7,Medium,Average
S090,DBMS,SQL,1.5,48.7,50.5,5,5.0,13,5,Easy,Weak
S009,Data Mining,Classification,1.2,78.8,62.4,4,9.7,5,0,Easy,Average
S314,Cloud Computing,Load Balancing,2.3,61.3,49.5,4,12.3,17,6,Easy,Weak
S040,Cyber Security,Authentication,3.2,77.9,71.7,1,9.6,27,3,Hard,Average
S322,Computer Networks,Network Security,4.0,49.9,37.1,2,11.1,4,7,Medium,Weak
S041,OS,Process Scheduling,4.5,58.9,57.1,2,8.8,13,7,Medium,Average
S356,Software Engineering,SDLC,4.4,61.0,45.9,2,14.1,19,4,Medium,Average
S319,Computer Graphics,2D Transformation,2.0,40.4,48.4,2,6.7,30,6,Easy,Weak
S266,Computer Graphics,3D Transformation,2.0,97.6,64.6,2,12.1,15,0,Easy,Strong
S140,Cloud Computing,Cloud Storage,1.3,58.6,61.9,1,4.5,5,4,Medium,Weak
S478,Cloud Computing,Cloud Storage,2.7,96.8,72.5,4,13.4,5,0,Medium,Strong
S184,Web Technology,HTML/CSS,4.4,100.0,72.7,4,7.0,16,0,Hard,Strong
S293,Cyber Security,Web Security,1.8,44.3,55.8,2,9.3,19,7,Medium,Weak
S030,Software Engineering,Agile,4.7,84.9,62.8,1,10.4,14,1,Easy,Strong
S305,Cloud Computing,Cloud Security,2.3,93.3,75.0,5,11.6,17,2,Medium,Strong
S043,Big Data,Spark,3.2,44.6,43.4,2,8.2,9,7,Medium,Weak
S378,OS,Process Scheduling,0.6,84.2,62.7,5,10.3,19,0,Easy,Average
S278,Data Structures,Graphs,4.4,80.4,79.2,3,10.4,21,7,Easy,Average
S373,AI,Expert Systems,1.0,24.8,27.8,1,6.1,2,4,Medium,Weak
S217,Cloud Computing,Load Balancing,2.4,55.4,35.8,3,14.4,19,0,Easy,Average
S232,DBMS,Transactions,4.0,62.8,44.7,4,8.1,6,1,Easy,Strong
S086,Computer Graphics,3D Transformation,4.9,60.7,38.2,1,10.6,16,5,Medium,Average
S297,Software Engineering,SDLC,3.8,69.7,60.2,2,9.4,8,7,Easy,Average
S259,Computer Networks,Routing,2.5,65.3,63.0,2,9.9,29,6,Medium,Weak
S046,Computer Graphics,3D Transformation,1.7,43.6,36.8,2,11.6,28,4,Hard,Weak
S438,Cyber Security,Authentication,2.5,45.7,40.2,5,14.3,11,7,Medium,Weak
S185,Cloud Computing,Virtualization,4.9,100.0,78.8,5,10.4,11,5,Easy,Strong
S140,Software Engineering,SDLC,4.5,93.8,63.0,4,6.3,23,1,Medium,Strong
S327,Cloud Computing,Cloud Security,1.9,81.7,64.7,2,9.1,4,0,Medium,Average
S169,Cloud Computing,Cloud Security,4.0,82.9,55.0,5,5.8,6,4,Medium,Strong
S043,AI,Search Algorithms,1.3,49.1,42.4,5,4.9,12,4,Hard,Weak
S494,Computer Graphics,Rendering,2.7,81.8,53.0,3,7.3,11,1,Medium,Strong
S392,Web Technology,JavaScript,1.5,94.1,77.8,2,13.7,24,1,Easy,Average
S145,Cyber Security,Network Security,2.1,53.4,42.3,2,9.7,30,2,Easy,Weak
S132,AI,Machine Learning,4.7,100.0,71.1,4,5.3,3,0,Easy,Strong
S260,Software Engineering,Software Design,3.9,71.9,60.4,4,10.9,27,5,Medium,Average
S124,OS,Memory Management,4.4,79.0,55.0,5,12.7,6,5,Hard,Strong
S050,DBMS,Transactions,2.7,85.4,76.0,2,12.5,15,1,Medium,Average
S093,OS,Deadlock,3.2,100.0,77.9,4,7.9,2,3,Easy,Strong
S241,OS,File Systems,3.1,26.4,28.2,2,11.6,14,6,Medium,Weak
S056,OS,Deadlock,2.5,78.0,68.3,1,8.0,1,4,Hard,Average
S010,Data Mining,Clustering,1.1,35.0,36.2,3,12.6,19,7,Medium,Weak
S333,Computer Networks,Routing,4.9,57.3,41.9,1,6.0,15,3,Easy,Strong
S195,Software Engineering,Agile,1.1,69.5,55.9,5,5.0,25,2,Easy,Average
S204,Web Technology,JavaScript,2.5,100.0,93.5,5,3.5,3,2,Hard,Strong
S123,AI,Knowledge Representation,3.8,62.3,45.2,3,13.4,4,2,Medium,Strong
S144,Software Engineering,Software Design,2.2,46.1,41.5,3,13.7,27,7,Easy,Weak
S440,Computer Graphics,2D Transformation,2.7,50.2,40.8,3,12.7,30,5,Medium,Weak
S295,DBMS,Transactions,2.0,45.9,50.7,2,5.8,11,7,Medium,Average
S199,Computer Networks,Routing,2.8,91.5,60.6,2,6.5,22,1,Hard,Strong
S047,Data Structures,Trees,4.2,100.0,73.4,5,4.5,15,2,Hard,Strong
S398,Software Engineering,Agile,1.4,89.6,65.5,2,10.6,22,2,Medium,Average
S364,Data Structures,Graphs,0.6,42.9,43.0,2,4.9,24,5,Medium,Weak
S494,Computer Networks,TCP/IP,4.6,99.0,67.9,3,13.8,16,3,Hard,Strong
S235,Software Engineering,SDLC,3.6,90.2,71.5,4,4.5,25,3,Medium,Average
S312,Cloud Computing,Virtualization,1.4,69.8,72.5,1,4.6,5,3,Medium,Weak
S151,Web Technology,JavaScript,1.4,89.7,79.4,4,14.4,25,2,Medium,Average
S318,Software Engineering,SDLC,4.9,80.0,63.9,1,4.5,15,5,Easy,Strong
S426,Cyber Security,Cryptography,1.9,30.7,34.3,5,10.5,17,6,Easy,Weak
S304,Data Mining,Clustering,3.8,42.6,36.8,2,5.0,29,5,Medium,Weak
S276,Computer Networks,Routing,0.8,58.4,60.7,1,12.4,12,2,Medium,Weak
S380,Big Data,MapReduce,3.6,74.3,61.4,4,4.8,9,6,Easy,Average
S006,Cyber Security,Cryptography,4.1,94.1,63.5,3,5.1,21,2,Medium,Strong
S498,Big Data,Spark,4.5,100.0,95.5,3,14.5,4,0,Easy,Strong
S361,OS,Process Scheduling,1.9,77.7,66.0,2,9.3,16,3,Medium,Average
S049,Software Engineering,SDLC,0.9,65.5,55.3,5,6.6,8,0,Hard,Weak
S394,Software Engineering,Software Testing,0.9,55.7,67.8,4,10.6,20,6,Hard,Weak
S162,OS,Process Scheduling,4.5,79.2,62.5,2,8.2,22,1,Easy,Strong
S452,Cyber Security,Web Security,2.6,72.4,53.0,5,8.3,18,3,Hard,Strong
S111,Data Structures,Linked Lists,4.1,93.0,70.1,3,9.1,19,1,Hard,Strong
S307,Big Data,Spark,2.9,57.7,44.7,1,5.4,27,4,Medium,Weak
S223,DBMS,Normalization,2.9,89.8,72.3,4,12.5,27,1,Medium,Strong
S252,Cloud Computing,Cloud Security,1.0,64.7,54.3,2,13.7,25,1,Medium,Weak
S221,Cloud Computing,Cloud Storage,4.1,100.0,78.6,2,3.5,27,3,Hard,Average
S118,Computer Graphics,2D Transformation,2.8,61.6,60.5,1,12.3,11,2,Easy,Average
S005,AI,Search Algorithms,4.6,71.9,64.1,5,5.2,21,5,Medium,Average
S125,Computer Graphics,3D Transformation,2.1,66.1,48.4,5,12.7,27,3,Medium,Weak
S032,DBMS,SQL,2.9,82.0,61.8,4,4.4,2,4,Medium,Strong
S269,Software Engineering,Agile,4.3,100.0,80.5,4,5.8,6,2,Medium,Strong
S102,DBMS,Normalization,0.6,34.2,48.3,4,3.9,12,7,Hard,Weak
S320,Cyber Security,Cryptography,3.0,84.0,75.1,1,5.4,30,2,Medium,Strong
S291,Data Structures,Arrays,2.7,71.7,50.0,2,13.7,30,1,Hard,Average
S499,Computer Graphics,2D Transformation,0.8,79.1,66.6,2,13.6,26,1,Medium,Average
S187,AI,Search Algorithms,3.0,83.7,64.4,3,3.8,7,0,Medium,Strong
S295,Data Structures,Linked Lists,1.4,36.3,49.0,1,3.6,3,3,Easy,Weak
S253,Computer Networks,Routing,4.9,100.0,74.3,5,13.8,10,3,Easy,Strong
S409,Software Engineering,Agile,1.5,95.4,84.7,4,3.2,19,1,Hard,Average
S292,Computer Graphics,3D Transformation,0.7,25.6,42.4,1,8.4,27,6,Easy,Weak
S294,Cloud Computing,Virtualization,1.1,70.6,36.3,3,8.3,24,0,Hard,Average
S170,Computer Graphics,Rendering,1.6,98.4,71.9,5,5.2,6,1,Easy,Average
S005,Data Structures,Linked Lists,2.8,51.5,37.9,2,4.2,26,6,Easy,Weak
S400,Data Structures,Trees,4.3,82.2,76.4,4,7.4,3,1,Medium,Strong
S363,OS,Deadlock,2.7,69.1,54.8,2,10.5,22,6,Easy,Weak
S362,AI,Machine Learning,4.6,79.7,79.5,2,13.1,26,7,Medium,Strong
S132,Computer Graphics,3D Transformation,3.2,90.1,69.0,1,4.1,17,1,Medium,Strong
S281,Web Technology,HTML/CSS,1.3,75.3,62.9,1,6.0,28,0,Easy,Average
S084,Cloud Computing,Cloud Storage,3.3,95.0,63.8,4,6.7,7,2,Hard,Average
S119,Data Mining,Clustering,3.3,77.6,66.1,4,5.0,14,3,Medium,Strong
S377,DBMS,Indexing,2.6,83.8,65.3,5,9.0,1,1,Medium,Strong
S400,Cyber Security,Authentication,4.0,97.8,87.2,5,4.8,2,5,Medium,Strong
S164,Software Engineering,SDLC,2.8,35.0,41.4,3,5.2,6,5,Hard,Average
S125,Cyber Security,Web Security,1.6,81.0,66.8,1,7.8,30,0,Medium,Average
S044,Computer Graphics,Rendering,2.7,60.8,59.0,1,9.2,24,6,Easy,Average
S485,Software Engineering,Software Testing,2.9,78.1,68.3,4,9.8,14,2,Medium,Strong
S358,Web Technology,React,2.0,71.2,68.2,3,3.3,22,6,Medium,Average
S078,Web Technology,React,4.8,89.3,73.3,1,14.2,3,6,Medium,Average
S075,OS,Deadlock,1.0,56.9,49.9,1,4.0,16,0,Easy,Weak
S286,Data Structures,Linked Lists,4.7,73.0,57.0,4,6.7,27,5,Hard,Strong
S250,DBMS,Transactions,3.4,59.2,36.6,5,14.1,21,7,Hard,Weak
S336,Big Data,Spark,2.0,81.2,74.1,5,14.6,2,6,Easy,Average
S020,Computer Networks,TCP/IP,4.0,54.3,43.5,3,3.7,21,5,Medium,Average
S453,Big Data,HDFS,1.0,47.0,44.7,3,13.5,3,7,Medium,Weak
S073,DBMS,Transactions,2.5,62.9,59.6,5,7.3,27,4,Easy,Weak
S043,AI,Search Algorithms,0.6,61.6,56.8,3,9.5,5,5,Medium,Weak
S306,OS,Deadlock,2.1,62.1,57.7,1,7.8,24,6,Medium,Weak
S442,Data Structures,Linked Lists,4.3,73.1,55.0,3,11.7,7,2,Medium,Strong
S433,Software Engineering,SDLC,3.0,65.4,55.4,3,5.5,21,5,Medium,Weak
S407,AI,Search Algorithms,2.7,96.4,86.1,2,7.3,24,5,Easy,Strong
S422,Cyber Security,Web Security,1.5,62.0,46.6,2,14.6,14,2,Hard,Weak
S403,Computer Graphics,2D Transformation,1.6,84.7,62.2,5,12.2,21,3,Medium,Average
S364,Software Engineering,Software Design,0.9,45.3,52.0,3,13.4,6,4,Easy,Weak
S230,Web Technology,JavaScript,5.0,71.8,52.9,3,13.2,14,5,Medium,Strong
S073,Data Structures,Arrays,4.3,95.4,68.5,4,12.7,20,5,Medium,Strong
S132,Big Data,Spark,4.4,100.0,78.9,4,11.7,6,4,Medium,Strong
S107,Computer Graphics,3D Transformation,3.9,85.7,65.0,3,9.9,2,4,Medium,Average
S190,Data Mining,Classification,3.4,97.3,79.3,2,4.6,12,2,Medium,Strong
S317,Data Mining,Classification,1.4,69.9,66.4,1,7.0,24,1,Easy,Average
S140,OS,Process Scheduling,3.9,43.0,39.0,2,13.2,12,7,Easy,Weak
S206,OS,Process Scheduling,2.6,60.2,63.3,3,5.2,24,3,Easy,Average
S368,Web Technology,React,3.2,94.8,78.9,5,13.8,18,2,Medium,Strong
S061,DBMS,Normalization,4.2,67.3,50.0,1,5.6,17,5,Easy,Average
S116,Computer Graphics,Rendering,1.6,52.8,47.0,1,3.5,3,3,Medium,Weak
S500,Cyber Security,Cryptography,4.5,100.0,73.4,4,12.0,2,2,Hard,Strong
S305,Big Data,HDFS,1.2,47.2,50.3,4,7.8,6,3,Easy,Weak
S135,Software Engineering,SDLC,2.7,99.8,74.8,5,10.6,12,1,Medium,Strong
S144,Software Engineering,Software Design,1.3,54.5,48.4,5,13.2,30,7,Medium,Weak
S207,AI,Machine Learning,3.3,90.1,64.6,5,6.4,17,0,Hard,Strong
S474,Data Structures,Linked Lists,1.7,54.2,57.5,2,9.3,26,7,Medium,Weak
S227,Web Technology,HTML/CSS,4.7,67.0,45.1,3,12.0,2,0,Hard,Strong
S225,Data Structures,Arrays,2.9,96.3,59.7,5,10.2,18,1,Easy,Strong
S263,Data Structures,Arrays,3.6,100.0,74.6,4,8.9,14,1,Hard,Strong
S068,Data Mining,Data Preprocessing,1.9,79.4,70.0,5,6.4,3,7,Easy,Average
S371,Big Data,MapReduce,4.0,67.4,62.1,1,14.3,16,6,Medium,Average
S255,DBMS,SQL,4.2,97.7,73.7,4,9.7,28,0,Hard,Strong
S286,DBMS,SQL,4.5,75.9,61.4,1,14.5,4,3,Medium,Strong
S211,Data Mining,Association Rules,4.0,96.3,64.9,5,9.5,18,3,Hard,Strong
S293,Cyber Security,Cryptography,0.8,82.8,82.9,4,7.0,30,7,Medium,Weak
S382,OS,Deadlock,1.7,82.7,71.7,3,11.7,9,3,Medium,Average
S266,Web Technology,JavaScript,4.3,68.8,61.7,1,11.3,11,4,Easy,Strong
S025,Cyber Security,Web Security,4.2,73.8,57.4,5,4.3,23,6,Hard,Average
S344,Data Mining,Clustering,3.5,69.3,71.6,3,11.2,5,7,Hard,Average
S319,Computer Graphics,Curves,4.0,87.9,75.9,1,8.7,25,0,Hard,Strong
S396,DBMS,SQL,4.0,55.4,49.1,2,9.1,10,7,Medium,Weak
S032,Web Technology,React,1.8,56.2,42.2,5,9.4,11,5,Hard,Weak
S023,AI,Expert Systems,4.9,77.2,58.2,2,4.2,24,4,Medium,Average
S085,OS,Deadlock,2.5,66.3,57.0,1,7.9,17,2,Medium,Average
S435,Cyber Security,Cryptography,1.0,24.8,34.1,1,14.5,3,4,Hard,Weak
S194,Computer Graphics,Curves,1.2,62.3,49.5,1,6.6,26,2,Medium,Weak
S001,Cyber Security,Network Security,1.3,32.6,37.8,4,12.2,20,6,Medium,Weak
S197,DBMS,Normalization,1.6,59.8,47.9,1,7.4,21,1,Hard,Weak
S079,Cyber Security,Cryptography,3.4,79.9,55.0,5,14.8,23,2,Medium,Average
S353,OS,File Systems,4.4,60.5,50.9,4,7.6,2,7,Easy,Strong
S155,Cloud Computing,Cloud Security,3.7,95.8,83.6,1,9.2,28,3,Hard,Average
S213,AI,Expert Systems,4.7,83.4,59.4,3,5.5,30,2,Medium,Strong
S233,DBMS,SQL,1.5,75.9,67.3,1,7.2,6,1,Medium,Average
S479,Web Technology,JavaScript,4.0,55.0,44.2,4,11.4,13,7,Easy,Average
S150,Big Data,HDFS,3.0,63.0,54.4,5,3.7,27,7,Hard,Average
S033,Data Structures,Arrays,4.4,76.3,56.0,4,6.4,23,4,Hard,Average
S159,Cloud Computing,Virtualization,1.0,62.5,51.9,5,8.3,11,4,Medium,Average
S194,Data Structures,Graphs,4.7,81.0,61.8,1,11.5,1,2,Easy,Strong
S473,Computer Graphics,Rendering,2.0,51.9,59.4,3,12.6,17,6,Medium,Weak
S378,Computer Networks,Transport Layer,3.2,85.5,62.0,3,11.6,29,0,Easy,Average
S160,DBMS,Normalization,3.7,100.0,75.1,4,9.4,17,0,Hard,Strong
S232,DBMS,Transactions,4.4,90.6,54.6,3,6.5,23,2,Medium,Strong
S158,Web Technology,React,4.1,88.6,69.1,5,14.7,23,3,Hard,Strong
S446,Web Technology,HTML/CSS,2.7,100.0,100.0,2,10.7,20,0,Medium,Strong
S162,Software Engineering,Agile,1.8,74.2,61.8,1,11.8,22,0,Medium,Average
S133,Data Mining,Clustering,2.6,48.5,38.7,2,7.2,6,4,Hard,Weak
S301,Software Engineering,Software Testing,0.7,58.1,52.0,4,14.9,22,5,Easy,Weak
S449,Cyber Security,Web Security,1.4,55.9,55.5,4,4.0,1,5,Easy,Average
S483,AI,Knowledge Representation,1.0,77.7,73.2,3,11.5,18,1,Medium,Average
S459,OS,Process Scheduling,1.7,55.3,50.9,2,7.3,24,5,Hard,Weak
S037,Cyber Security,Cryptography,1.1,26.3,28.4,4,3.4,21,7,Medium,Weak
S096,Software Engineering,Software Design,2.2,96.4,79.8,4,7.4,16,0,Medium,Strong
S484,Data Structures,Graphs,1.5,64.9,50.5,5,10.2,18,5,Easy,Weak
S219,Cyber Security,Network Security,2.1,70.1,57.6,4,13.6,4,1,Medium,Average
S343,Software Engineering,Software Design,1.8,64.0,63.9,2,13.4,12,1,Medium,Average
S488,Web Technology,HTML/CSS,2.8,59.5,50.1,2,4.4,23,4,Hard,Weak
S355,Cloud Computing,Load Balancing,4.4,77.4,56.5,3,13.2,20,1,Hard,Average
S216,Data Structures,Trees,1.8,87.6,79.7,1,10.0,10,2,Medium,Average
S131,DBMS,Normalization,3.4,52.8,38.2,3,7.0,5,7,Medium,Weak
S146,Big Data,Spark,1.2,49.1,47.1,1,8.0,18,5,Medium,Weak
S016,DBMS,Normalization,1.9,71.8,63.8,5,9.8,10,5,Medium,Average
S065,Web Technology,React,3.9,49.7,61.1,3,12.5,29,6,Hard,Weak
S311,Cloud Computing,Load Balancing,4.9,80.5,72.8,5,9.6,24,7,Hard,Strong
S090,Computer Networks,Routing,0.6,71.5,61.9,1,13.9,2,1,Hard,Weak
S282,DBMS,SQL,0.6,79.5,79.2,1,8.7,22,3,Easy,Average
S459,Big Data,Spark,3.3,86.2,65.6,2,8.6,28,3,Hard,Average
S223,Computer Graphics,2D Transformation,2.6,61.5,64.4,2,7.6,28,3,Medium,Weak
S066,DBMS,SQL,4.0,91.2,49.0,3,7.8,11,0,Easy,Strong
S264,AI,Knowledge Representation,2.3,41.0,29.6,1,6.7,10,5,Easy,Weak
S230,Web Technology,JavaScript,3.9,70.9,61.1,2,3.6,28,7,Medium,Average
S101,AI,Search Algorithms,1.9,59.8,66.2,5,6.3,18,7,Easy,Average
S053,Software Engineering,Software Design,1.2,49.7,49.8,2,10.7,2,4,Easy,Weak
S476,DBMS,Transactions,3.0,31.0,39.1,1,14.2,15,7,Medium,Weak
S010,Cloud Computing,Load Balancing,2.5,78.8,72.9,5,7.5,16,5,Hard,Average
S493,Software Engineering,Software Design,2.7,70.0,65.1,1,13.7,17,4,Medium,Average
S342,DBMS,Indexing,3.6,64.6,54.8,2,8.4,24,2,Easy,Average
S423,Big Data,Spark,4.2,100.0,72.3,4,8.9,10,2,Medium,Strong
S447,Cloud Computing,Load Balancing,1.8,22.4,23.7,1,12.6,21,6,Medium,Weak
S181,Web Technology,React,4.6,83.9,72.5,3,12.9,24,4,Hard,Strong
S386,Data Structures,Linked Lists,2.4,94.2,77.1,1,9.5,24,1,Hard,Strong
S274,Big Data,MapReduce,1.5,60.1,60.5,1,4.2,30,3,Hard,Average
S172,OS,Memory Management,1.3,94.6,70.1,5,3.9,4,0,Hard,Strong
S265,Computer Graphics,Rendering,1.9,57.8,61.7,1,11.5,30,6,Medium,Weak
S033,Cloud Computing,Load Balancing,3.4,79.8,67.2,1,10.8,17,5,Medium,Average
S126,Web Technology,JavaScript,2.8,60.2,52.1,2,6.0,26,4,Easy,Weak
S472,Computer Networks,Routing,2.1,42.0,39.5,5,12.6,6,7,Medium,Weak
S431,AI,Search Algorithms,2.9,89.9,59.7,3,10.2,3,3,Easy,Average
S377,Web Technology,JavaScript,1.6,58.6,57.8,4,4.4,2,1,Medium,Weak
S109,DBMS,SQL,4.0,79.8,57.5,3,5.0,17,3,Hard,Average
S071,Big Data,Spark,1.0,41.5,39.6,4,9.4,15,4,Easy,Weak
S285,Big Data,Hadoop,1.3,75.0,49.7,5,13.0,13,1,Medium,Strong
S060,OS,Process Scheduling,1.4,60.9,51.4,1,4.4,27,1,Hard,Average
S120,Cloud Computing,Cloud Storage,3.9,100.0,67.5,3,3.2,20,3,Easy,Strong
S014,Software Engineering,Agile,0.7,50.7,46.4,3,4.1,14,7,Hard,Weak
S064,Big Data,Spark,1.9,65.4,57.7,2,11.3,20,3,Medium,Average
S490,Computer Graphics,2D Transformation,4.1,66.2,55.2,3,3.8,3,7,Hard,Average
S048,Cloud Computing,Virtualization,2.7,84.7,70.8,5,6.4,21,3,Easy,Strong
S080,Web Technology,Node.js,3.4,98.8,78.4,3,5.1,2,1,Hard,Strong
S043,Cyber Security,Cryptography,4.7,100.0,60.7,4,6.3,16,0,Medium,Strong
S292,Software Engineering,Agile,2.1,43.6,43.4,5,6.1,1,4,Easy,Weak
S077,Big Data,HDFS,2.4,88.8,74.2,3,11.0,11,0,Easy,Strong
S163,Cloud Computing,Virtualization,2.2,54.4,43.4,2,3.6,6,6,Easy,Weak
S433,Web Technology,Node.js,4.6,83.2,46.5,3,10.9,4,0,Hard,Strong
S312,Data Structures,Trees,3.3,84.9,75.4,2,7.2,13,4,Medium,Weak
S037,Cloud Computing,Cloud Security,2.8,43.5,40.2,3,5.1,6,7,Hard,Weak
S075,OS,Deadlock,2.2,73.6,56.2,1,12.7,11,2,Easy,Weak
S376,Big Data,Hadoop,2.8,81.4,66.4,4,8.1,13,5,Hard,Average
S147,Computer Networks,Network Security,0.9,64.1,66.7,4,10.3,6,7,Hard,Weak
S084,DBMS,Transactions,1.7,56.3,52.1,3,11.0,20,5,Hard,Weak
S369,Computer Graphics,2D Transformation,0.5,71.8,63.0,4,3.7,10,2,Medium,Average
S243,Web Technology,React,2.7,82.4,68.6,4,12.1,3,4,Hard,Average
S393,Cyber Security,Network Security,4.6,61.6,52.2,5,5.4,24,7,Hard,Average
S426,Data Structures,Arrays,2.4,61.7,49.4,3,10.9,12,2,Medium,Weak
S162,AI,Expert Systems,0.9,74.6,57.0,5,5.6,28,3,Easy,Average
S405,OS,Process Scheduling,0.9,46.5,43.2,4,10.6,10,0,Hard,Weak
S467,Cyber Security,Web Security,0.8,66.4,54.2,5,10.1,17,6,Hard,Weak
S077,Cyber Security,Authentication,1.9,67.4,61.2,2,13.1,13,6,Medium,Weak
S276,Web Technology,Node.js,1.5,69.7,65.0,4,3.6,29,6,Medium,Weak
S410,Computer Networks,Routing,3.5,81.3,78.5,2,12.6,8,1,Medium,Strong
S391,Big Data,MapReduce,2.2,39.8,40.3,5,5.4,5,6,Hard,Weak
S241,Computer Networks,Transport Layer,1.5,78.4,57.9,3,14.6,25,0,Medium,Average
S283,AI,Expert Systems,3.5,76.6,62.8,2,10.1,13,3,Medium,Average
S038,Big Data,Spark,2.7,40.0,49.4,2,9.3,29,7,Medium,Weak
S405,AI,Knowledge Representation,4.5,61.8,45.7,1,10.7,4,5,Easy,Weak
S238,Big Data,Spark,2.6,86.4,44.4,5,3.1,3,1,Medium,Strong
S169,DBMS,Transactions,2.1,48.2,45.1,1,11.5,7,4,Medium,Weak
S311,Big Data,Hadoop,2.7,81.8,64.7,4,9.9,11,1,Medium,Average
S219,Computer Graphics,3D Transformation,4.2,100.0,91.0,4,14.2,5,1,Hard,Strong
S145,Computer Networks,Routing,4.5,66.8,58.8,1,14.9,19,4,Hard,Average
S348,Big Data,Spark,1.5,78.8,74.7,3,12.5,9,3,Easy,Average
S262,Cyber Security,Cryptography,0.9,70.9,70.8,5,9.0,14,4,Medium,Weak
S436,Computer Networks,Routing,1.2,64.3,68.1,4,7.2,25,5,Medium,Weak
S220,Computer Networks,TCP/IP,1.2,63.8,66.7,4,10.2,20,7,Easy,Weak
S039,Computer Networks,Routing,4.4,53.7,55.7,5,6.3,10,7,Medium,Average
S173,Data Mining,Classification,4.1,82.6,65.8,5,5.2,27,3,Easy,Strong
S249,Computer Graphics,2D Transformation,1.4,73.2,61.3,2,10.0,2,1,Medium,Average
S375,Cyber Security,Authentication,4.1,96.8,71.7,2,14.0,20,0,Easy,Strong
S307,Data Structures,Arrays,1.9,49.3,39.7,5,4.0,1,6,Medium,Weak
S165,Computer Graphics,2D Transformation,1.5,42.8,45.1,2,12.4,11,6,Medium,Weak
S207,Software Engineering,Software Design,0.6,72.1,63.7,4,10.4,22,2,Easy,Weak
S489,Cloud Computing,Virtualization,3.1,63.4,55.7,1,9.4,24,5,Medium,Average
S091,Cyber Security,Cryptography,4.5,84.3,68.7,4,5.6,27,6,Medium,Average
S369,Computer Graphics,Rendering,3.4,42.2,45.4,2,7.3,24,6,Hard,Average
S443,Computer Graphics,2D Transformation,1.3,65.9,57.7,3,12.7,8,6,Easy,Weak
S012,Computer Graphics,2D Transformation,2.7,75.1,60.4,2,7.4,17,6,Medium,Weak
S161,Cloud Computing,Load Balancing,2.4,60.6,50.7,5,14.6,10,6,Medium,Average
S398,Data Structures,Linked Lists,2.2,96.7,69.3,2,8.2,26,1,Medium,Strong
S104,Big Data,Spark,3.2,44.9,37.5,5,11.5,30,6,Hard,Weak
S236,Computer Networks,Network Security,1.3,62.6,64.7,5,12.9,8,5,Easy,Weak
S066,Web Technology,Node.js,1.6,54.5,51.2,1,6.1,16,2,Medium,Weak
S330,OS,Deadlock,4.3,80.9,69.4,4,7.1,21,4,Medium,Average
S040,DBMS,Indexing,0.7,59.6,57.7,3,3.4,14,5,Easy,Average
S408,AI,Knowledge Representation,1.3,55.6,45.2,2,12.4,18,7,Medium,Weak
S173,OS,Memory Management,4.4,82.7,58.2,1,6.9,2,1,Easy,Strong
S422,Data Structures,Linked Lists,4.9,74.0,67.7,2,8.9,8,5,Hard,Strong
S338,OS,Memory Management,2.1,92.2,81.7,3,3.1,29,2,Medium,Strong
S332,Cloud Computing,Cloud Security,4.3,77.5,56.2,2,8.2,3,1,Medium,Average
S062,Computer Graphics,3D Transformation,3.1,63.9,51.7,5,10.3,18,4,Easy,Strong
S313,Software Engineering,Software Testing,2.1,48.4,43.5,2,12.3,19,3,Easy,Weak
S492,AI,Knowledge Representation,3.4,77.4,56.9,3,14.9,7,5,Medium,Average
S064,Cyber Security,Authentication,2.8,99.7,67.4,5,8.0,15,2,Easy,Strong
S334,Cloud Computing,Cloud Storage,2.7,65.2,69.2,1,9.0,20,0,Medium,Average
S230,Web Technology,React,2.0,42.0,34.4,2,6.3,6,2,Easy,Weak
S029,Software Engineering,SDLC,1.2,28.4,31.4,1,7.1,30,5,Easy,Weak
S426,Software Engineering,Agile,1.1,41.2,39.3,3,3.9,26,5,Easy,Weak
S360,Cloud Computing,Load Balancing,0.8,72.0,64.9,5,6.0,14,0,Medium,Average
S489,DBMS,Transactions,4.4,87.4,61.2,4,8.7,1,2,Easy,Strong
S355,Data Mining,Association Rules,1.2,97.1,75.2,3,5.2,30,1,Medium,Average
S320,AI,Expert Systems,2.9,84.5,69.5,3,11.1,19,1,Hard,Strong
S176,Cloud Computing,Virtualization,2.0,55.1,45.1,4,7.9,16,7,Medium,Weak
S056,AI,Knowledge Representation,1.7,77.3,62.5,3,4.8,2,2,Easy,Average
S112,OS,Deadlock,0.7,56.2,59.6,3,8.3,16,2,Medium,Average
S434,AI,Machine Learning,3.9,56.9,49.3,2,9.0,19,6,Medium,Average
S488,Software Engineering,SDLC,1.5,57.8,52.8,4,7.7,18,7,Easy,Weak
S097,DBMS,SQL,4.1,43.3,37.6,1,8.5,12,6,Hard,Weak
S267,DBMS,Transactions,4.5,38.7,32.1,1,10.9,5,7,Medium,Weak
S235,Web Technology,Node.js,3.5,81.8,70.8,5,8.3,29,3,Easy,Strong
S488,Software Engineering,Agile,0.7,81.4,65.1,5,3.3,29,3,Medium,Strong
S184,AI,Knowledge Representation,3.8,66.1,48.8,3,14.9,25,5,Easy,Average
S190,Big Data,Spark,4.7,82.0,71.5,1,5.0,23,6,Easy,Average
S088,Software Engineering,Software Design,4.4,100.0,88.8,1,7.7,20,4,Medium,Strong
S166,Computer Networks,Transport Layer,2.8,81.8,70.6,4,13.3,17,6,Medium,Average
S298,Computer Graphics,Curves,4.0,70.1,49.3,4,9.4,25,6,Easy,Average
S121,Software Engineering,SDLC,1.2,79.4,68.7,4,11.4,19,3,Medium,Average
S469,Data Mining,Association Rules,0.8,88.9,83.1,4,14.5,8,2,Medium,Average
S490,Computer Networks,Network Security,0.9,100.0,83.1,5,10.1,24,2,Hard,Average
S285,Cyber Security,Network Security,3.0,28.3,42.7,2,10.5,1,7,Medium,Weak
S482,Data Structures,Trees,1.8,31.6,49.5,4,10.1,29,7,Medium,Weak
S017,Computer Graphics,2D Transformation,1.5,53.2,56.5,2,3.1,28,7,Medium,Weak
S186,AI,Knowledge Representation,0.8,54.6,61.6,2,8.9,26,7,Hard,Weak
S134,Big Data,MapReduce,2.0,38.1,34.2,1,10.0,17,4,Medium,Weak
S380,OS,Deadlock,2.0,97.6,87.9,4,14.6,22,5,Hard,Average
S091,DBMS,SQL,2.8,77.2,58.2,3,11.1,22,1,Easy,Average
S237,DBMS,SQL,2.2,29.9,48.6,1,12.4,20,7,Medium,Weak
S322,Computer Graphics,Curves,5.0,100.0,70.0,5,5.7,5,7,Easy,Strong
S280,Cyber Security,Web Security,0.8,71.4,64.7,1,12.6,28,5,Medium,Weak
S245,OS,File Systems,0.8,68.7,64.0,1,5.7,26,1,Easy,Average
S273,Data Mining,Data Preprocessing,2.7,84.1,48.3,3,7.6,15,1,Easy,Average
S215,Software Engineering,Software Testing,3.6,47.4,41.3,1,7.3,25,7,Medium,Weak
S287,Data Structures,Trees,0.8,53.7,53.7,3,13.4,7,6,Hard,Weak
S043,Computer Graphics,Rendering,3.0,70.5,69.7,4,10.3,20,6,Easy,Weak
S407,Data Mining,Data Preprocessing,0.6,52.9,65.7,4,13.7,16,6,Medium,Weak
S131,AI,Search Algorithms,3.8,64.3,44.3,2,14.5,14,4,Medium,Average
S458,Web Technology,JavaScript,1.8,77.4,72.1,2,8.6,17,2,Medium,Average
S225,Data Mining,Clustering,3.7,93.4,67.6,5,3.6,11,3,Medium,Strong
S190,AI,Machine Learning,1.7,68.0,49.8,5,4.0,1,2,Easy,Average
S007,Computer Networks,TCP/IP,2.5,69.5,68.8,2,9.1,7,2,Hard,Average
S040,Software Engineering,Software Design,1.3,74.3,71.8,3,8.9,19,4,Medium,Weak
S082,Computer Networks,Routing,1.5,58.7,68.7,5,11.7,25,7,Medium,Weak
S192,Computer Networks,Transport Layer,1.5,64.9,45.9,4,3.9,3,3,Easy,Average
S394,Data Mining,Clustering,4.2,61.6,53.1,3,9.3,23,2,Medium,Strong
S012,Data Mining,Classification,0.6,75.6,70.8,1,7.1,11,1,Easy,Weak
S239,Software Engineering,Software Testing,0.9,49.7,47.2,1,10.5,10,4,Hard,Weak
S082,DBMS,Normalization,0.7,80.2,69.3,4,10.3,23,4,Easy,Average
S401,Data Mining,Association Rules,4.0,98.6,79.4,1,3.9,20,0,Medium,Strong
S430,Cyber Security,Authentication,2.3,98.3,67.9,5,14.8,21,2,Medium,Strong
S436,Big Data,MapReduce,1.6,82.6,60.8,5,4.3,28,3,Easy,Average
S190,AI,Search Algorithms,2.2,57.0,42.7,2,7.4,21,1,Medium,Average
S103,Software Engineering,Software Testing,4.1,75.0,55.6,1,13.7,28,3,Easy,Average
S441,OS,Process Scheduling,1.7,56.4,46.9,2,13.4,14,3,Medium,Weak
S320,Data Mining,Classification,3.1,91.7,84.1,4,14.2,21,4,Medium,Strong
S273,DBMS,Normalization,1.5,71.1,61.5,4,14.0,18,4,Hard,Weak
S375,Web Technology,Node.js,1.9,61.4,53.7,1,8.5,22,5,Hard,Weak
S365,Data Mining,Association Rules,1.5,61.5,49.9,4,3.5,1,3,Hard,Weak
S309,Big Data,Spark,1.3,71.8,62.8,4,4.1,24,2,Easy,Average
S134,AI,Expert Systems,2.8,79.1,73.9,4,11.0,17,6,Hard,Weak
S017,Computer Graphics,Curves,4.1,62.1,45.8,1,9.2,18,5,Medium,Average
S358,DBMS,Transactions,2.2,51.5,45.0,1,12.6,29,5,Medium,Weak
S420,DBMS,SQL,0.6,70.0,65.9,2,6.6,15,0,Easy,Weak
S074,Data Structures,Arrays,3.2,78.2,51.9,1,13.8,10,2,Medium,Average
S221,AI,Machine Learning,3.7,95.5,80.5,3,13.4,17,3,Easy,Strong
S097,Computer Networks,TCP/IP,1.7,80.8,72.8,3,6.8,2,0,Medium,Strong
S296,Cyber Security,Web Security,2.3,85.3,76.4,5,13.0,2,4,Hard,Strong
S325,OS,Deadlock,4.0,89.3,63.0,3,13.7,23,0,Hard,Strong
S240,DBMS,Transactions,3.6,87.1,64.2,5,10.0,5,3,Medium,Strong
S339,DBMS,Normalization,1.5,64.0,61.3,2,4.7,29,1,Hard,Weak
S269,Web Technology,React,3.8,68.3,36.4,4,9.5,12,3,Medium,Average
S257,Data Structures,Linked Lists,1.9,82.4,76.8,2,14.1,25,2,Medium,Weak
S154,Computer Networks,Routing,1.0,52.1,64.0,4,4.0,7,7,Medium,Weak
S458,Computer Networks,Transport Layer,3.8,86.9,68.9,5,7.8,11,5,Easy,Strong
S480,Data Mining,Clustering,4.9,93.9,81.4,4,3.5,10,5,Medium,Strong
S318,OS,Memory Management,2.2,53.2,61.1,3,3.9,26,6,Easy,Weak
S408,Computer Graphics,Curves,4.9,93.1,70.3,1,8.8,20,4,Easy,Strong
S494,OS,Deadlock,2.7,64.5,47.9,5,11.8,6,4,Hard,Average
S309,Data Structures,Trees,1.3,57.2,57.9,1,12.9,4,2,Hard,Weak
S461,Data Mining,Clustering,0.8,64.2,55.6,2,9.0,25,0,Hard,Weak
S144,Software Engineering,Agile,1.0,70.6,63.4,2,10.1,26,3,Easy,Average
S467,DBMS,Transactions,2.1,34.4,40.5,2,13.0,28,4,Hard,Weak
S384,Big Data,Hadoop,3.9,100.0,96.9,5,8.6,5,4,Medium,Strong
S094,OS,Process Scheduling,3.0,84.4,72.5,5,8.4,20,5,Medium,Average
S232,Data Mining,Data Preprocessing,3.8,94.0,69.4,5,4.2,13,4,Medium,Strong
S031,Data Mining,Classification,4.6,93.3,75.0,3,12.7,7,2,Hard,Strong
S241,Cloud Computing,Load Balancing,3.1,77.2,64.1,3,8.6,17,4,Easy,Average
S426,Cyber Security,Authentication,0.9,74.4,83.1,1,9.1,2,0,Easy,Average
S452,Cloud Computing,Cloud Storage,3.2,58.7,48.8,5,10.4,21,5,Easy,Average
S084,Cyber Security,Web Security,3.4,71.0,65.1,2,11.7,7,6,Medium,Weak
S392,Computer Graphics,3D Transformation,4.0,80.9,65.7,3,14.2,25,4,Easy,Strong
S094,DBMS,SQL,3.9,83.2,60.8,5,6.7,28,6,Easy,Average
S379,OS,File Systems,4.2,82.7,68.3,2,10.2,25,6,Medium,Average
S149,Web Technology,React,1.7,64.5,60.6,2,3.4,17,7,Hard,Weak
S132,Big Data,Hadoop,3.8,65.8,43.7,4,14.3,6,7,Easy,Weak
S170,Software Engineering,Agile,3.2,64.0,55.9,2,11.5,30,1,Hard,Average
S298,Software Engineering,Software Design,2.6,79.7,62.8,5,5.8,5,4,Medium,Average
S208,AI,Search Algorithms,3.8,63.4,56.8,2,11.0,24,5,Easy,Weak
S429,OS,Memory Management,2.6,82.0,68.6,2,11.9,2,4,Hard,Average
S385,AI,Machine Learning,2.8,66.6,55.1,2,6.3,16,5,Medium,Weak
S244,Computer Graphics,2D Transformation,3.5,55.7,45.6,5,11.6,22,7,Easy,Weak
S190,Big Data,Spark,2.4,48.6,50.3,3,9.1,3,6,Easy,Weak
S421,Computer Graphics,Curves,4.8,88.2,57.8,1,7.8,1,0,Medium,Strong
S301,Data Mining,Clustering,4.4,49.7,33.9,5,13.7,18,7,Easy,Average
S494,Software Engineering,SDLC,4.8,100.0,74.1,2,8.4,6,0,Easy,Strong
S394,Computer Graphics,Rendering,1.9,59.6,55.9,2,13.7,23,4,Easy,Weak
S223,Big Data,MapReduce,2.6,38.9,38.4,1,12.4,11,6,Medium,Weak
S178,OS,Memory Management,0.9,69.6,68.1,4,12.8,21,2,Easy,Average
S466,Computer Networks,TCP/IP,2.2,44.2,48.2,4,9.5,22,4,Medium,Weak
S156,Cloud Computing,Cloud Storage,2.1,51.7,52.0,2,10.8,26,2,Easy,Average
S369,Cloud Computing,Load Balancing,2.4,43.0,39.8,1,10.0,13,5,Medium,Weak
S236,Big Data,Hadoop,1.0,84.2,73.1,5,11.0,28,1,Easy,Average
S442,OS,Memory Management,2.6,56.8,44.1,4,6.6,7,3,Medium,Average
S248,Computer Graphics,2D Transformation,1.3,65.7,53.5,4,8.7,17,1,Medium,Average
S371,Cloud Computing,Cloud Security,4.5,73.5,54.5,1,11.7,29,1,Easy,Strong
S107,Computer Graphics,Curves,4.3,85.8,59.2,4,13.5,13,0,Hard,Strong
S430,Data Structures,Arrays,4.1,93.5,69.0,5,13.7,19,6,Hard,Strong
S453,AI,Knowledge Representation,2.8,39.1,31.3,5,12.7,9,6,Easy,Weak
S362,DBMS,Indexing,3.5,62.6,53.3,4,12.8,30,7,Medium,Average
S292,Cloud Computing,Cloud Security,2.1,82.7,67.9,2,14.1,22,1,Hard,Average
S404,Computer Graphics,Rendering,1.5,54.3,41.2,1,6.0,16,3,Hard,Weak
S479,Data Structures,Linked Lists,4.5,79.5,61.6,4,4.9,6,5,Medium,Strong
S126,OS,Deadlock,4.1,100.0,77.0,1,13.5,25,2,Easy,Strong
S042,AI,Expert Systems,4.9,100.0,71.9,5,7.3,6,1,Medium,Strong
S137,Data Mining,Association Rules,2.8,43.4,41.5,3,10.5,27,6,Hard,Weak
S404,OS,File Systems,3.6,42.0,44.2,1,11.3,3,6,Easy,Weak
S265,Software Engineering,Software Testing,2.5,58.2,59.1,1,12.5,13,6,Medium,Weak
S158,Data Structures,Graphs,1.1,66.8,62.8,2,8.7,22,1,Easy,Average
S036,Cyber Security,Cryptography,2.1,67.8,65.9,2,6.7,3,3,Medium,Weak
S222,Data Mining,Association Rules,0.9,68.2,48.7,4,12.5,6,3,Medium,Average
S118,Computer Networks,TCP/IP,1.8,29.4,30.7,2,10.3,10,6,Medium,Weak
S018,Web Technology,Node.js,4.3,65.4,51.5,3,5.5,5,6,Easy,Strong
S222,Data Mining,Classification,1.3,44.5,45.4,5,4.5,23,6,Easy,Weak
S405,Data Mining,Association Rules,3.2,50.7,47.7,3,6.7,6,7,Medium,Weak
S364,Cyber Security,Authentication,2.9,59.7,54.8,1,12.6,7,6,Easy,Weak
S328,Software Engineering,SDLC,1.8,61.3,53.8,2,4.4,22,4,Hard,Weak
S011,Data Structures,Trees,2.2,85.6,62.5,4,5.0,26,0,Easy,Average
S452,Big Data,Hadoop,2.3,70.5,56.5,5,9.3,29,6,Easy,Weak
S477,Software Engineering,Agile,1.9,79.3,63.9,4,12.4,14,0,Hard,Average
S376,Software Engineering,Software Design,0.6,53.9,68.4,1,7.5,5,6,Easy,Weak
S328,Software Engineering,Software Design,2.1,39.0,31.0,3,9.9,2,5,Easy,Weak
S474,Web Technology,JavaScript,4.3,100.0,86.4,4,11.1,2,0,Medium,Strong
S499,DBMS,Indexing,2.9,59.8,53.8,2,4.4,21,3,Hard,Weak
S066,Software Engineering,Software Design,3.5,69.3,48.4,5,5.2,21,5,Easy,Weak
S235,AI,Knowledge Representation,2.4,86.2,72.7,3,4.7,7,5,Medium,Average
S362,Web Technology,Node.js,0.9,52.2,56.9,4,10.6,5,5,Medium,Weak
S365,Software Engineering,Software Design,3.1,94.4,70.6,4,7.4,9,4,Hard,Strong
S409,Cyber Security,Web Security,1.6,73.6,63.3,4,12.6,26,2,Medium,Average
S440,Computer Networks,TCP/IP,4.8,97.1,67.6,4,13.7,24,5,Easy,Average
S467,Web Technology,Node.js,3.3,63.3,59.3,4,11.1,12,6,Easy,Average
S344,OS,Process Scheduling,1.3,56.8,61.7,5,10.9,9,6,Easy,Weak
S072,Web Technology,HTML/CSS,3.5,79.0,71.7,2,13.3,30,5,Medium,Average
S412,Computer Networks,Routing,3.1,76.1,62.2,1,6.0,6,5,Medium,Weak
S141,OS,File Systems,0.8,74.9,71.6,2,7.1,12,4,Hard,Weak
S250,Software Engineering,SDLC,5.0,65.6,46.7,2,6.5,6,4,Hard,Strong
S363,Computer Networks,Routing,1.8,88.7,59.3,4,3.3,11,2,Hard,Strong
S489,AI,Expert Systems,3.8,90.3,74.0,1,12.0,9,3,Medium,Strong
S190,AI,Expert Systems,3.3,44.4,46.4,4,4.0,30,6,Medium,Weak
S243,Cyber Security,Network Security,1.5,86.1,70.0,2,12.7,18,2,Medium,Average
S021,AI,Expert Systems,2.5,53.8,41.1,2,4.6,23,1,Easy,Average
S341,AI,Knowledge Representation,1.3,78.7,59.6,2,6.4,27,2,Medium,Average
S282,Computer Networks,TCP/IP,4.3,85.2,60.1,3,7.4,6,2,Hard,Strong
S105,Web Technology,HTML/CSS,1.3,46.5,49.6,2,3.7,15,6,Easy,Weak
S233,Data Structures,Linked Lists,2.8,56.8,42.3,3,3.8,15,5,Medium,Average
S170,Computer Networks,TCP/IP,4.7,74.0,63.6,3,4.1,27,7,Easy,Strong
S044,Computer Graphics,Curves,2.3,72.9,67.8,1,6.6,8,3,Hard,Average
S141,Cloud Computing,Cloud Storage,1.5,66.5,45.6,2,14.6,22,4,Hard,Weak
S299,Cyber Security,Authentication,1.2,55.0,58.2,3,5.6,29,6,Easy,Average
S045,Web Technology,React,0.9,68.3,55.7,4,11.4,28,3,Medium,Weak
S489,Data Mining,Data Preprocessing,0.9,46.0,54.5,2,13.1,23,6,Medium,Weak
S056,Software Engineering,Agile,1.3,46.0,52.0,3,12.0,1,4,Medium,Weak
S437,Data Structures,Linked Lists,2.9,85.5,66.9,4,14.2,3,6,Medium,Weak
S170,Web Technology,Node.js,1.8,43.7,57.6,1,6.0,14,6,Easy,Weak
S233,AI,Search Algorithms,0.6,36.2,50.4,3,6.3,25,7,Hard,Weak
S113,Cloud Computing,Virtualization,0.6,41.1,57.9,1,11.2,1,2,Easy,Weak
S344,Data Mining,Clustering,2.6,78.5,58.5,5,10.5,12,4,Medium,Average
S106,Big Data,HDFS,3.0,97.4,75.3,3,13.5,14,2,Medium,Average
S272,Computer Networks,Routing,4.3,90.1,61.7,3,13.9,19,2,Easy,Strong
S025,OS,Process Scheduling,3.4,55.6,46.9,3,5.6,5,4,Hard,Average
S116,AI,Machine Learning,4.7,66.0,55.6,1,14.5,9,4,Easy,Strong
S070,Cyber Security,Network Security,2.1,69.2,58.4,3,14.4,15,3,Medium,Weak
S340,OS,Deadlock,4.9,86.0,66.2,3,3.1,29,3,Medium,Strong
S018,AI,Expert Systems,3.5,68.5,56.0,5,8.9,7,4,Easy,Average
S154,Computer Graphics,3D Transformation,0.6,33.7,37.8,3,8.9,29,6,Easy,Weak
S470,AI,Search Algorithms,3.9,66.6,52.6,1,10.4,24,0,Medium,Average
S431,OS,Memory Management,4.4,92.1,66.5,3,13.6,7,0,Medium,Strong
S253,OS,File Systems,1.4,25.3,36.0,1,6.9,5,5,Medium,Weak
S362,Data Structures,Arrays,4.3,100.0,96.3,1,9.7,10,0,Medium,Strong
S266,Big Data,MapReduce,4.6,45.6,42.4,1,8.2,4,7,Medium,Weak
S143,OS,Deadlock,3.7,94.9,61.3,1,3.6,6,0,Easy,Strong
S026,Computer Networks,Transport Layer,4.4,95.1,78.5,4,6.7,2,3,Hard,Strong
S241,Web Technology,React,4.8,80.9,61.8,3,3.0,2,5,Medium,Average
S162,DBMS,Indexing,2.2,61.4,62.0,2,10.3,29,4,Medium,Weak
S301,DBMS,SQL,1.2,49.0,52.9,3,12.1,29,5,Hard,Weak
S342,Data Structures,Trees,4.4,58.2,51.3,2,12.2,24,5,Easy,Strong
S320,Web Technology,HTML/CSS,2.1,49.1,42.8,1,7.1,20,0,Hard,Weak
S079,Web Technology,React,3.9,94.0,68.1,2,4.6,12,2,Medium,Average
S196,Cyber Security,Authentication,2.2,61.6,36.0,2,11.8,29,3,Easy,Average
S076,Computer Networks,TCP/IP,5.0,100.0,66.6,5,11.9,12,5,Hard,Strong
S433,Software Engineering,SDLC,3.5,100.0,71.9,5,13.2,25,2,Easy,Strong
S173,AI,Machine Learning,5.0,94.0,68.9,4,7.7,9,4,Hard,Strong
S489,AI,Knowledge Representation,4.6,98.3,68.9,3,12.4,28,0,Medium,Strong
S088,Data Structures,Arrays,1.6,59.2,63.1,4,7.9,28,3,Medium,Average
S401,Cloud Computing,Cloud Storage,1.0,83.9,72.4,3,10.6,2,1,Easy,Average
S049,Software Engineering,Software Testing,0.6,66.7,62.8,3,6.1,17,1,Medium,Average
S182,DBMS,Indexing,0.7,32.0,32.2,1,14.0,13,5,Easy,Weak
S063,Cyber Security,Authentication,2.1,47.2,38.3,4,13.5,28,7,Medium,Weak
S286,OS,Memory Management,1.7,81.8,68.1,2,11.9,29,1,Medium,Average
S353,Cyber Security,Authentication,1.3,67.2,69.0,1,13.9,8,6,Medium,Weak
S002,Big Data,Spark,3.3,83.8,69.3,2,9.1,12,1,Easy,Strong
S335,Software Engineering,Agile,4.3,86.3,66.4,2,14.8,10,1,Hard,Strong
S271,Big Data,HDFS,0.9,56.3,53.7,3,12.1,14,1,Medium,Weak
S362,Cyber Security,Network Security,4.1,100.0,78.5,5,7.7,9,0,Medium,Strong
S341,OS,Memory Management,1.8,86.9,75.6,2,9.2,4,1,Easy,Strong
S267,Big Data,Hadoop,2.9,79.2,64.3,3,9.5,23,3,Hard,Average
S425,Cyber Security,Network Security,2.8,82.9,62.3,5,12.9,14,5,Medium,Average
S397,OS,Process Scheduling,0.6,33.2,41.4,2,3.0,2,5,Hard,Weak
S379,Software Engineering,Agile,3.4,65.7,44.8,3,13.5,5,6,Medium,Average
S269,Software Engineering,Software Testing,2.2,27.4,37.8,1,6.4,18,6,Easy,Weak
S222,Software Engineering,Software Testing,4.9,58.6,41.9,5,11.6,22,7,Hard,Average
S272,Cloud Computing,Cloud Storage,4.8,72.2,58.6,3,13.7,8,3,Easy,Average
S076,OS,File Systems,0.7,75.1,57.8,3,11.0,3,2,Medium,Weak
S045,Cyber Security,Web Security,1.5,61.1,54.1,5,7.2,23,6,Hard,Weak
S432,Software Engineering,Software Testing,2.7,63.9,58.0,5,3.2,24,7,Hard,Weak
S020,Big Data,Spark,1.8,100.0,85.3,5,14.8,8,2,Medium,Strong
S488,OS,Deadlock,4.5,85.1,59.3,5,7.6,17,3,Medium,Strong
S352,AI,Search Algorithms,3.6,76.0,56.7,1,6.5,17,3,Medium,Average
S105,AI,Knowledge Representation,4.3,100.0,83.6,4,7.9,17,1,Easy,Strong
S309,OS,File Systems,1.3,49.6,45.9,4,3.1,26,5,Hard,Weak
S451,Computer Graphics,2D Transformation,1.2,49.2,51.3,2,9.4,12,6,Medium,Weak
S152,Cloud Computing,Virtualization,4.0,100.0,78.1,3,13.9,19,1,Hard,Strong
S170,Computer Networks,Transport Layer,4.0,68.6,53.0,2,8.2,13,6,Easy,Average
S278,OS,File Systems,0.9,56.4,47.9,1,5.5,18,2,Medium,Weak
S443,Computer Graphics,3D Transformation,1.5,63.5,49.8,3,3.9,20,3,Medium,Average
S474,Big Data,Hadoop,1.9,75.2,69.2,5,12.8,17,6,Medium,Weak
S393,DBMS,SQL,3.8,71.2,61.9,1,13.3,28,3,Medium,Average
S076,DBMS,Transactions,4.4,80.5,53.9,4,3.9,9,1,Medium,Strong
S062,Big Data,MapReduce,1.1,38.1,36.3,4,5.9,3,7,Medium,Weak
S013,Web Technology,JavaScript,2.4,70.9,58.5,5,13.3,22,1,Medium,Average
S137,Software Engineering,Agile,2.1,43.0,35.4,2,7.9,30,1,Medium,Weak
S235,Software Engineering,Software Design,0.5,52.8,55.5,3,7.6,7,7,Medium,Weak
S251,Data Structures,Arrays,1.7,79.5,77.4,3,4.1,21,0,Easy,Strong
S182,Computer Networks,Network Security,2.8,57.2,53.1,3,11.5,30,4,Hard,Weak
S301,Big Data,Spark,2.0,78.6,64.7,3,6.2,28,4,Medium,Weak
S392,OS,Process Scheduling,1.5,85.2,77.7,3,4.8,16,2,Easy,Average
S188,Data Structures,Arrays,2.4,100.0,74.8,5,9.9,28,2,Medium,Strong
S304,Big Data,HDFS,2.7,46.1,36.5,3,12.1,1,5,Hard,Weak
S317,Data Mining,Clustering,1.2,75.6,63.5,5,6.1,22,1,Medium,Average
S017,OS,File Systems,0.7,59.4,52.9,3,7.6,8,4,Hard,Weak
S387,Computer Graphics,Rendering,3.4,71.7,54.8,3,4.5,7,6,Medium,Strong
S246,Computer Graphics,Curves,0.5,24.6,52.0,1,12.5,21,6,Hard,Weak
S173,Data Mining,Clustering,1.5,66.5,59.8,1,6.8,19,2,Medium,Weak
S160,Big Data,Spark,3.4,78.1,56.1,1,6.6,16,0,Easy,Average
S090,Big Data,HDFS,3.1,59.0,48.8,2,5.4,15,6,Medium,Weak
S415,Big Data,Hadoop,3.0,29.7,22.8,1,4.4,29,7,Easy,Weak
S036,Cyber Security,Web Security,4.1,100.0,79.0,3,13.5,6,0,Medium,Strong
S273,Software Engineering,Agile,3.1,66.3,51.4,4,10.2,4,7,Medium,Average
S130,OS,File Systems,4.5,85.1,57.6,4,10.1,22,3,Medium,Strong
S127,Data Structures,Linked Lists,1.3,96.6,78.0,4,10.8,3,2,Medium,Average
S045,Computer Graphics,2D Transformation,2.7,66.7,50.4,3,12.4,28,2,Easy,Average
S483,AI,Machine Learning,4.4,58.5,53.9,4,7.4,6,7,Medium,Average
S078,Cloud Computing,Cloud Storage,3.6,85.8,53.0,4,8.1,11,4,Medium,Average
S348,AI,Knowledge Representation,1.0,96.9,74.5,5,14.1,1,3,Hard,Weak
S251,Computer Networks,Transport Layer,4.6,34.6,28.7,1,6.3,29,6,Easy,Weak
S201,Software Engineering,Software Design,4.8,93.5,69.4,5,6.2,9,6,Hard,Strong
S265,Data Mining,Data Preprocessing,2.1,52.2,46.1,1,3.9,5,0,Easy,Weak
S434,Data Mining,Data Preprocessing,3.8,100.0,75.7,3,8.1,26,2,Easy,Strong
S287,OS,Process Scheduling,3.2,94.8,82.6,2,9.1,4,7,Medium,Strong
S088,OS,Deadlock,1.1,46.5,42.9,2,6.2,26,1,Easy,Weak
S235,Data Mining,Association Rules,4.6,62.7,48.2,2,5.4,1,1,Medium,Strong
S489,Data Mining,Clustering,2.8,73.0,62.1,1,8.5,18,0,Hard,Average
S430,DBMS,Transactions,1.5,45.7,41.1,3,9.1,15,2,Medium,Weak
S321,Cyber Security,Authentication,0.7,80.8,72.4,4,10.0,21,0,Hard,Average
S037,Data Structures,Trees,2.7,46.6,43.0,2,4.5,12,6,Medium,Weak
S287,Software Engineering,Agile,1.8,35.6,29.6,3,7.7,2,4,Medium,Weak
S332,Software Engineering,Agile,1.8,50.8,48.1,3,11.1,13,7,Easy,Weak
S289,Cloud Computing,Cloud Storage,5.0,84.4,69.0,3,13.3,10,4,Medium,Strong
S318,OS,File Systems,4.9,93.6,59.7,3,14.6,21,1,Easy,Strong
S017,Cloud Computing,Load Balancing,3.1,70.5,60.2,2,5.7,3,6,Medium,Average
S341,Computer Networks,Network Security,4.5,100.0,65.1,3,8.4,12,4,Medium,Strong
S248,Big Data,Spark,1.3,28.4,27.6,1,10.8,16,3,Medium,Weak
S276,Computer Networks,Routing,3.8,82.5,53.1,3,3.4,15,2,Medium,Average
S400,Cyber Security,Web Security,3.1,69.5,50.3,4,3.7,17,6,Easy,Average
S074,Data Mining,Classification,2.9,86.5,84.5,1,5.8,28,0,Easy,Average
S300,OS,Process Scheduling,1.0,31.3,34.9,1,7.2,22,6,Medium,Weak
S235,Computer Graphics,Rendering,1.0,72.0,75.7,3,12.1,5,4,Hard,Weak
S294,Computer Graphics,Curves,3.1,71.6,57.3,3,6.1,2,2,Hard,Average
S257,Data Structures,Graphs,3.1,69.9,57.4,3,5.0,9,3,Medium,Average
S122,Data Mining,Association Rules,4.5,98.3,94.9,4,4.4,14,4,Medium,Strong
S113,OS,Process Scheduling,4.2,92.0,72.7,3,7.2,8,2,Medium,Strong
S410,Big Data,HDFS,3.3,73.2,64.7,5,5.9,20,5,Medium,Average
S067,Software Engineering,Agile,0.6,38.5,53.3,5,5.2,8,7,Medium,Weak
S144,Cloud Computing,Cloud Storage,3.2,64.2,58.1,2,4.5,16,4,Easy,Weak
S316,Cloud Computing,Virtualization,2.4,52.9,49.7,1,4.2,11,6,Medium,Average
S114,Data Structures,Linked Lists,1.7,63.6,62.4,2,4.7,5,4,Easy,Average
S294,Software Engineering,Software Testing,1.6,75.2,54.4,4,10.5,17,1,Medium,Average
S140,Data Mining,Classification,3.1,60.8,41.6,5,14.1,14,2,Medium,Average
S027,AI,Knowledge Representation,2.8,67.3,57.7,1,7.3,21,3,Easy,Average
S328,AI,Machine Learning,3.5,89.8,59.0,5,3.2,8,0,Medium,Strong
S090,Software Engineering,SDLC,2.8,50.1,52.2,1,10.6,8,2,Medium,Average
S289,Web Technology,HTML/CSS,2.9,97.5,71.0,4,12.6,30,2,Hard,Strong
S133,Web Technology,Node.js,1.3,52.9,54.6,1,8.6,27,7,Easy,Weak
S374,Web Technology,Node.js,1.9,42.6,32.8,2,5.2,14,2,Medium,Weak
S484,Computer Graphics,3D Transformation,4.2,84.9,60.7,3,9.1,23,4,Medium,Strong
S157,Web Technology,React,1.0,71.7,53.1,5,7.6,16,0,Easy,Average
S308,Data Structures,Trees,4.6,98.3,84.5,5,9.1,7,5,Medium,Strong
S013,Big Data,HDFS,3.7,92.2,80.1,3,10.5,11,5,Hard,Strong
S481,Software Engineering,Agile,1.3,97.9,86.9,5,5.2,27,2,Medium,Average
S433,DBMS,SQL,3.6,49.3,46.0,2,3.5,14,6,Medium,Weak
S054,Computer Networks,Transport Layer,1.8,64.5,51.6,1,3.9,10,0,Medium,Weak
S399,Computer Networks,Network Security,2.3,55.4,49.8,2,11.4,17,7,Medium,Weak
S069,Web Technology,HTML/CSS,3.0,94.6,73.6,2,13.0,28,0,Hard,Strong
S205,OS,Deadlock,3.5,82.1,64.3,4,10.8,2,4,Medium,Average
S412,Data Structures,Linked Lists,3.5,86.6,62.9,5,3.6,4,1,Medium,Strong
S379,Software Engineering,SDLC,4.2,75.9,60.3,4,14.2,19,6,Medium,Strong
S335,AI,Search Algorithms,0.8,82.8,83.9,5,7.8,21,2,Medium,Average
S094,Big Data,MapReduce,1.5,60.9,51.3,4,13.1,2,7,Easy,Weak
S332,Web Technology,HTML/CSS,3.7,52.1,40.5,1,14.1,10,7,Medium,Weak
S348,Software Engineering,Agile,0.9,66.1,56.6,4,6.8,5,0,Easy,Average
S360,Computer Networks,Routing,2.9,70.0,54.2,4,10.7,29,4,Easy,Average
S476,Cyber Security,Authentication,2.9,66.9,59.3,4,9.9,28,4,Medium,Average
S320,Cyber Security,Network Security,4.5,53.4,27.7,3,5.4,8,4,Hard,Average
S065,Big Data,Spark,3.8,66.5,49.5,5,3.2,23,7,Hard,Average
S402,Cloud Computing,Load Balancing,0.8,57.9,49.8,4,10.5,6,4,Hard,Average
S246,Cyber Security,Cryptography,1.2,59.6,55.6,4,9.0,11,0,Medium,Average
S409,Big Data,MapReduce,0.6,52.4,59.8,1,12.1,18,3,Medium,Weak
S058,Software Engineering,Agile,2.9,66.9,59.5,3,13.8,26,5,Hard,Average
S375,Cyber Security,Network Security,4.6,82.5,64.2,3,9.0,2,4,Medium,Strong
S183,Data Structures,Graphs,1.8,53.9,50.2,4,10.0,11,6,Medium,Weak
S286,Computer Graphics,Curves,1.9,45.5,47.4,2,14.8,18,7,Medium,Weak
S018,Computer Networks,Network Security,3.6,83.0,51.5,5,12.5,2,2,Medium,Strong
S283,Cyber Security,Authentication,4.4,97.6,79.0,5,10.3,9,3,Hard,Strong
S189,DBMS,Transactions,4.1,96.0,81.8,5,11.8,24,6,Medium,Average
S327,Cloud Computing,Cloud Security,2.8,82.8,51.0,5,5.4,28,2,Medium,Strong
S207,Data Mining,Clustering,1.5,57.5,62.6,2,3.1,23,4,Easy,Weak
S229,Data Mining,Association Rules,1.9,68.2,53.6,3,7.3,22,1,Easy,Average
S098,AI,Search Algorithms,0.7,77.5,74.9,5,12.8,27,7,Hard,Average
S328,Cloud Computing,Cloud Security,3.6,45.1,42.7,1,12.6,9,5,Medium,Weak
S378,Computer Networks,Network Security,3.7,68.1,41.7,2,6.0,14,0,Easy,Strong
S455,Cyber Security,Web Security,2.2,71.3,63.7,2,9.2,29,7,Medium,Weak
S327,Computer Networks,TCP/IP,4.4,82.1,58.0,2,3.1,13,0,Hard,Strong
S034,AI,Knowledge Representation,4.2,54.3,34.0,2,8.6,9,4,Medium,Average
S001,Cyber Security,Web Security,3.9,80.3,65.0,1,4.3,13,0,Medium,Strong
S019,AI,Expert Systems,4.1,77.0,63.1,2,6.2,18,7,Easy,Average
S066,Cyber Security,Authentication,4.6,86.3,56.7,4,10.9,30,2,Medium,Strong
S135,Cyber Security,Cryptography,2.7,70.6,65.6,3,10.6,10,7,Medium,Weak
S088,Data Structures,Trees,3.4,86.8,66.6,1,8.9,2,0,Medium,Strong
S138,Cloud Computing,Cloud Security,1.1,59.5,48.7,5,7.5,24,0,Hard,Weak
S291,Big Data,Spark,4.1,76.3,53.5,3,14.2,28,4,Easy,Average
S138,AI,Knowledge Representation,3.2,94.9,63.9,4,13.4,29,1,Hard,Strong
S057,Cloud Computing,Load Balancing,4.5,83.7,71.8,3,7.7,9,3,Medium,Strong
S128,Web Technology,JavaScript,4.9,72.8,67.4,3,10.1,20,4,Medium,Strong
S240,Big Data,Spark,2.4,85.7,76.8,3,11.6,7,5,Easy,Average
S372,Cloud Computing,Load Balancing,3.2,100.0,84.7,4,6.8,23,0,Easy,Strong
S343,DBMS,Normalization,3.9,69.5,69.0,2,3.0,23,5,Hard,Strong
S072,Data Mining,Data Preprocessing,3.2,53.9,41.0,3,6.5,29,4,Hard,Weak
S419,OS,Process Scheduling,1.8,71.5,64.9,3,6.6,19,0,Hard,Average
S373,AI,Machine Learning,2.6,61.3,48.9,3,14.4,8,2,Medium,Average
S365,Data Mining,Association Rules,3.7,75.9,72.3,1,5.4,18,1,Medium,Average
S329,Cloud Computing,Virtualization,1.7,100.0,80.6,1,6.9,26,0,Medium,Average
S340,Cloud Computing,Load Balancing,4.3,92.1,76.5,1,14.3,11,3,Easy,Strong
S325,AI,Machine Learning,2.5,48.2,45.9,4,6.1,16,7,Medium,Weak
S331,OS,Deadlock,2.8,84.2,76.2,3,7.0,20,4,Hard,Average
S184,Data Mining,Data Preprocessing,1.6,67.9,67.3,4,3.8,8,6,Hard,Average
S371,AI,Machine Learning,3.0,72.9,63.6,3,4.7,11,6,Hard,Average
S385,Data Structures,Arrays,1.6,79.4,61.1,4,10.7,12,0,Easy,Average
S477,Data Mining,Clustering,2.7,68.5,64.2,1,5.3,24,2,Medium,Average
S343,Data Structures,Trees,2.3,83.8,65.1,3,12.0,23,0,Easy,Strong
S167,Web Technology,HTML/CSS,1.1,67.9,63.4,3,9.0,30,1,Medium,Average
S211,Data Structures,Arrays,4.6,71.1,53.3,3,7.2,7,4,Hard,Strong
S175,Software Engineering,Software Testing,1.4,93.5,74.0,4,5.4,28,1,Easy,Average
S056,Computer Graphics,Rendering,0.7,56.8,54.7,1,3.5,24,3,Easy,Weak
S303,OS,Deadlock,3.4,67.9,49.7,5,6.2,2,3,Medium,Strong
S207,Computer Networks,Network Security,2.5,70.9,60.8,1,8.0,17,2,Easy,Average
S229,Web Technology,JavaScript,3.7,99.6,78.5,3,10.1,3,0,Easy,Strong
S091,Cyber Security,Network Security,3.4,85.8,61.3,5,12.2,8,4,Hard,Average
S453,Big Data,Hadoop,0.7,72.0,72.9,4,14.4,28,5,Medium,Weak
S044,Cloud Computing,Load Balancing,1.7,36.2,30.8,3,9.9,6,6,Medium,Weak
S250,Big Data,Spark,3.7,95.6,74.8,1,8.8,27,3,Hard,Strong
S137,Computer Networks,Network Security,1.8,48.8,58.4,4,11.7,8,7,Easy,Weak
S420,Computer Graphics,2D Transformation,2.9,69.1,47.7,2,8.6,22,0,Medium,Average
S475,Computer Networks,Transport Layer,0.6,28.5,26.4,3,12.4,19,4,Medium,Weak
S321,Web Technology,HTML/CSS,2.1,54.0,44.8,2,8.0,4,0,Easy,Average
S335,DBMS,Transactions,4.5,94.5,75.2,5,3.7,22,4,Hard,Strong
S418,Cyber Security,Authentication,3.3,40.3,33.8,4,13.0,6,6,Medium,Weak
S258,Software Engineering,SDLC,0.7,87.9,74.3,3,7.6,13,6,Easy,Weak
S295,Software Engineering,Software Testing,1.0,55.3,48.3,2,10.1,17,0,Hard,Average
S302,OS,Process Scheduling,3.9,100.0,85.9,4,5.2,20,4,Medium,Strong
S342,OS,Memory Management,2.9,95.1,67.9,2,8.2,30,0,Medium,Strong
S439,Software Engineering,Software Testing,2.8,66.0,58.0,3,11.4,8,1,Easy,Average
S173,Cloud Computing,Cloud Security,1.6,87.7,66.0,4,6.2,18,3,Easy,Average
S094,Cyber Security,Network Security,2.1,71.8,63.5,4,4.4,19,3,Easy,Average
S095,DBMS,SQL,4.4,81.7,58.8,2,4.9,20,2,Easy,Strong
S170,Cyber Security,Network Security,1.7,44.8,49.5,2,11.8,20,6,Easy,Weak
S112,Software Engineering,Software Testing,0.6,32.7,41.3,1,7.3,30,6,Hard,Weak
S490,Software Engineering,Agile,1.7,57.5,49.2,2,8.7,23,2,Hard,Average
S268,Data Structures,Linked Lists,3.5,86.7,51.5,2,3.8,9,1,Medium,Average
S032,Software Engineering,Software Testing,4.2,64.0,53.4,4,4.0,11,7,Hard,Average
S487,Software Engineering,Software Design,3.7,83.6,69.2,2,7.4,18,0,Hard,Strong
S199,Big Data,Hadoop,3.8,78.1,52.9,1,3.5,17,1,Medium,Strong
S393,Computer Networks,Network Security,3.5,74.4,59.2,4,7.1,9,5,Easy,Average
S231,Data Structures,Linked Lists,1.7,65.8,52.0,4,5.3,23,7,Easy,Average
S351,Cyber Security,Web Security,0.9,45.6,41.8,3,7.8,22,6,Easy,Weak
S398,Data Structures,Trees,0.7,25.5,27.9,1,5.2,25,3,Medium,Weak
S368,Computer Graphics,Curves,2.7,100.0,84.6,3,3.9,19,1,Hard,Strong
S040,Web Technology,HTML/CSS,1.7,76.1,57.6,5,4.4,27,0,Easy,Average
S160,Data Mining,Clustering,3.5,71.7,53.2,3,11.3,5,5,Hard,Average
S068,Data Mining,Data Preprocessing,4.1,98.8,74.1,5,12.7,2,4,Medium,Strong
S371,Computer Graphics,Curves,3.6,100.0,82.7,3,10.7,19,3,Medium,Strong
S098,Data Mining,Classification,4.8,97.5,63.1,1,12.1,23,1,Medium,Average
S314,Data Mining,Clustering,2.4,37.3,32.8,1,4.3,18,5,Hard,Weak
S023,DBMS,Normalization,2.4,76.7,72.2,5,12.5,20,6,Easy,Average
S265,Cyber Security,Authentication,4.7,80.3,64.7,1,5.5,20,1,Medium,Strong
S337,OS,Process Scheduling,2.1,99.9,82.1,4,9.9,3,4,Hard,Strong
S047,Software Engineering,Agile,2.9,36.2,41.3,3,3.1,17,7,Hard,Weak
S140,Web Technology,React,3.3,51.5,40.2,4,14.8,27,7,Hard,Weak
S170,Computer Graphics,Curves,1.8,84.1,75.3,4,6.4,13,2,Hard,Average
S283,Data Structures,Graphs,3.7,62.3,45.9,5,5.9,19,5,Easy,Average
S129,Computer Networks,Routing,2.4,69.6,46.8,4,14.2,11,4,Medium,Average
S386,Computer Networks,TCP/IP,0.7,40.3,41.6,4,3.9,4,5,Easy,Weak
S150,Cyber Security,Cryptography,2.4,56.5,41.0,4,7.3,29,2,Medium,Average
S355,OS,File Systems,4.2,73.7,53.2,2,3.4,28,4,Easy,Average
S451,Computer Graphics,Rendering,4.8,49.9,41.3,3,12.4,27,4,Medium,Average
S219,DBMS,Normalization,3.4,100.0,84.4,4,12.1,25,0,Hard,Strong
S370,Data Mining,Association Rules,4.1,100.0,61.4,5,14.0,8,2,Medium,Strong
S001,AI,Expert Systems,4.6,83.9,61.5,5,7.4,18,2,Hard,Strong
S500,AI,Machine Learning,2.9,59.2,58.6,3,10.8,23,7,Medium,Weak
S005,Software Engineering,Software Design,0.9,70.8,59.9,5,12.0,8,2,Easy,Weak
S311,Cyber Security,Cryptography,2.5,85.7,76.4,1,13.1,21,2,Easy,Strong
S251,AI,Search Algorithms,0.8,15.8,28.0,1,4.5,19,5,Hard,Weak
S219,DBMS,SQL,4.8,80.1,70.2,4,12.0,4,5,Medium,Strong
S201,OS,Deadlock,2.2,95.3,75.1,1,6.1,7,0,Hard,Average
S302,Data Mining,Data Preprocessing,0.6,58.2,63.0,2,8.6,8,4,Easy,Average
S056,Cyber Security,Web Security,2.7,100.0,77.8,4,9.9,24,0,Hard,Average
S232,Web Technology,React,4.1,86.3,71.8,4,12.9,23,6,Hard,Strong
S479,OS,Memory Management,4.3,87.1,57.5,5,3.8,29,2,Easy,Strong
S377,DBMS,Normalization,4.6,84.1,64.0,1,3.4,9,1,Easy,Average
S315,Data Structures,Trees,0.8,53.4,51.8,3,11.7,17,3,Hard,Weak
S387,Cloud Computing,Virtualization,3.6,73.9,52.7,2,4.2,24,5,Medium,Average
S488,Software Engineering,SDLC,3.6,50.2,33.4,5,12.9,2,5,Hard,Weak
S198,Data Mining,Classification,3.0,95.5,91.3,4,14.1,25,1,Medium,Strong
S429,Web Technology,Node.js,1.8,62.9,60.7,1,11.9,28,7,Medium,Weak
S345,Software Engineering,Software Design,4.4,84.4,53.2,2,3.9,16,2,Easy,Strong
S480,Computer Graphics,Curves,3.2,100.0,93.6,4,11.0,16,0,Easy,Strong
S347,Web Technology,Node.js,2.2,43.9,33.3,1,12.8,12,4,Hard,Weak
S498,AI,Machine Learning,1.6,50.2,57.3,1,6.2,18,6,Medium,Weak
S144,Cloud Computing,Load Balancing,2.2,73.6,47.1,3,13.1,7,0,Hard,Average
S175,Cyber Security,Network Security,1.9,52.5,58.6,3,8.9,8,6,Hard,Weak
S383,Data Mining,Data Preprocessing,3.4,95.8,65.3,3,11.9,15,2,Easy,Average
S221,Cyber Security,Network Security,4.8,35.5,31.1,5,4.7,14,6,Easy,Average
S103,Computer Graphics,Rendering,2.3,21.8,28.7,3,8.8,5,6,Medium,Weak
S414,Computer Graphics,Curves,1.0,44.1,44.5,2,5.8,23,2,Medium,Weak
S409,Web Technology,JavaScript,3.4,77.9,45.4,1,11.5,16,1,Medium,Weak
S250,Software Engineering,Software Testing,0.8,80.7,71.1,5,8.8,11,6,Medium,Weak
S293,Cyber Security,Cryptography,0.7,76.7,59.5,4,8.6,30,0,Medium,Average
S062,Software Engineering,SDLC,4.7,83.2,69.4,1,5.1,21,3,Hard,Strong
S443,Computer Graphics,3D Transformation,1.9,80.1,68.5,3,6.7,3,0,Medium,Average
S470,Cyber Security,Network Security,4.8,99.4,78.1,5,3.6,7,6,Medium,Strong
S112,Cloud Computing,Virtualization,2.6,84.0,73.8,3,13.7,9,5,Medium,Average
S221,Cloud Computing,Load Balancing,4.3,100.0,82.4,5,11.9,6,0,Medium,Strong
S376,Data Mining,Clustering,4.3,79.6,60.6,3,6.0,4,0,Easy,Strong
S217,DBMS,SQL,4.4,94.5,64.2,4,3.7,19,4,Medium,Strong
S388,Cyber Security,Web Security,4.6,98.7,74.7,5,12.8,13,4,Hard,Strong
S126,AI,Search Algorithms,0.9,75.7,60.1,3,12.3,1,0,Hard,Weak
S259,Computer Graphics,3D Transformation,5.0,88.3,64.8,1,9.8,6,2,Medium,Strong
S075,Software Engineering,Software Testing,2.0,51.8,53.8,2,5.5,24,7,Medium,Weak
S092,OS,Deadlock,3.9,100.0,85.5,5,5.7,28,2,Easy,Strong
S193,Computer Networks,Transport Layer,4.2,94.0,72.0,2,8.5,17,1,Medium,Strong
S076,Software Engineering,SDLC,4.8,71.1,63.6,4,9.5,9,7,Easy,Strong
S311,Cloud Computing,Virtualization,2.5,82.5,69.3,5,7.7,24,0,Hard,Strong
S011,Computer Networks,Network Security,4.0,91.6,68.2,5,8.7,21,5,Medium,Strong
S081,Web Technology,HTML/CSS,2.4,81.9,54.4,4,10.9,2,0,Easy,Strong
S216,Web Technology,JavaScript,2.4,82.6,66.2,5,11.3,13,4,Medium,Average
S126,Big Data,HDFS,3.0,46.9,33.1,4,12.4,28,4,Hard,Weak
S276,Data Structures,Graphs,4.3,100.0,86.9,3,3.4,10,1,Medium,Strong
S156,AI,Expert Systems,3.1,60.7,43.5,2,6.2,12,1,Easy,Average
S039,Cloud Computing,Cloud Storage,2.7,80.9,70.2,4,13.8,22,5,Medium,Average
S247,Computer Graphics,2D Transformation,4.5,73.1,56.9,5,5.4,8,7,Medium,Strong
S312,Data Mining,Clustering,2.5,100.0,90.7,3,8.7,9,0,Medium,Strong
S171,AI,Search Algorithms,0.7,28.6,35.8,3,5.0,1,5,Medium,Weak
S063,Cloud Computing,Load Balancing,3.5,73.9,58.0,2,14.2,21,5,Hard,Average
S243,Data Mining,Association Rules,1.5,85.6,74.4,5,14.8,17,7,Medium,Weak
S284,Data Mining,Association Rules,1.5,85.1,83.2,5,12.5,23,7,Medium,Weak
S428,AI,Expert Systems,0.7,43.4,35.6,2,11.5,10,1,Medium,Weak
S419,Data Structures,Arrays,0.8,67.7,63.0,5,14.4,10,1,Medium,Weak
S140,Software Engineering,Software Testing,2.8,51.4,50.6,1,13.4,30,4,Medium,Average
S458,Data Mining,Association Rules,1.4,92.6,76.1,3,11.9,22,1,Hard,Strong
S061,AI,Machine Learning,3.8,100.0,74.8,2,13.7,21,0,Medium,Strong
S375,Data Structures,Linked Lists,3.6,51.4,40.3,4,7.6,15,7,Medium,Weak
S423,Data Structures,Arrays,4.9,100.0,84.5,1,10.4,10,1,Medium,Strong
S425,Cyber Security,Cryptography,1.8,89.1,80.7,1,4.7,10,0,Medium,Average
S318,DBMS,Transactions,2.2,100.0,88.8,5,5.8,24,1,Hard,Average
S230,Cloud Computing,Cloud Storage,4.7,79.7,45.2,3,6.5,3,1,Easy,Strong
S315,Web Technology,JavaScript,4.2,67.9,54.7,1,7.3,11,4,Easy,Average
S344,Cyber Security,Network Security,0.5,63.6,59.5,1,5.2,1,0,Easy,Average
S017,Data Structures,Arrays,2.7,44.7,49.5,2,10.3,11,5,Medium,Weak
S234,Computer Networks,Network Security,3.1,95.3,71.5,5,3.9,27,6,Hard,Average
S165,AI,Expert Systems,2.7,85.1,65.0,1,8.9,19,0,Medium,Average
S415,Computer Networks,Routing,2.0,72.7,54.5,3,7.9,13,4,Medium,Average
S295,Cyber Security,Network Security,3.3,63.6,44.8,3,12.1,18,6,Medium,Weak
S107,Web Technology,HTML/CSS,3.1,46.5,49.6,3,4.9,1,3,Medium,Average
S061,Data Structures,Linked Lists,3.1,81.0,76.9,1,12.4,27,4,Easy,Average
S183,Cyber Security,Cryptography,1.1,43.3,48.6,3,11.9,12,5,Easy,Weak
S217,Software Engineering,SDLC,4.9,100.0,100.0,5,8.8,2,0,Medium,Strong
S070,Data Structures,Arrays,1.3,60.2,47.7,2,7.4,11,0,Medium,Weak
S187,DBMS,Normalization,2.3,62.3,53.3,2,5.0,6,6,Easy,Average
S251,Web Technology,React,1.0,49.9,51.3,1,10.6,11,4,Easy,Weak
S375,Computer Graphics,Curves,2.2,52.9,54.2,3,9.7,12,6,Medium,Weak
S251,DBMS,Indexing,3.6,48.5,31.8,3,9.9,17,7,Easy,Weak
S344,DBMS,Normalization,1.2,77.5,61.0,3,6.5,3,1,Easy,Strong
S419,DBMS,Transactions,3.6,87.1,74.7,3,11.7,5,3,Hard,Strong
S196,Data Structures,Trees,3.8,94.3,75.0,2,12.7,7,0,Hard,Average
S070,OS,File Systems,1.2,64.1,50.0,5,10.7,25,6,Easy,Weak
S075,Software Engineering,SDLC,4.6,85.2,55.2,5,4.7,18,6,Hard,Average
S167,Web Technology,JavaScript,1.8,48.1,36.8,1,13.7,19,4,Easy,Weak
S011,AI,Search Algorithms,3.0,64.4,54.3,2,10.2,23,3,Easy,Average
S219,OS,Process Scheduling,1.0,49.9,57.9,3,11.2,6,7,Medium,Weak
S459,OS,Process Scheduling,3.9,81.5,61.5,5,5.9,24,7,Hard,Average
S468,Computer Graphics,3D Transformation,4.0,63.7,47.4,2,4.9,8,5,Hard,Strong
S455,Data Structures,Linked Lists,4.8,94.5,43.8,3,7.5,10,0,Easy,Strong
S099,Software Engineering,Agile,2.8,76.9,61.9,2,14.2,22,4,Hard,Average
S172,Computer Networks,Transport Layer,1.7,54.9,60.7,2,5.7,21,4,Easy,Weak
S170,Big Data,HDFS,1.4,83.5,75.5,4,13.3,25,2,Medium,Strong
S282,Web Technology,React,4.9,100.0,75.7,5,3.4,20,5,Hard,Strong
S199,Software Engineering,Software Design,4.7,79.9,71.1,4,13.1,1,7,Hard,Strong
S091,Big Data,HDFS,4.9,100.0,79.1,3,4.6,23,0,Hard,Strong
S046,Cyber Security,Cryptography,1.2,80.1,55.8,5,9.7,25,0,Easy,Strong
S402,Cloud Computing,Load Balancing,2.4,64.0,43.9,1,4.4,3,0,Hard,Average
S389,OS,Process Scheduling,0.9,51.6,47.1,2,14.5,15,4,Hard,Weak
S448,AI,Expert Systems,2.8,70.7,50.1,5,9.5,29,7,Medium,Average
S100,Software Engineering,Software Design,2.9,100.0,78.2,5,5.8,25,4,Medium,Strong
S012,OS,Deadlock,3.6,68.3,60.4,2,4.7,9,6,Medium,Average
S256,OS,Memory Management,1.8,96.1,67.7,5,8.5,14,1,Hard,Strong
S150,Web Technology,JavaScript,4.1,85.1,72.3,3,6.6,20,5,Easy,Strong
S297,Cyber Security,Authentication,4.6,100.0,73.5,4,14.4,16,3,Easy,Strong
S006,Data Mining,Data Preprocessing,4.6,69.0,49.7,1,12.3,3,0,Medium,Average
S021,Data Structures,Graphs,2.8,46.4,50.2,1,5.2,13,5,Hard,Weak
S324,Big Data,HDFS,1.8,56.4,47.5,2,13.8,14,6,Easy,Average
S008,Web Technology,React,2.2,64.2,62.1,5,3.8,8,7,Medium,Average
S282,Web Technology,React,3.9,80.1,63.8,5,9.4,20,6,Medium,Strong
S428,Computer Networks,Transport Layer,1.3,78.9,66.3,3,12.4,16,0,Easy,Average
S306,DBMS,Normalization,1.5,65.8,60.5,4,8.3,15,3,Medium,Weak
S212,Computer Networks,TCP/IP,3.0,100.0,86.1,2,6.5,21,0,Medium,Strong
S499,Big Data,Hadoop,1.7,50.2,51.0,2,12.2,3,5,Medium,Weak
S263,Data Structures,Arrays,2.1,87.8,64.7,2,5.0,21,0,Medium,Average
S321,Software Engineering,Software Design,4.4,52.5,47.1,1,13.2,11,3,Hard,Average
S489,Cyber Security,Network Security,3.3,71.1,62.4,2,13.6,1,6,Hard,Average
S079,Data Mining,Data Preprocessing,3.7,92.0,62.2,2,13.7,1,1,Medium,Strong
S064,AI,Machine Learning,4.0,66.7,55.8,3,12.7,3,2,Medium,Average
S315,Big Data,MapReduce,4.6,74.5,59.4,2,7.8,23,4,Medium,Strong
S396,Web Technology,HTML/CSS,4.2,100.0,73.9,4,3.2,29,0,Hard,Strong
S294,Data Structures,Graphs,4.8,69.0,48.0,2,9.8,19,5,Hard,Weak
S277,Data Structures,Linked Lists,2.8,79.5,60.4,2,11.4,27,3,Hard,Average
S204,Software Engineering,Software Design,3.4,73.4,45.7,4,5.3,23,1,Medium,Strong
S203,Software Engineering,Agile,3.7,50.8,49.0,3,3.5,6,3,Easy,Average
S067,Data Mining,Data Preprocessing,2.9,84.4,71.5,2,9.3,16,5,Easy,Average
S176,Computer Graphics,Rendering,4.1,89.4,63.2,2,6.6,23,2,Medium,Strong
S211,Software Engineering,Agile,0.6,77.1,74.0,5,6.7,18,4,Hard,Average
S226,Data Structures,Linked Lists,1.7,97.6,73.6,3,3.1,9,2,Hard,Strong
S283,Cyber Security,Authentication,0.8,37.7,45.4,2,10.3,11,2,Medium,Weak
S118,Cloud Computing,Cloud Security,2.7,69.5,56.9,4,6.2,8,4,Medium,Average
S126,Web Technology,Node.js,4.1,99.7,80.9,1,7.7,7,3,Medium,Strong
S285,Cyber Security,Cryptography,0.5,61.0,53.9,3,5.3,18,3,Easy,Weak
S316,DBMS,Indexing,1.1,47.6,47.3,1,10.2,8,2,Medium,Weak
S062,Web Technology,HTML/CSS,4.5,64.6,55.1,3,13.8,26,6,Hard,Average
S031,AI,Machine Learning,2.0,94.2,73.5,5,5.2,9,1,Medium,Strong
S112,OS,Deadlock,4.7,85.7,60.5,2,3.9,27,3,Medium,Strong
S157,OS,Memory Management,2.0,66.3,52.0,5,12.9,19,7,Medium,Weak
S114,Software Engineering,SDLC,4.8,100.0,72.0,4,9.7,18,6,Easy,Strong
S181,Cyber Security,Web Security,4.2,60.0,46.6,2,12.5,28,4,Medium,Average
S348,Data Mining,Association Rules,1.4,100.0,94.0,4,7.1,3,0,Easy,Strong
S355,Software Engineering,Agile,4.5,48.9,46.7,1,11.6,15,6,Medium,Average
S459,Software Engineering,Agile,1.5,71.4,61.1,2,3.9,23,1,Medium,Strong
S017,DBMS,Transactions,1.1,55.7,61.4,1,13.4,7,3,Easy,Weak
S407,Cyber Security,Authentication,0.6,78.1,69.5,5,3.2,27,3,Hard,Average
S356,Cloud Computing,Cloud Security,0.6,80.5,73.9,4,8.4,9,0,Hard,Weak
S331,Computer Networks,Routing,4.3,92.3,65.2,3,7.5,5,3,Easy,Strong
S486,DBMS,Indexing,2.8,100.0,87.0,5,3.8,26,0,Easy,Strong
S234,Data Structures,Graphs,1.3,59.8,41.4,3,12.5,9,3,Medium,Weak
S336,OS,Process Scheduling,0.6,78.4,72.9,5,9.8,2,2,Medium,Average
S147,Web Technology,HTML/CSS,3.0,59.2,44.5,3,9.4,4,3,Hard,Average
S166,Computer Networks,Transport Layer,4.7,72.1,51.2,3,6.8,20,7,Easy,Strong
S425,Data Mining,Clustering,1.9,73.6,61.3,2,8.3,14,5,Medium,Average
S129,Big Data,Spark,1.1,32.3,32.4,1,5.3,13,3,Hard,Weak
S442,DBMS,Indexing,4.1,85.6,63.8,4,14.0,12,7,Easy,Average
S441,Cyber Security,Cryptography,4.7,85.8,56.8,2,3.2,28,1,Easy,Strong
S093,Cyber Security,Cryptography,3.7,82.3,68.9,2,8.2,24,4,Medium,Strong
S096,Computer Networks,TCP/IP,2.0,63.4,50.7,3,11.8,24,7,Medium,Weak
S293,Computer Networks,Network Security,5.0,98.4,78.9,4,12.2,22,3,Hard,Strong
S095,DBMS,Normalization,4.8,81.2,58.8,1,4.5,13,4,Hard,Weak
S071,Big Data,Spark,3.7,86.5,70.5,2,3.2,26,7,Medium,Strong
S072,Cyber Security,Cryptography,2.5,94.7,67.0,4,14.8,2,1,Hard,Strong
S107,Cloud Computing,Cloud Storage,4.7,85.6,50.9,1,11.7,5,0,Easy,Strong
S156,Cloud Computing,Cloud Storage,3.0,56.7,54.5,3,14.4,23,6,Easy,Weak
S485,Data Mining,Association Rules,2.3,47.2,41.3,3,5.5,5,6,Medium,Weak
S442,Software Engineering,Agile,2.3,88.7,71.6,5,5.7,7,2,Easy,Strong
S158,Computer Graphics,Curves,4.2,92.8,77.1,2,7.4,21,2,Medium,Strong
S007,DBMS,Transactions,3.0,72.5,60.3,4,12.5,14,2,Medium,Strong
S206,Data Structures,Arrays,0.7,46.1,55.4,3,5.0,20,7,Medium,Weak
S098,Web Technology,HTML/CSS,2.5,45.7,56.0,3,6.9,9,6,Medium,Weak
S216,Cyber Security,Network Security,4.4,100.0,78.7,5,5.7,13,4,Medium,Strong
S376,OS,File Systems,3.8,60.2,46.1,3,12.5,7,2,Hard,Average
S385,Data Structures,Graphs,1.5,90.8,78.6,1,11.9,10,1,Medium,Average
S061,Computer Graphics,2D Transformation,2.6,32.8,34.5,1,5.2,5,3,Medium,Weak
S078,Data Mining,Association Rules,2.2,100.0,100.0,5,7.7,1,0,Easy,Strong
S327,Big Data,Hadoop,4.8,88.8,69.1,1,14.7,2,2,Medium,Strong
S269,Cyber Security,Web Security,0.9,70.7,69.1,4,6.4,13,7,Hard,Weak
S107,AI,Machine Learning,2.5,60.8,58.9,1,10.1,13,3,Easy,Weak
S457,Data Mining,Data Preprocessing,1.5,84.5,72.0,5,10.0,16,3,Medium,Average
S135,Software Engineering,Software Design,2.3,61.3,52.0,4,14.8,13,4,Medium,Average
S327,DBMS,Transactions,4.8,68.6,62.9,3,10.5,26,5,Medium,Strong
S042,Computer Networks,TCP/IP,3.0,56.0,50.8,5,14.1,21,7,Medium,Weak
S493,Computer Graphics,3D Transformation,2.2,59.0,52.2,4,13.0,2,4,Easy,Average
S050,Data Mining,Classification,3.4,68.4,50.8,4,3.1,15,6,Hard,Average
S412,Data Structures,Linked Lists,0.6,72.5,59.8,5,5.1,12,0,Medium,Average
S193,Cloud Computing,Cloud Security,4.7,93.1,62.0,2,5.4,7,0,Hard,Strong
S389,OS,File Systems,1.8,70.1,60.1,5,11.4,22,4,Easy,Average
S015,Software Engineering,Software Design,1.4,30.2,40.8,4,13.0,22,3,Easy,Weak
S085,Web Technology,HTML/CSS,0.7,54.4,48.0,5,11.4,7,1,Medium,Weak
S217,Cloud Computing,Virtualization,4.3,88.4,60.7,1,13.8,18,1,Medium,Strong
S439,Web Technology,React,2.3,78.2,71.3,2,6.4,4,6,Medium,Weak
S474,Computer Networks,Routing,1.2,70.7,62.7,2,8.6,17,2,Easy,Weak
S277,Web Technology,React,3.2,60.1,47.3,3,3.3,6,3,Easy,Average
S179,Big Data,Hadoop,0.8,64.8,64.9,2,5.4,21,3,Easy,Average
S428,Cloud Computing,Cloud Storage,4.0,73.5,58.8,2,5.4,28,7,Medium,Average
S003,Computer Networks,Transport Layer,4.3,95.2,75.4,2,6.9,18,5,Medium,Strong
S012,Computer Graphics,3D Transformation,1.3,57.4,54.8,4,14.4,20,3,Medium,Average
S177,DBMS,SQL,1.6,73.9,83.2,1,8.5,24,5,Medium,Weak
S216,Data Structures,Trees,2.9,83.7,66.2,1,14.0,8,0,Medium,Average
S002,Computer Networks,Transport Layer,2.1,74.6,61.5,4,4.9,28,1,Easy,Average
S188,Data Structures,Linked Lists,2.2,44.0,45.0,3,9.9,6,6,Medium,Weak
S024,Big Data,MapReduce,2.6,86.8,80.7,1,12.7,19,7,Medium,Weak
S390,Computer Graphics,Rendering,3.7,47.0,46.0,3,4.0,4,6,Easy,Average
S052,Data Mining,Classification,0.9,88.3,84.6,5,7.7,13,6,Medium,Weak
S484,Computer Graphics,Rendering,0.9,66.8,56.6,4,11.9,9,1,Hard,Weak
S201,Cloud Computing,Virtualization,0.8,66.5,57.3,4,14.3,13,0,Easy,Weak
S097,Web Technology,Node.js,2.0,98.7,77.2,4,9.1,19,1,Medium,Average
S063,Big Data,Spark,1.2,22.2,21.7,1,4.7,1,4,Easy,Weak
S329,Data Structures,Arrays,4.2,100.0,81.8,1,6.3,4,3,Medium,Strong
S290,Data Mining,Data Preprocessing,2.6,94.6,78.2,5,15.0,26,0,Medium,Strong
S084,Software Engineering,Agile,3.1,83.3,72.5,1,7.2,9,2,Medium,Average
S030,Software Engineering,Agile,3.8,76.7,57.0,3,7.4,16,6,Hard,Strong
S366,AI,Machine Learning,1.4,86.4,53.8,3,12.1,18,1,Easy,Weak
S027,Cyber Security,Authentication,3.0,49.5,44.9,5,8.5,4,7,Medium,Average
S037,Cyber Security,Cryptography,2.1,80.7,74.6,4,3.3,16,3,Medium,Average
S092,DBMS,SQL,1.8,65.7,50.3,1,5.0,9,0,Easy,Weak
S434,Computer Graphics,3D Transformation,3.1,58.2,47.3,5,12.8,1,5,Easy,Average
S355,Cloud Computing,Load Balancing,3.4,99.0,74.8,5,11.4,4,0,Medium,Strong
S205,Web Technology,HTML/CSS,2.9,42.7,46.0,1,12.4,28,7,Easy,Weak
S101,Big Data,HDFS,0.9,69.6,68.3,1,9.1,12,2,Easy,Weak
S003,OS,Deadlock,2.9,76.6,66.3,3,11.6,18,1,Medium,Strong
S490,DBMS,Indexing,4.3,87.9,59.4,3,7.5,24,1,Medium,Strong
S380,Data Structures,Graphs,0.7,83.1,75.8,1,4.7,30,2,Medium,Average
S255,Web Technology,Node.js,1.1,51.9,52.8,1,6.9,25,2,Easy,Weak
S404,Cloud Computing,Load Balancing,1.1,49.1,53.1,3,3.1,5,7,Easy,Weak
S112,AI,Expert Systems,2.9,52.0,54.5,1,5.5,30,7,Medium,Weak
S085,Software Engineering,Agile,2.6,76.2,53.8,3,5.8,30,0,Easy,Average
S397,Web Technology,React,2.4,39.5,40.9,2,3.3,26,6,Hard,Weak
S164,OS,Process Scheduling,3.5,71.8,56.0,5,6.8,6,3,Medium,Average
S128,Cyber Security,Web Security,2.9,79.1,64.2,1,14.0,29,3,Medium,Average
S309,Web Technology,JavaScript,0.9,74.2,66.1,5,7.7,12,6,Hard,Weak
S298,OS,Memory Management,1.8,100.0,90.1,5,4.3,23,1,Medium,Strong
S079,DBMS,Transactions,2.2,59.4,50.7,4,4.1,28,0,Easy,Average
S408,Computer Networks,Transport Layer,3.9,46.3,39.7,2,11.1,26,7,Easy,Weak
S220,Computer Graphics,3D Transformation,2.8,30.3,31.3,1,9.4,8,5,Hard,Weak
S070,Cyber Security,Cryptography,3.5,96.3,70.6,2,13.0,8,1,Medium,Strong
S446,Computer Networks,Network Security,1.1,80.9,66.5,4,4.4,24,3,Medium,Average
S305,Cyber Security,Cryptography,0.6,100.0,77.8,5,3.4,26,0,Medium,Strong
S386,OS,Process Scheduling,1.8,100.0,81.9,3,12.2,5,0,Medium,Strong
S155,Cyber Security,Web Security,1.7,91.4,83.7,4,12.1,21,2,Medium,Average
S484,Big Data,MapReduce,3.0,74.0,62.4,1,3.6,14,1,Easy,Average
S456,Big Data,Hadoop,3.9,60.7,62.6,1,8.5,6,7,Medium,Weak
S100,Data Structures,Graphs,3.9,77.3,61.5,4,8.9,12,7,Hard,Average
S152,Software Engineering,SDLC,1.5,58.0,69.9,3,12.6,18,7,Hard,Weak
S128,Computer Graphics,Curves,3.4,44.0,42.1,1,10.1,10,4,Medium,Weak
S297,Computer Graphics,2D Transformation,2.8,46.7,47.8,4,12.5,22,7,Easy,Weak
S293,Computer Graphics,Rendering,5.0,77.5,60.9,5,11.7,7,7,Medium,Strong
S470,Cyber Security,Authentication,0.9,62.9,64.5,1,6.5,10,0,Medium,Average
S080,Computer Networks,Routing,2.3,47.0,48.8,2,5.6,28,6,Medium,Weak
S258,Computer Networks,TCP/IP,3.7,31.3,22.7,1,7.1,11,6,Medium,Weak
S141,DBMS,Transactions,4.3,65.6,30.1,3,5.8,17,0,Easy,Strong
S089,DBMS,SQL,3.4,96.8,76.3,3,10.7,29,1,Medium,Strong
S220,Data Mining,Classification,0.9,70.9,72.2,3,5.6,9,6,Easy,Average
S244,OS,File Systems,2.2,69.9,62.2,1,6.5,13,0,Easy,Weak
S467,Data Mining,Clustering,1.1,94.0,79.2,4,8.8,26,4,Easy,Average
S279,Computer Networks,Transport Layer,4.6,58.2,40.7,1,11.3,15,6,Easy,Weak
S261,AI,Machine Learning,1.3,64.2,55.6,2,6.5,26,2,Medium,Weak
S426,Computer Graphics,2D Transformation,1.2,23.2,26.0,1,9.5,22,5,Hard,Weak
S331,Data Structures,Arrays,1.9,45.3,47.5,1,12.9,3,7,Medium,Weak
S387,AI,Search Algorithms,1.6,24.4,55.8,1,5.5,8,7,Medium,Weak
S369,OS,Memory Management,2.4,58.2,42.7,3,8.7,7,2,Medium,Average
S139,Cyber Security,Authentication,3.3,100.0,75.4,4,7.3,9,0,Easy,Strong
S488,Data Mining,Classification,4.3,65.1,56.1,2,8.9,11,7,Hard,Strong
S133,Cyber Security,Authentication,2.5,65.1,55.3,1,10.3,19,4,Medium,Weak
S036,Big Data,Spark,2.4,53.7,47.7,2,13.2,17,4,Medium,Weak
S438,DBMS,Normalization,2.7,81.9,82.8,1,12.8,10,4,Medium,Weak
S190,Big Data,Hadoop,1.4,75.5,60.7,4,5.6,22,6,Hard,Average
S073,Computer Graphics,Curves,2.0,89.2,74.5,4,7.5,14,3,Medium,Average
S128,Computer Graphics,Curves,4.7,98.2,74.5,4,12.0,9,2,Medium,Strong
S060,Computer Networks,TCP/IP,1.5,72.1,70.7,5,8.1,2,5,Easy,Weak
S223,Cloud Computing,Load Balancing,2.1,36.4,37.6,1,13.5,8,1,Hard,Weak
S350,Cloud Computing,Virtualization,4.2,70.8,49.3,4,5.8,11,6,Medium,Average
S199,Data Mining,Clustering,2.4,75.5,56.6,3,9.4,26,0,Medium,Average
S254,Computer Networks,Network Security,3.7,79.8,61.4,4,3.8,3,4,Easy,Strong
S252,DBMS,SQL,1.1,36.6,55.0,1,6.8,3,7,Medium,Weak
S124,Data Mining,Association Rules,1.7,41.2,53.4,1,9.9,27,0,Medium,Weak
S210,Software Engineering,Agile,4.3,77.2,54.8,1,11.2,7,6,Medium,Average
S190,OS,Deadlock,4.5,69.4,66.5,3,7.2,29,5,Medium,Average
S481,Big Data,Spark,4.2,49.3,47.7,1,7.7,15,6,Easy,Weak
S152,Cyber Security,Web Security,3.0,100.0,70.6,5,7.3,27,0,Medium,Strong
S458,Data Mining,Clustering,5.0,66.9,54.2,1,10.3,10,2,Hard,Average
S251,Web Technology,HTML/CSS,1.9,72.2,52.3,1,5.1,28,1,Easy,Weak
S063,Cyber Security,Authentication,4.7,100.0,82.7,2,3.4,22,4,Medium,Strong
S462,Web Technology,JavaScript,1.0,75.1,63.2,1,10.4,16,0,Medium,Weak
S275,Data Structures,Graphs,4.0,92.4,54.0,5,9.6,25,2,Hard,Strong
S377,Computer Graphics,3D Transformation,1.2,32.6,33.8,3,5.7,9,5,Easy,Weak
S293,Cyber Security,Cryptography,2.6,94.6,77.1,4,3.6,2,1,Medium,Strong
S301,Big Data,MapReduce,3.6,64.7,48.7,1,11.8,18,1,Medium,Average
S229,AI,Knowledge Representation,4.1,54.8,47.3,4,6.7,23,7,Medium,Weak
S498,Cyber Security,Cryptography,3.9,82.2,49.9,4,7.3,24,2,Medium,Strong
S445,Software Engineering,SDLC,2.7,76.0,73.3,1,14.9,30,6,Medium,Average
S344,Data Structures,Linked Lists,3.4,66.4,62.5,2,4.5,28,5,Medium,Average
S343,OS,Memory Management,0.6,35.4,41.8,3,14.4,24,6,Easy,Weak
S377,Computer Networks,Network Security,1.3,44.8,58.1,2,6.7,27,5,Medium,Weak
S212,Cloud Computing,Cloud Security,2.5,100.0,86.0,5,11.4,17,0,Hard,Strong
S296,Computer Graphics,3D Transformation,4.6,69.5,56.8,3,11.9,25,7,Medium,Strong
S100,OS,Deadlock,2.4,59.7,43.2,5,7.2,17,5,Hard,Weak
S401,Data Structures,Linked Lists,4.4,78.0,63.2,5,10.8,12,3,Medium,Strong
S366,Big Data,Spark,4.4,65.3,46.3,4,6.7,3,4,Medium,Average
S483,DBMS,SQL,1.7,63.4,47.9,5,4.7,2,2,Easy,Average
S100,Cyber Security,Cryptography,3.9,60.9,49.7,1,3.8,4,4,Easy,Average
S444,Cyber Security,Network Security,4.9,72.3,58.7,1,3.9,8,4,Medium,Average
S156,Web Technology,React,3.9,68.2,61.0,3,11.8,28,5,Medium,Average
S206,Cyber Security,Cryptography,1.8,81.9,67.4,5,7.4,21,3,Hard,Average
S160,DBMS,Normalization,1.3,31.0,37.6,1,11.7,8,7,Hard,Weak
S322,Computer Networks,TCP/IP,1.4,80.5,69.1,4,5.7,24,4,Hard,Weak
S041,Big Data,MapReduce,4.3,100.0,83.7,4,4.9,10,0,Hard,Strong
S258,Computer Networks,Network Security,2.4,59.3,52.4,2,12.4,3,6,Easy,Weak
S335,Cloud Computing,Virtualization,1.5,70.7,68.6,1,10.5,11,1,Medium,Average
S296,Web Technology,Node.js,1.8,54.5,56.7,4,3.6,15,4,Easy,Weak
S356,Computer Graphics,Rendering,0.8,67.2,46.6,4,11.2,2,4,Easy,Weak
S498,Computer Networks,Routing,1.7,90.4,72.7,3,9.0,16,1,Easy,Average
S410,DBMS,SQL,3.3,44.6,38.5,3,13.1,25,6,Easy,Weak
S318,OS,File Systems,3.3,88.7,80.8,2,12.7,24,1,Easy,Strong
S022,Web Technology,React,2.0,61.0,52.7,4,14.7,6,3,Hard,Weak
S068,Computer Graphics,Rendering,5.0,77.5,70.9,3,5.1,23,6,Medium,Average
S264,Cyber Security,Web Security,4.8,70.8,61.2,5,3.1,12,6,Medium,Average
S387,OS,Deadlock,1.6,76.6,65.5,2,14.5,15,1,Medium,Average
S143,Data Mining,Clustering,1.1,90.7,66.8,4,12.6,6,1,Hard,Average
S130,Big Data,HDFS,3.4,88.5,69.1,2,8.4,8,2,Easy,Strong
S216,Software Engineering,Agile,4.5,53.0,51.2,2,6.1,9,5,Hard,Weak
S271,Computer Graphics,Curves,4.5,100.0,79.8,3,11.0,21,1,Easy,Strong
S401,Web Technology,JavaScript,1.3,62.7,51.5,1,5.4,23,2,Hard,Weak
S447,Data Mining,Clustering,2.7,34.7,46.1,3,5.9,24,7,Easy,Weak
S255,DBMS,Indexing,4.9,94.0,71.0,2,5.0,15,3,Easy,Strong
S053,Software Engineering,Agile,2.1,77.5,66.8,3,9.6,28,5,Medium,Weak
S465,Computer Networks,Network Security,5.0,100.0,96.4,4,11.0,16,1,Easy,Strong
S418,Big Data,MapReduce,4.3,85.5,67.6,4,7.8,7,4,Medium,Average
S139,DBMS,Transactions,0.7,80.2,63.1,4,12.2,16,3,Easy,Weak
S217,OS,Process Scheduling,3.6,75.7,56.9,1,9.4,26,4,Medium,Average
S236,Big Data,Spark,1.1,61.9,60.7,2,14.8,23,5,Medium,Weak
S060,OS,Deadlock,0.8,60.8,68.9,4,13.6,29,3,Hard,Weak
S138,Data Structures,Linked Lists,0.8,53.3,52.5,2,10.2,9,1,Hard,Weak
S334,OS,Process Scheduling,4.9,53.9,44.9,1,10.5,1,5,Hard,Average
S244,Data Structures,Trees,1.4,69.6,69.5,2,10.1,13,3,Easy,Weak
S406,Web Technology,Node.js,3.9,100.0,85.8,5,14.6,26,2,Hard,Strong
S408,Cloud Computing,Virtualization,3.1,50.3,43.0,2,10.1,30,5,Easy,Weak
S336,Data Structures,Trees,3.2,40.5,36.0,1,14.0,5,4,Hard,Weak
S016,DBMS,Indexing,2.3,66.9,62.0,2,8.8,20,6,Easy,Weak
S204,OS,Deadlock,2.2,41.2,51.0,3,7.2,6,6,Medium,Average
S344,Computer Networks,Transport Layer,4.3,100.0,83.4,5,12.6,4,1,Easy,Strong
S468,AI,Expert Systems,0.6,33.5,39.7,5,11.1,5,6,Hard,Weak
S289,Cyber Security,Web Security,4.4,85.1,72.7,1,5.9,13,2,Hard,Strong
S268,Computer Graphics,2D Transformation,2.6,75.4,59.7,2,12.8,11,0,Easy,Average
S300,Computer Graphics,Rendering,1.5,77.1,66.6,4,4.1,6,6,Easy,Average
S411,Data Mining,Clustering,1.5,79.6,71.4,5,5.1,2,3,Hard,Average
S083,Data Structures,Graphs,1.3,26.1,26.4,3,4.2,13,6,Easy,Weak
S325,Big Data,MapReduce,1.9,62.6,52.5,4,5.0,15,6,Hard,Weak
S252,AI,Knowledge Representation,2.0,42.2,31.1,3,4.7,11,5,Easy,Weak
S059,Computer Graphics,Rendering,2.0,59.3,50.1,3,5.1,24,4,Easy,Weak
S302,Cloud Computing,Cloud Security,4.4,96.9,73.3,5,9.3,22,5,Medium,Strong
S068,Computer Networks,Routing,3.1,89.2,66.2,5,10.0,12,5,Medium,Average
S119,Software Engineering,Software Testing,3.5,77.7,63.9,1,3.1,8,2,Medium,Strong
S457,Software Engineering,Agile,3.6,62.9,46.8,1,15.0,4,3,Easy,Average
S058,Software Engineering,Software Testing,1.3,72.7,65.0,1,5.9,15,1,Easy,Average
S312,Computer Networks,Network Security,4.4,81.9,55.8,4,5.2,11,0,Hard,Strong
S241,Software Engineering,Agile,4.6,90.7,76.2,3,11.9,12,5,Easy,Strong
S381,Cyber Security,Web Security,2.9,87.3,74.2,5,7.3,22,6,Easy,Strong
S494,Computer Networks,Transport Layer,0.7,75.9,70.3,1,13.7,26,1,Easy,Weak
S208,Data Mining,Clustering,4.5,81.1,55.6,1,4.1,5,5,Medium,Strong
S129,AI,Machine Learning,1.3,64.4,67.8,3,4.3,13,5,Medium,Weak
S435,Data Mining,Clustering,1.8,88.7,70.7,4,3.2,25,0,Easy,Strong
S340,Software Engineering,Software Testing,4.0,58.9,48.3,1,4.7,10,3,Medium,Weak
S376,DBMS,Indexing,0.8,34.8,44.8,2,9.9,13,7,Hard,Weak
S293,Big Data,HDFS,3.7,93.8,71.6,3,12.9,11,4,Medium,Strong
S291,AI,Expert Systems,4.9,94.4,64.6,2,5.8,23,5,Easy,Strong
S074,Computer Graphics,Rendering,1.1,69.6,61.6,2,14.9,27,0,Hard,Average
S209,OS,Deadlock,3.3,77.0,58.6,1,12.7,11,2,Medium,Average
S134,DBMS,SQL,1.9,69.5,61.7,1,11.1,27,2,Easy,Weak
S118,OS,Memory Management,2.3,37.8,49.1,2,11.0,15,5,Medium,Weak
S193,Big Data,Hadoop,1.7,92.0,81.5,5,5.0,1,0,Medium,Strong
S266,Cyber Security,Authentication,0.6,66.7,78.5,1,6.9,2,1,Medium,Average
S349,Data Mining,Classification,2.6,47.6,56.3,1,6.8,1,7,Medium,Weak
S448,Computer Graphics,Rendering,2.9,45.3,47.1,2,12.7,19,6,Hard,Weak
S221,Computer Networks,Routing,2.5,85.9,77.1,4,14.7,30,1,Hard,Strong
S231,AI,Knowledge Representation,3.2,70.5,52.6,3,9.7,19,3,Easy,Average
S254,Computer Networks,Network Security,4.6,97.1,69.0,4,9.4,1,3,Medium,Strong
S369,Data Structures,Arrays,1.3,97.2,68.6,3,14.6,12,0,Medium,Average
S407,Data Structures,Arrays,3.5,52.1,49.1,4,10.3,10,5,Easy,Weak
S326,Computer Networks,Network Security,3.6,75.6,69.0,2,12.9,18,3,Medium,Average
S270,Cloud Computing,Cloud Security,1.2,77.8,60.1,3,3.2,23,0,Medium,Average
S432,Data Mining,Clustering,1.5,54.9,51.6,3,12.2,28,2,Medium,Average
S357,Software Engineering,Software Design,4.1,58.8,45.8,1,14.3,8,4,Medium,Average
S474,Cyber Security,Network Security,1.4,57.5,45.6,2,3.3,10,0,Easy,Average
S450,Cloud Computing,Cloud Storage,5.0,100.0,69.2,5,7.6,17,1,Easy,Strong
S259,Big Data,HDFS,1.4,29.1,46.8,1,13.5,30,7,Easy,Weak
S228,Cloud Computing,Cloud Security,1.0,61.3,53.2,1,6.9,30,0,Easy,Weak
S463,Data Structures,Arrays,4.2,100.0,89.0,5,8.7,28,0,Medium,Strong
S213,Data Structures,Graphs,4.4,81.3,72.2,2,13.0,8,2,Medium,Average
S130,AI,Search Algorithms,2.8,73.0,71.3,3,12.0,10,5,Easy,Average
S454,Cloud Computing,Cloud Storage,1.7,84.0,66.9,1,6.0,4,1,Easy,Average
S108,OS,Memory Management,1.9,55.5,49.5,3,10.3,22,3,Hard,Weak
S142,Computer Networks,TCP/IP,4.7,72.8,53.3,3,6.4,28,6,Hard,Average
S167,DBMS,Indexing,2.3,44.4,36.3,3,14.3,4,4,Easy,Weak
S192,Computer Graphics,2D Transformation,4.8,96.0,71.7,2,10.9,2,6,Hard,Strong
S245,Data Mining,Classification,4.8,77.5,50.7,2,8.3,29,7,Easy,Average
S374,Big Data,Spark,3.6,89.2,58.0,2,12.0,1,0,Hard,Strong
S456,Web Technology,React,2.2,59.0,53.8,1,9.3,25,7,Medium,Weak
S374,Software Engineering,Software Testing,4.8,68.0,43.0,4,9.6,28,7,Easy,Average
S281,Software Engineering,Software Design,4.3,64.7,56.7,2,11.5,17,5,Easy,Average
S247,Software Engineering,Agile,4.7,88.9,59.0,1,8.9,7,1,Medium,Strong
S415,Web Technology,Node.js,4.8,46.5,44.4,1,4.5,11,6,Medium,Weak
S284,OS,File Systems,0.9,75.2,74.0,4,13.3,29,3,Medium,Average
S476,DBMS,Normalization,2.0,86.9,62.3,3,13.8,10,1,Medium,Average
S156,Computer Graphics,Rendering,4.4,78.4,44.4,5,9.4,20,3,Hard,Strong
S487,OS,Deadlock,2.3,64.9,42.3,4,9.8,21,3,Easy,Average
S459,Cyber Security,Authentication,3.6,93.1,72.7,5,12.1,20,0,Hard,Strong
S374,Computer Graphics,2D Transformation,1.6,42.2,48.0,5,12.8,30,5,Easy,Weak
S282,OS,Deadlock,2.2,61.9,51.0,1,10.3,25,6,Medium,Weak
S258,AI,Machine Learning,3.1,44.1,46.3,4,4.9,9,7,Hard,Weak
S204,Big Data,Hadoop,0.7,61.6,57.7,5,14.6,26,4,Medium,Weak
S476,Big Data,Hadoop,1.5,54.7,54.0,5,4.7,8,7,Medium,Weak
S442,Cyber Security,Web Security,3.1,97.9,74.6,3,11.7,21,2,Medium,Average
S392,Web Technology,HTML/CSS,4.2,59.3,44.6,2,13.1,3,4,Hard,Average
S335,Data Structures,Arrays,2.4,58.1,63.5,1,6.1,1,6,Medium,Weak
S358,AI,Search Algorithms,3.1,90.5,69.1,4,8.2,5,1,Medium,Average
S201,Data Mining,Clustering,1.1,30.6,24.8,1,12.4,12,5,Medium,Weak
S021,Software Engineering,Software Testing,5.0,98.1,67.2,4,8.8,1,0,Hard,Strong
S066,Software Engineering,Agile,4.9,82.9,58.3,4,5.9,30,2,Medium,Strong
S351,Big Data,MapReduce,1.8,72.7,60.8,4,3.7,25,6,Easy,Average
S132,Computer Graphics,3D Transformation,3.0,88.9,62.5,2,6.3,28,0,Easy,Average
S446,DBMS,Transactions,3.8,65.0,66.1,3,12.5,27,5,Medium,Average
S299,Software Engineering,Software Design,3.7,42.5,36.8,1,6.4,18,7,Hard,Weak
S455,OS,Deadlock,3.4,100.0,79.7,3,4.3,25,1,Medium,Strong
S309,DBMS,Transactions,3.8,63.3,63.1,2,14.2,22,6,Easy,Average
S291,Computer Networks,Network Security,3.4,46.5,44.8,4,7.6,30,5,Medium,Weak
S404,AI,Knowledge Representation,2.8,71.2,61.1,4,13.1,15,5,Hard,Average
S075,Data Structures,Arrays,3.1,65.0,51.0,1,9.9,6,5,Medium,Weak
S172,Web Technology,React,1.1,46.4,44.4,4,8.3,16,5,Easy,Weak
S102,Cyber Security,Cryptography,4.6,53.1,45.0,4,4.7,10,7,Easy,Weak
S380,Data Mining,Classification,2.3,80.7,63.2,2,8.6,28,2,Hard,Average
S431,Data Mining,Classification,1.9,68.1,60.3,5,10.1,6,3,Hard,Average
S244,Cloud Computing,Cloud Storage,4.3,80.8,66.9,2,7.2,11,0,Medium,Strong
S096,Cyber Security,Web Security,4.3,69.1,53.1,3,4.3,14,5,Medium,Strong
S247,Data Structures,Graphs,3.0,81.8,73.7,1,12.3,13,3,Easy,Average
S191,Data Mining,Data Preprocessing,2.5,77.2,65.7,2,6.5,23,2,Hard,Average
S192,Cloud Computing,Load Balancing,1.3,33.0,35.7,2,8.1,23,3,Medium,Weak
S385,Computer Networks,Routing,1.0,71.5,63.7,2,14.2,9,3,Hard,Weak
S146,Web Technology,HTML/CSS,1.1,90.6,65.4,4,11.3,29,0,Hard,Average
S219,DBMS,Indexing,1.3,81.8,64.3,5,3.7,3,4,Medium,Average
S197,Software Engineering,Software Design,3.0,66.9,62.2,1,13.7,23,2,Hard,Average
S323,Data Mining,Association Rules,3.3,100.0,79.3,4,4.8,30,3,Easy,Strong
S001,DBMS,Indexing,3.3,97.5,75.3,4,10.7,19,1,Medium,Strong
S069,DBMS,Transactions,2.9,80.1,69.3,2,3.1,10,2,Easy,Average
S188,DBMS,Indexing,1.3,77.1,62.7,5,10.7,12,0,Hard,Average
S176,DBMS,Indexing,4.7,62.8,47.2,2,7.7,29,6,Easy,Average
S016,Web Technology,React,0.7,80.6,68.6,1,6.5,26,0,Medium,Average
S128,Computer Graphics,2D Transformation,2.2,35.5,41.4,3,8.7,29,7,Medium,Weak
S473,Software Engineering,Software Testing,1.2,72.1,63.9,3,7.7,10,2,Medium,Average
S103,Data Mining,Data Preprocessing,4.5,96.2,78.7,4,14.9,19,7,Medium,Strong
S004,Computer Networks,Transport Layer,4.2,81.5,53.7,3,6.4,17,3,Hard,Average
S335,Data Mining,Classification,2.6,62.9,48.7,5,8.4,1,3,Hard,Average
S045,DBMS,SQL,4.3,54.2,45.5,3,14.3,12,6,Medium,Average
S229,Data Structures,Linked Lists,4.4,78.1,61.7,4,14.1,7,7,Medium,Strong
S445,Big Data,Hadoop,3.7,100.0,74.2,3,9.4,27,1,Medium,Strong
S342,OS,Deadlock,3.4,70.6,58.9,2,5.5,13,5,Hard,Average
S108,Big Data,Spark,4.5,46.0,34.6,2,13.6,16,1,Easy,Weak
S254,DBMS,Transactions,1.3,84.2,82.9,4,5.3,5,2,Medium,Average
S033,Big Data,Hadoop,1.6,54.7,60.3,1,14.7,5,4,Easy,Weak
S261,OS,Memory Management,1.3,66.3,59.6,1,4.3,6,6,Medium,Weak
S280,Software Engineering,SDLC,0.6,45.7,44.4,2,12.9,6,4,Hard,Weak
S166,DBMS,Transactions,1.1,55.0,63.2,4,3.4,8,6,Medium,Weak
S488,Web Technology,React,0.6,80.4,72.0,5,11.6,21,4,Hard,Average
S153,Cyber Security,Network Security,3.8,42.9,42.1,2,11.0,12,4,Medium,Weak
S114,Big Data,Hadoop,3.8,100.0,99.3,4,7.4,24,0,Medium,Strong
S232,Data Mining,Data Preprocessing,2.5,69.6,59.3,5,8.0,21,4,Medium,Strong
S480,Web Technology,JavaScript,2.3,75.0,63.1,4,12.6,21,2,Hard,Average
S032,OS,Memory Management,4.4,89.4,69.1,5,6.1,15,6,Medium,Strong
S366,Web Technology,JavaScript,4.7,74.3,50.8,2,13.5,25,2,Hard,Strong
S056,DBMS,Normalization,3.1,38.7,30.7,2,3.2,8,4,Hard,Weak
S244,Software Engineering,Software Design,3.9,100.0,79.6,4,5.2,24,3,Medium,Strong
S383,AI,Machine Learning,1.8,69.8,51.7,5,6.1,15,0,Hard,Average
S459,AI,Knowledge Representation,0.9,75.1,70.2,4,3.0,21,3,Medium,Average
S323,Cloud Computing,Load Balancing,3.6,100.0,77.3,2,3.0,29,1,Hard,Strong
S172,OS,Process Scheduling,2.0,48.3,43.1,4,9.2,16,6,Medium,Weak
S405,DBMS,Normalization,4.1,55.9,38.7,1,4.9,22,1,Medium,Average
S194,Data Structures,Trees,3.7,89.5,74.8,5,8.4,16,5,Hard,Average
S369,Data Structures,Linked Lists,4.7,76.0,56.8,4,4.7,11,6,Medium,Strong
S092,Web Technology,React,3.5,97.0,72.2,5,8.8,19,4,Hard,Strong
S221,Computer Networks,Network Security,2.0,48.2,36.7,5,3.4,23,6,Medium,Weak
S103,Cyber Security,Network Security,1.8,69.9,56.5,1,13.6,27,0,Easy,Weak
S140,Computer Graphics,Curves,2.3,97.1,74.8,5,6.6,23,0,Medium,Strong
S040,Data Structures,Arrays,4.1,84.4,46.9,3,4.6,28,2,Easy,Strong
S468,Cyber Security,Web Security,4.5,68.6,54.7,3,4.7,8,5,Easy,Average
S075,Computer Networks,TCP/IP,3.7,48.4,35.4,3,11.0,26,4,Medium,Weak
S441,Computer Graphics,2D Transformation,4.1,100.0,85.9,5,9.8,1,3,Hard,Strong
S420,Computer Networks,Transport Layer,0.6,36.1,42.1,4,5.6,12,6,Medium,Weak
S154,Software Engineering,Software Design,4.5,65.9,45.6,2,8.2,8,7,Easy,Average
S169,Big Data,Spark,3.1,97.9,76.2,2,15.0,7,2,Easy,Strong
S445,Data Mining,Clustering,1.0,63.3,53.0,5,11.2,23,3,Easy,Average
S270,Cyber Security,Authentication,3.9,55.9,49.4,1,10.5,24,5,Easy,Weak
S100,Big Data,Hadoop,2.1,75.8,62.3,1,5.9,3,1,Medium,Average
S436,Data Structures,Arrays,4.2,98.0,85.3,4,14.6,25,7,Hard,Strong
S005,Big Data,HDFS,0.7,54.4,55.2,3,3.3,20,3,Hard,Weak
S327,Computer Graphics,3D Transformation,1.7,46.7,50.6,1,12.8,25,6,Hard,Weak
S363,Web Technology,HTML/CSS,1.7,68.5,53.0,3,13.8,6,4,Hard,Weak
S001,Cyber Security,Cryptography,2.7,85.8,58.6,5,14.0,16,4,Medium,Average
S416,Software Engineering,Software Testing,4.9,100.0,85.3,4,12.5,14,3,Medium,Strong
S400,DBMS,SQL,1.4,45.8,42.3,4,9.8,9,6,Easy,Weak
S233,Computer Networks,TCP/IP,4.5,73.8,58.0,1,9.7,21,4,Medium,Strong
S250,Data Mining,Data Preprocessing,1.6,94.6,87.4,4,10.2,30,4,Hard,Average
S419,AI,Machine Learning,4.8,97.3,58.7,3,13.5,16,0,Medium,Strong
S034,Data Mining,Association Rules,3.2,65.6,62.8,3,5.5,22,4,Hard,Strong
S058,Cloud Computing,Cloud Security,3.2,71.1,72.7,2,5.1,21,4,Medium,Average
S029,OS,Memory Management,2.5,87.3,70.7,1,8.4,24,3,Easy,Weak
S032,Cyber Security,Web Security,1.5,95.2,70.7,4,12.8,14,1,Hard,Strong
S449,Cloud Computing,Load Balancing,4.4,75.5,59.1,5,6.6,27,7,Medium,Strong
S264,Cyber Security,Authentication,3.3,79.4,60.8,5,14.5,4,5,Medium,Strong
S046,Data Structures,Trees,1.8,100.0,90.6,4,13.1,10,0,Hard,Strong
S472,Software Engineering,Software Testing,5.0,83.0,62.9,1,4.1,20,1,Easy,Strong
S033,AI,Expert Systems,1.3,71.7,65.2,2,9.0,18,5,Hard,Weak
S415,Data Mining,Classification,1.1,54.5,43.5,4,4.2,8,4,Medium,Average
S020,Data Mining,Classification,1.1,54.3,62.6,2,14.0,7,5,Hard,Weak
S349,AI,Knowledge Representation,3.2,100.0,100.0,4,13.4,13,4,Hard,Strong
S234,AI,Expert Systems,2.3,87.7,64.4,4,3.5,27,2,Hard,Average
S449,Data Structures,Linked Lists,2.2,84.2,52.8,5,8.4,2,1,Easy,Strong
S200,Data Structures,Trees,3.3,97.8,80.8,4,3.2,16,0,Easy,Strong
S096,Computer Graphics,2D Transformation,2.6,67.8,58.0,3,6.4,21,4,Medium,Average
S077,Computer Networks,Routing,4.4,94.1,54.8,4,9.0,5,1,Medium,Strong
S476,Software Engineering,Software Design,3.1,61.7,59.5,3,13.8,30,7,Easy,Weak
S323,Data Structures,Arrays,0.6,90.2,88.5,2,8.2,26,1,Hard,Weak
S228,Computer Graphics,2D Transformation,1.4,40.7,46.7,3,9.6,24,2,Hard,Weak
S277,Data Structures,Arrays,4.8,100.0,75.3,1,3.4,15,1,Medium,Strong
S371,Big Data,MapReduce,4.3,88.6,67.1,2,12.0,21,2,Medium,Strong
S467,OS,Memory Management,0.7,70.0,57.4,5,10.2,23,4,Easy,Weak
S356,Computer Graphics,Rendering,2.2,67.2,45.9,2,12.6,18,7,Medium,Weak
S063,Cyber Security,Network Security,3.0,97.2,69.3,4,9.6,18,0,Medium,Strong
S084,Computer Networks,Transport Layer,2.2,100.0,81.4,5,6.4,7,1,Hard,Average
S320,Data Structures,Linked Lists,1.5,97.9,87.2,5,14.7,24,0,Easy,Strong
S014,Data Mining,Association Rules,4.2,72.3,52.3,3,5.2,10,4,Easy,Strong
S353,Computer Graphics,Curves,1.8,54.0,47.3,2,8.9,27,1,Hard,Weak
S028,Software Engineering,Software Testing,4.5,96.5,63.5,3,4.3,15,3,Medium,Average
S268,AI,Search Algorithms,1.4,56.3,47.2,4,11.2,20,6,Easy,Weak
S319,Cyber Security,Network Security,2.8,99.6,77.0,5,4.9,26,0,Easy,Strong
S293,Data Mining,Classification,4.2,61.6,42.9,5,7.4,30,3,Easy,Average
S374,Software Engineering,Software Design,1.6,51.3,61.0,2,12.8,18,7,Easy,Weak
S185,Computer Graphics,Rendering,3.0,75.6,58.4,5,7.2,7,3,Easy,Average
S287,Computer Graphics,3D Transformation,3.3,92.6,78.4,1,10.2,15,3,Hard,Strong
S249,Big Data,MapReduce,3.6,66.9,60.3,3,11.0,22,1,Medium,Strong
S006,Computer Graphics,3D Transformation,1.0,42.0,47.6,2,12.6,27,6,Medium,Weak
S124,Data Mining,Clustering,0.8,77.7,66.1,5,14.3,15,2,Hard,Weak
S090,Computer Graphics,2D Transformation,2.7,78.5,61.2,3,11.0,20,0,Hard,Strong
S398,Data Mining,Data Preprocessing,4.4,82.1,68.5,4,6.8,7,3,Medium,Strong
S034,Computer Graphics,Curves,4.0,71.2,67.0,1,5.9,9,4,Hard,Average
S393,Data Mining,Association Rules,2.8,85.5,72.2,4,8.6,22,3,Hard,Average
S121,Big Data,HDFS,3.1,85.3,71.4,2,13.9,4,0,Medium,Strong
S440,Cloud Computing,Cloud Security,4.2,64.4,48.3,5,9.1,4,7,Hard,Weak
S143,Cloud Computing,Cloud Storage,1.7,33.6,50.0,3,7.1,20,5,Medium,Weak
S260,Data Structures,Graphs,3.5,100.0,78.2,2,7.5,28,1,Medium,Strong
S241,Computer Networks,Network Security,4.2,89.8,64.3,3,10.1,17,1,Medium,Strong
S207,Software Engineering,SDLC,4.3,74.9,52.9,5,10.3,23,7,Hard,Average
S322,Computer Graphics,Curves,0.8,58.0,56.4,1,10.5,9,2,Medium,Weak
S036,Computer Networks,Network Security,4.7,90.8,66.4,1,14.7,3,1,Medium,Strong
S420,Computer Graphics,3D Transformation,1.1,41.5,51.7,3,8.0,15,7,Hard,Weak
S479,Computer Graphics,Curves,2.7,80.9,65.1,4,12.3,28,1,Easy,Average
S212,Data Mining,Clustering,4.9,61.3,38.5,3,8.9,18,3,Hard,Average
S234,Web Technology,React,3.0,100.0,79.4,4,14.3,20,2,Easy,Strong
S344,Computer Networks,Transport Layer,2.9,68.2,61.6,4,13.0,8,4,Medium,Average
S414,Software Engineering,Agile,3.9,93.0,77.8,2,14.1,6,2,Hard,Strong
S026,Cloud Computing,Cloud Security,4.8,86.8,65.3,5,10.1,26,6,Medium,Average
S419,Computer Networks,TCP/IP,3.4,61.1,50.4,3,7.7,20,6,Hard,Weak
S003,Computer Graphics,Rendering,2.7,82.4,59.4,4,8.7,21,0,Easy,Strong
S135,Cyber Security,Web Security,3.7,65.6,67.9,3,12.7,29,7,Hard,Weak
S475,Cyber Security,Authentication,4.7,63.8,50.0,1,8.9,25,3,Hard,Average
S420,Software Engineering,Software Design,3.1,57.9,54.1,2,6.3,26,4,Hard,Weak
S339,Web Technology,React,4.8,84.9,60.3,1,14.3,30,1,Hard,Strong
S367,Data Structures,Linked Lists,3.1,52.0,53.4,2,4.4,17,5,Medium,Weak
S298,Data Mining,Data Preprocessing,4.2,66.0,58.6,4,9.7,28,6,Medium,Average
S359,Computer Networks,TCP/IP,1.0,85.2,74.6,1,13.8,20,1,Medium,Average
S073,AI,Machine Learning,4.9,75.5,47.4,3,12.4,5,1,Hard,Strong
S250,OS,Deadlock,3.4,68.7,53.6,2,13.7,30,0,Medium,Average
S345,Data Mining,Classification,0.9,71.2,62.9,5,4.4,23,4,Easy,Weak
S281,Big Data,HDFS,1.3,76.2,69.2,1,4.2,6,0,Easy,Average
S376,Cyber Security,Cryptography,1.6,67.2,55.5,5,12.1,1,4,Hard,Average
S071,AI,Expert Systems,4.2,100.0,71.5,5,13.4,27,0,Medium,Strong
S216,Cloud Computing,Cloud Storage,0.9,67.9,62.5,4,13.5,21,6,Easy,Average
S493,Software Engineering,SDLC,2.7,69.2,61.1,5,13.8,20,6,Easy,Weak
S304,Data Structures,Graphs,0.8,44.6,50.3,3,6.3,27,6,Medium,Weak
S068,Data Mining,Clustering,1.3,48.5,43.6,2,7.1,25,4,Easy,Weak
S254,OS,File Systems,1.4,43.5,46.0,1,14.9,2,5,Medium,Weak
S095,Web Technology,JavaScript,1.0,30.4,30.5,2,6.1,3,7,Easy,Weak
S087,Computer Graphics,2D Transformation,4.3,89.4,79.5,1,11.4,15,7,Easy,Average
S113,Computer Networks,TCP/IP,3.3,62.5,57.0,3,13.2,17,6,Medium,Average
S032,Computer Networks,TCP/IP,1.0,80.3,61.3,1,4.0,21,0,Hard,Average
S383,Big Data,HDFS,1.8,32.1,50.3,1,11.0,17,7,Hard,Weak
S004,Cloud Computing,Cloud Security,4.8,100.0,82.3,3,9.5,16,0,Hard,Strong
S059,Computer Graphics,Rendering,4.8,100.0,73.8,1,12.4,24,0,Easy,Strong
S087,Data Mining,Classification,2.5,31.2,28.1,1,13.9,25,4,Easy,Weak
S242,Cyber Security,Authentication,0.7,76.0,58.2,3,10.6,18,0,Hard,Average
S259,OS,Process Scheduling,4.4,100.0,72.1,3,7.7,10,1,Medium,Strong
S261,DBMS,Transactions,3.0,53.3,49.8,3,12.2,29,5,Hard,Average
S480,Software Engineering,Software Design,2.6,85.2,86.9,2,8.4,1,3,Hard,Strong
S316,Computer Networks,Routing,4.6,81.2,60.0,1,7.7,13,1,Easy,Strong
S049,OS,Deadlock,3.8,60.5,50.1,3,7.5,23,5,Medium,Average
S060,Software Engineering,Agile,2.8,95.8,68.9,5,6.9,5,3,Hard,Average
S454,DBMS,SQL,2.5,58.4,61.9,3,13.1,22,4,Hard,Weak
S102,OS,Memory Management,0.8,66.8,65.1,5,13.8,23,6,Easy,Average
S063,Data Mining,Data Preprocessing,1.9,32.3,40.9,2,9.6,19,7,Easy,Weak
S261,Cyber Security,Authentication,4.2,67.4,43.5,1,10.2,22,3,Medium,Average
S426,Web Technology,React,1.7,100.0,65.0,5,9.5,19,2,Hard,Average
S007,Software Engineering,Software Design,4.3,64.0,60.9,4,8.7,6,4,Hard,Strong
S299,Cyber Security,Web Security,1.7,56.9,47.2,5,3.1,28,1,Medium,Average
S051,Computer Networks,Routing,4.3,88.4,72.2,1,9.6,14,4,Easy,Average
S117,Computer Networks,Transport Layer,3.4,92.8,66.0,5,12.3,28,1,Medium,Strong
S456,OS,Deadlock,4.3,67.6,48.1,3,7.4,6,6,Medium,Average
S254,Web Technology,Node.js,0.6,51.9,59.7,1,8.3,24,3,Easy,Weak
S035,DBMS,SQL,2.6,79.4,82.9,3,11.1,24,6,Hard,Weak
S148,Cloud Computing,Cloud Security,1.4,67.4,55.7,1,5.8,10,0,Hard,Weak
S189,OS,Deadlock,1.9,80.6,67.8,2,14.5,18,2,Hard,Average
S272,Cloud Computing,Virtualization,3.3,62.2,57.4,2,6.5,4,6,Medium,Average
S396,Cloud Computing,Load Balancing,1.3,93.0,77.6,5,4.6,26,3,Medium,Strong
S221,OS,Memory Management,4.2,71.5,63.1,1,7.6,21,4,Easy,Average
S104,Big Data,MapReduce,3.2,97.4,68.5,4,5.3,26,0,Medium,Strong
S045,Computer Networks,Routing,3.0,64.0,49.4,1,6.5,20,0,Easy,Average
S248,Big Data,MapReduce,1.3,75.5,69.3,1,11.7,26,2,Medium,Average
S326,Software Engineering,Agile,3.5,73.1,57.0,2,14.0,3,5,Easy,Average
S407,Computer Graphics,2D Transformation,0.7,60.3,44.7,3,11.3,6,2,Easy,Weak
S268,Cyber Security,Authentication,2.6,88.4,68.0,5,14.2,22,1,Medium,Average
S115,Data Mining,Association Rules,1.3,41.1,44.0,3,9.4,24,4,Medium,Weak
S124,Cloud Computing,Load Balancing,1.1,45.2,38.7,4,9.5,11,7,Hard,Weak
S083,Big Data,MapReduce,1.5,77.5,66.4,2,11.9,10,2,Medium,Average
S237,AI,Expert Systems,0.6,56.7,57.6,1,8.6,21,5,Easy,Weak
S401,AI,Machine Learning,1.2,62.4,48.3,2,14.8,27,0,Medium,Weak
S357,Computer Graphics,2D Transformation,5.0,100.0,63.3,3,4.2,29,0,Medium,Strong
S306,Data Structures,Linked Lists,4.6,91.5,58.1,5,13.0,3,2,Medium,Strong
S272,Data Mining,Classification,1.3,63.4,55.4,2,5.9,13,0,Medium,Weak
S338,Computer Graphics,2D Transformation,2.1,80.7,62.0,2,12.5,15,0,Easy,Strong
S160,Data Mining,Association Rules,3.0,52.8,47.0,2,14.3,10,3,Easy,Weak
S021,AI,Search Algorithms,2.4,39.3,35.2,1,9.2,6,5,Medium,Weak
S450,Computer Networks,TCP/IP,1.0,57.5,48.7,4,10.7,3,3,Medium,Average
S288,Cloud Computing,Load Balancing,3.2,62.3,57.7,2,11.5,6,6,Hard,Average
S046,Data Structures,Arrays,2.7,59.8,52.8,1,4.3,22,7,Hard,Weak
S408,Computer Networks,Transport Layer,3.9,84.5,72.1,2,7.4,27,5,Hard,Average
S251,Web Technology,JavaScript,2.7,76.5,53.8,3,4.4,30,1,Hard,Average
S168,OS,Memory Management,0.9,77.0,59.1,4,11.3,25,0,Easy,Average
S053,OS,Memory Management,1.5,49.3,45.0,2,8.0,24,6,Easy,Weak
S350,DBMS,SQL,2.4,100.0,78.6,5,13.9,28,0,Easy,Strong
S430,OS,Memory Management,1.6,56.2,43.7,5,3.2,27,6,Hard,Weak
S175,Cloud Computing,Cloud Storage,3.9,69.7,58.3,3,9.0,14,7,Hard,Average
S406,Data Structures,Arrays,1.5,58.5,51.1,1,6.3,22,3,Easy,Weak
S325,Computer Graphics,3D Transformation,0.8,67.7,52.9,3,3.9,15,3,Medium,Weak
S259,Data Structures,Trees,4.5,90.7,73.7,4,3.8,4,5,Hard,Strong
S370,Web Technology,JavaScript,1.8,94.6,68.6,5,14.5,8,3,Easy,Average
S055,Computer Networks,Transport Layer,2.3,88.3,79.0,5,3.5,22,6,Hard,Average
S442,DBMS,Normalization,3.0,90.9,73.7,2,13.1,9,1,Medium,Average
S306,Cyber Security,Network Security,4.5,93.6,76.8,1,3.1,14,4,Medium,Strong
S340,Computer Networks,TCP/IP,1.3,44.5,56.2,1,12.1,28,7,Easy,Weak
S227,Computer Networks,TCP/IP,3.3,69.3,55.3,2,12.1,28,6,Hard,Weak
S080,Big Data,Hadoop,2.8,74.7,52.7,2,3.0,28,0,Medium,Average
S384,Web Technology,Node.js,3.5,70.9,63.3,2,9.4,25,5,Medium,Average
S337,AI,Knowledge Representation,1.8,71.7,46.7,3,4.3,18,2,Medium,Average
S111,DBMS,Transactions,3.6,68.9,41.6,5,13.0,15,2,Medium,Average
S119,Cyber Security,Cryptography,1.8,54.4,61.3,4,8.4,24,6,Medium,Weak
S453,Data Structures,Linked Lists,0.8,55.2,53.9,2,12.2,4,2,Medium,Weak
S489,Computer Graphics,Curves,4.5,100.0,72.7,3,7.5,13,2,Medium,Strong
S040,Software Engineering,SDLC,2.1,53.1,42.6,4,12.0,6,7,Easy,Weak
S231,Computer Networks,TCP/IP,1.6,46.7,41.8,3,5.2,22,5,Hard,Weak
S204,Software Engineering,Agile,2.5,71.0,68.3,3,8.5,4,7,Medium,Strong
S487,DBMS,Indexing,4.1,99.8,79.8,2,13.2,3,1,Medium,Strong
S368,OS,Process Scheduling,1.5,86.6,76.5,5,12.9,9,4,Medium,Average
S239,AI,Knowledge Representation,4.1,74.8,68.7,5,12.6,20,7,Hard,Average
S289,Computer Graphics,Curves,3.2,71.6,55.2,3,8.7,4,4,Medium,Average
S213,Cyber Security,Network Security,2.4,100.0,88.1,4,11.0,8,0,Medium,Strong
S063,Data Mining,Association Rules,2.9,98.5,75.5,4,13.8,6,0,Hard,Strong
S427,Software Engineering,Agile,1.3,49.9,52.8,1,12.0,24,6,Hard,Weak
S159,Cloud Computing,Cloud Storage,4.5,99.4,68.9,4,10.3,8,2,Hard,Strong
S196,Web Technology,HTML/CSS,4.6,76.9,58.0,1,12.7,14,5,Easy,Average
S479,Software Engineering,Software Testing,2.9,62.8,60.3,3,10.2,6,5,Easy,Average
S486,Computer Networks,Transport Layer,2.1,100.0,82.6,2,4.3,16,0,Easy,Strong
S146,AI,Knowledge Representation,1.4,69.9,68.2,5,7.0,4,5,Easy,Average
S112,Cyber Security,Network Security,3.0,76.5,54.4,2,6.8,21,5,Medium,Weak
S314,Cloud Computing,Cloud Security,4.8,74.1,63.4,1,12.5,29,4,Hard,Average
S463,Computer Graphics,Rendering,3.9,93.4,64.4,5,14.8,1,4,Easy,Strong
S272,DBMS,Normalization,4.3,64.0,54.8,5,3.6,12,6,Hard,Strong
S452,Data Mining,Data Preprocessing,4.9,100.0,76.2,3,9.9,11,0,Medium,Strong
S137,Data Structures,Linked Lists,1.8,100.0,86.5,5,12.6,18,2,Medium,Strong
S384,Big Data,HDFS,3.9,83.8,59.1,4,3.3,28,3,Hard,Strong
S117,Software Engineering,SDLC,4.8,85.1,50.2,3,8.6,22,1,Easy,Average
S436,Computer Networks,Transport Layer,3.2,80.2,64.0,3,4.9,17,4,Medium,Average
S079,Computer Graphics,3D Transformation,4.0,100.0,80.1,4,8.1,29,1,Medium,Strong
S298,OS,File Systems,1.3,97.1,79.0,4,12.2,10,0,Medium,Strong
S215,DBMS,SQL,3.6,63.6,66.8,3,10.5,3,5,Hard,Average
S103,Computer Networks,TCP/IP,2.6,81.9,65.5,1,5.2,29,1,Hard,Average
S451,Software Engineering,SDLC,4.9,99.2,78.1,1,10.3,16,3,Medium,Strong
S059,Software Engineering,SDLC,0.9,64.4,58.3,5,13.7,25,6,Medium,Weak
S360,AI,Search Algorithms,3.7,62.4,51.2,2,14.4,28,4,Hard,Average
S094,Cloud Computing,Virtualization,3.0,63.2,61.8,3,10.4,19,7,Hard,Weak
S082,Big Data,Hadoop,2.1,81.2,66.6,4,9.1,30,4,Hard,Average
S464,Big Data,MapReduce,2.9,70.7,47.1,2,14.9,29,1,Easy,Average
S359,Web Technology,React,4.2,66.8,49.9,5,6.5,1,4,Medium,Average
S270,Cloud Computing,Virtualization,3.6,91.5,79.0,2,3.6,25,4,Medium,Strong
S248,Cloud Computing,Virtualization,3.6,68.2,60.0,3,12.1,27,5,Hard,Average
S203,DBMS,Normalization,4.9,100.0,77.5,4,9.6,15,7,Medium,Strong
S161,Web Technology,Node.js,0.8,61.9,70.8,2,11.3,30,6,Medium,Weak
S456,Computer Networks,Routing,4.4,72.3,62.8,1,7.9,28,3,Medium,Strong
S147,Big Data,MapReduce,0.9,62.0,55.9,5,10.3,28,5,Easy,Weak
S069,Cyber Security,Authentication,2.3,65.1,64.1,3,14.1,20,5,Easy,Weak
S276,OS,Memory Management,1.9,36.3,38.7,1,4.2,6,6,Easy,Weak
S124,Data Mining,Data Preprocessing,4.6,100.0,72.2,2,9.6,12,1,Medium,Strong
S152,Computer Graphics,2D Transformation,1.1,56.1,57.5,2,6.0,6,4,Medium,Average
S127,Data Mining,Clustering,0.6,52.7,60.0,2,3.7,1,2,Hard,Weak
S062,AI,Machine Learning,1.0,76.0,78.0,3,4.6,9,5,Medium,Average
S073,DBMS,Transactions,4.8,76.6,50.3,2,11.1,14,2,Medium,Strong
S393,Cyber Security,Cryptography,4.1,71.8,36.4,5,3.3,20,2,Easy,Strong
S470,Computer Graphics,Rendering,2.3,56.1,45.1,3,6.2,28,4,Hard,Weak
S118,Data Structures,Trees,0.8,67.8,52.9,5,14.8,25,3,Easy,Weak
S295,DBMS,Transactions,3.3,80.6,60.3,3,11.4,11,1,Hard,Strong
S260,Data Structures,Graphs,4.9,79.0,68.8,2,9.3,13,3,Hard,Strong
S181,Data Mining,Association Rules,4.5,100.0,70.5,5,3.4,29,5,Easy,Strong
S387,Cloud Computing,Cloud Storage,2.3,93.8,74.9,2,14.2,12,1,Medium,Average
S347,Cyber Security,Authentication,2.9,98.1,71.1,5,8.7,8,0,Hard,Strong
S184,Computer Networks,TCP/IP,3.8,66.0,67.7,4,4.3,26,7,Medium,Average
S296,Cyber Security,Authentication,3.3,74.7,67.0,3,6.3,30,4,Hard,Average
S287,AI,Expert Systems,2.9,92.7,76.6,5,7.3,24,3,Easy,Strong
S291,Software Engineering,Agile,0.8,41.3,42.7,5,3.5,24,6,Hard,Weak
S353,Data Mining,Association Rules,4.0,85.3,71.4,3,9.6,25,4,Medium,Strong
S244,AI,Machine Learning,3.4,98.7,82.0,1,5.9,2,0,Easy,Strong
S157,Software Engineering,Software Testing,1.4,96.0,75.7,5,8.0,20,0,Easy,Strong
S043,Web Technology,Node.js,3.1,74.9,64.7,3,6.5,23,5,Easy,Weak
S174,Cyber Security,Cryptography,0.5,68.4,71.0,2,7.6,6,6,Medium,Weak
S293,Computer Networks,Network Security,3.1,97.4,76.0,5,14.4,29,6,Medium,Average
S005,OS,Deadlock,4.6,50.7,41.6,2,7.2,27,7,Hard,Weak
S211,DBMS,Transactions,1.8,48.0,57.0,1,12.5,22,7,Medium,Weak
S200,Data Structures,Trees,3.5,51.7,43.3,2,7.6,12,7,Medium,Average
S338,Computer Networks,Routing,2.4,77.9,66.3,4,15.0,24,7,Hard,Average
S329,Cyber Security,Cryptography,3.2,65.1,60.3,3,7.7,24,6,Medium,Average
S376,Software Engineering,Software Testing,2.6,82.4,60.6,2,9.3,29,0,Hard,Average
S258,Data Mining,Classification,4.7,77.4,52.8,5,11.4,10,2,Medium,Strong
S233,Cloud Computing,Cloud Security,1.8,31.2,25.6,1,13.4,26,5,Easy,Weak
S423,DBMS,Normalization,4.7,100.0,94.6,5,12.8,21,3,Hard,Strong
S324,Data Mining,Classification,4.3,100.0,72.8,2,9.3,21,2,Hard,Strong
S007,Data Structures,Trees,3.7,72.0,66.4,1,7.1,15,4,Medium,Weak
S393,Data Structures,Arrays,4.9,59.4,52.4,1,9.8,28,5,Easy,Average
S464,Data Mining,Classification,2.5,27.9,34.7,2,14.9,2,7,Hard,Weak
S455,Data Mining,Association Rules,1.5,57.2,53.1,5,13.0,3,6,Easy,Weak
S383,Cloud Computing,Cloud Storage,5.0,100.0,82.1,1,4.5,23,3,Hard,Strong
S296,Computer Graphics,Rendering,2.2,79.1,58.0,4,7.0,6,3,Medium,Average
S425,Web Technology,React,2.1,72.9,50.3,3,13.9,22,0,Medium,Average
S441,Data Structures,Trees,2.3,73.5,61.9,2,13.5,18,4,Easy,Weak
S426,Data Structures,Graphs,4.0,81.1,57.4,5,14.1,7,3,Hard,Average
S380,Cloud Computing,Cloud Security,1.7,72.5,67.6,5,7.9,30,2,Hard,Average
S017,Cyber Security,Network Security,2.8,68.6,60.6,1,10.7,30,4,Medium,Average
S291,Web Technology,HTML/CSS,1.5,53.7,53.1,4,7.2,29,4,Medium,Weak
S457,Computer Networks,TCP/IP,4.1,89.6,64.2,4,5.0,7,2,Medium,Strong
S398,Software Engineering,Software Design,0.6,50.3,56.0,5,12.2,23,4,Medium,Weak
S273,Big Data,Hadoop,1.2,62.5,62.9,5,15.0,16,6,Easy,Weak
S452,DBMS,SQL,0.8,64.2,81.1,3,10.9,6,7,Hard,Weak
S098,Computer Networks,Routing,0.8,54.7,53.3,3,3.6,12,5,Medium,Weak
S208,OS,Deadlock,3.4,63.2,44.6,2,6.4,18,4,Easy,Average
S304,AI,Expert Systems,3.0,91.0,71.8,4,5.6,8,0,Hard,Strong
S014,Computer Graphics,3D Transformation,4.7,75.4,52.4,2,7.4,4,3,Easy,Average
S160,Web Technology,React,2.5,79.6,70.0,5,12.7,3,5,Medium,Strong
S065,Web Technology,React,3.2,100.0,70.6,4,12.7,22,0,Hard,Strong
S256,Cloud Computing,Cloud Security,4.4,79.8,48.5,3,11.1,10,4,Easy,Strong
S233,Software Engineering,Software Testing,2.1,52.3,62.9,2,10.8,2,2,Easy,Weak
S064,Big Data,MapReduce,2.4,77.4,58.6,4,11.8,8,1,Medium,Average
S497,Computer Networks,Transport Layer,3.2,74.8,67.2,1,8.0,23,7,Medium,Weak
S224,AI,Machine Learning,1.3,86.4,64.9,1,7.8,8,0,Hard,Weak
S378,DBMS,Transactions,3.3,66.7,51.9,4,9.0,17,7,Medium,Strong
S498,Cyber Security,Cryptography,2.5,77.7,63.3,2,9.4,10,2,Hard,Average
S494,Computer Networks,Transport Layer,4.3,56.4,42.8,2,13.0,18,7,Easy,Weak
S344,DBMS,Normalization,3.3,86.3,64.8,5,5.4,17,6,Medium,Average
S055,Computer Networks,TCP/IP,4.8,100.0,70.3,5,8.8,5,3,Hard,Strong
S446,Web Technology,React,1.3,87.3,75.8,2,3.7,11,3,Medium,Average
S300,Cloud Computing,Cloud Security,1.9,78.3,52.5,4,6.7,3,1,Medium,Average
S342,Software Engineering,Software Testing,2.4,35.1,33.1,3,13.8,4,7,Medium,Weak
S215,Computer Networks,Network Security,1.7,71.5,55.6,2,3.1,9,0,Hard,Average
S231,Cloud Computing,Virtualization,2.2,72.9,64.0,1,11.5,13,1,Medium,Average
S030,AI,Machine Learning,3.8,86.4,50.3,5,8.5,1,2,Easy,Strong
S423,Web Technology,JavaScript,2.2,53.0,43.1,1,8.1,13,0,Hard,Weak
S319,Data Structures,Trees,2.7,75.0,70.9,2,13.5,1,5,Medium,Weak
S387,Cloud Computing,Virtualization,3.6,83.0,53.0,5,6.0,12,6,Easy,Average
S416,Data Structures,Graphs,1.5,61.8,51.3,2,10.9,10,0,Medium,Weak
S145,Web Technology,Node.js,5.0,76.2,56.8,4,9.1,2,7,Medium,Strong
S321,Big Data,Hadoop,1.3,79.0,67.6,5,6.5,22,1,Medium,Average
S251,Software Engineering,SDLC,0.7,86.0,81.8,4,6.6,17,2,Hard,Average
S394,Cyber Security,Authentication,4.4,76.0,54.9,3,8.5,9,3,Medium,Average
S139,Web Technology,HTML/CSS,3.1,88.2,74.4,2,8.2,15,2,Easy,Strong
S375,Data Structures,Linked Lists,2.2,59.3,45.9,1,15.0,4,2,Medium,Average
S246,Computer Networks,Routing,2.2,41.4,45.9,1,12.3,25,5,Hard,Weak
S121,Data Structures,Graphs,4.5,79.3,65.9,3,8.3,1,5,Easy,Strong
S448,Big Data,HDFS,0.6,84.5,81.5,4,10.4,16,1,Medium,Average
S142,OS,File Systems,3.9,95.8,67.0,1,7.4,3,1,Easy,Average
S167,AI,Expert Systems,0.8,75.1,66.6,5,7.4,25,3,Medium,Average
S231,Computer Networks,TCP/IP,4.9,63.8,46.1,5,11.0,22,6,Medium,Average
S493,Web Technology,JavaScript,3.1,74.2,61.1,4,5.0,2,6,Easy,Average
S444,OS,File Systems,2.9,78.9,63.7,2,6.3,5,0,Easy,Strong
S274,Data Mining,Classification,0.9,61.6,54.6,4,11.2,28,6,Hard,Weak
S145,Data Mining,Data Preprocessing,2.8,60.0,40.1,5,10.9,30,6,Medium,Weak
S376,OS,File Systems,3.9,78.9,60.9,2,9.1,9,2,Easy,Strong
S304,Cloud Computing,Cloud Storage,2.2,60.5,53.6,2,10.0,15,4,Easy,Weak
S346,Data Structures,Linked Lists,2.4,73.4,73.7,2,11.5,24,5,Medium,Weak
S071,AI,Expert Systems,3.4,93.3,59.0,3,4.6,15,0,Easy,Strong
S443,Big Data,Hadoop,4.3,86.3,60.4,1,9.4,10,1,Easy,Strong
S166,DBMS,Normalization,2.0,34.6,41.5,1,11.2,3,6,Medium,Weak
S088,OS,Deadlock,4.0,100.0,81.8,4,12.7,28,1,Hard,Strong
S399,Computer Networks,Transport Layer,3.4,84.8,65.6,5,14.2,2,1,Easy,Strong
S065,Computer Graphics,3D Transformation,3.1,89.5,54.9,5,14.9,9,1,Easy,Average
S434,Computer Networks,Routing,0.9,87.5,63.1,5,7.5,9,1,Hard,Average
S313,AI,Search Algorithms,4.3,88.5,70.2,2,6.2,5,6,Hard,Strong
S275,Cyber Security,Authentication,2.8,100.0,82.9,5,6.9,4,0,Easy,Strong
S262,Software Engineering,Software Testing,1.6,73.6,73.5,4,10.8,13,5,Easy,Weak
S073,AI,Knowledge Representation,4.6,61.8,46.3,1,11.8,14,4,Hard,Average
S469,Data Structures,Trees,2.7,66.5,54.9,1,7.7,23,6,Medium,Average
S363,Cloud Computing,Virtualization,4.1,51.5,46.4,5,8.0,30,7,Medium,Average
S049,Data Mining,Clustering,1.5,84.4,76.0,5,13.5,9,5,Easy,Average
S094,Computer Graphics,2D Transformation,1.0,61.2,56.4,2,8.4,17,3,Medium,Weak
S327,Big Data,Hadoop,2.4,59.3,55.8,2,10.5,27,6,Hard,Weak
S457,Data Structures,Arrays,3.8,59.8,51.4,1,8.8,21,5,Hard,Average
S365,Computer Networks,TCP/IP,2.7,72.5,78.1,3,4.3,24,7,Hard,Average
S269,Web Technology,React,3.1,63.9,41.4,3,14.2,18,3,Medium,Average
S378,Computer Networks,Network Security,2.8,95.2,76.2,1,8.7,14,3,Medium,Average
S376,Computer Graphics,3D Transformation,3.7,82.6,62.1,2,9.3,20,2,Medium,Average
S021,DBMS,Normalization,3.8,95.7,80.6,5,3.1,10,6,Medium,Average
S244,Computer Graphics,3D Transformation,0.6,68.6,59.9,5,3.1,8,3,Easy,Weak
S326,DBMS,Normalization,1.8,76.0,54.0,4,6.2,10,0,Hard,Average
S456,Cyber Security,Authentication,3.9,67.9,47.8,4,12.7,18,6,Hard,Average
S361,AI,Knowledge Representation,2.1,80.5,71.1,3,11.7,17,3,Easy,Average
S194,DBMS,SQL,0.6,90.8,57.3,4,14.8,16,2,Medium,Average
S025,Computer Networks,Transport Layer,4.2,100.0,77.6,4,8.6,8,0,Hard,Strong
S500,Software Engineering,Software Design,3.9,88.0,54.5,5,5.4,1,2,Medium,Strong
S313,AI,Machine Learning,3.9,48.5,53.4,3,13.0,24,7,Hard,Average
S204,DBMS,Normalization,1.8,86.4,63.4,5,4.7,12,0,Easy,Strong
S291,Web Technology,React,1.1,67.0,62.8,4,12.9,29,3,Medium,Weak
S281,Web Technology,HTML/CSS,2.1,100.0,88.4,4,14.0,17,0,Easy,Strong
S175,DBMS,Indexing,0.8,60.8,63.4,1,6.2,2,4,Easy,Average
S136,AI,Search Algorithms,3.4,100.0,80.0,3,11.6,4,3,Easy,Strong
S077,Web Technology,JavaScript,4.2,70.0,50.9,3,11.6,18,7,Medium,Average
S002,Software Engineering,Software Design,0.6,42.8,43.4,4,8.1,19,3,Hard,Weak
S198,Cyber Security,Cryptography,4.6,100.0,89.5,5,11.9,18,3,Hard,Strong
S069,Web Technology,JavaScript,1.9,70.5,56.3,1,13.4,9,0,Medium,Average
S018,Cloud Computing,Cloud Security,3.2,31.6,23.3,3,13.3,12,7,Medium,Weak
S016,Web Technology,JavaScript,5.0,96.8,76.7,3,8.8,16,2,Medium,Strong
S300,Web Technology,JavaScript,4.5,100.0,88.4,4,7.2,3,3,Medium,Strong
S071,Data Structures,Arrays,1.0,59.6,54.9,2,9.4,1,1,Easy,Weak
S092,Web Technology,Node.js,0.7,52.4,50.7,3,14.5,12,1,Easy,Weak
S410,OS,Memory Management,0.7,37.6,49.1,1,12.7,8,4,Hard,Weak
S330,OS,File Systems,3.6,86.0,59.2,5,3.6,15,0,Medium,Strong
S437,Software Engineering,Software Testing,4.6,100.0,95.3,4,3.2,9,4,Medium,Strong
S127,Software Engineering,SDLC,1.5,74.0,67.7,5,14.6,22,2,Easy,Average
S463,Cloud Computing,Virtualization,3.0,89.6,79.5,4,6.0,19,6,Hard,Strong
S418,Software Engineering,Agile,3.2,90.4,65.3,4,9.5,20,6,Medium,Average
S355,Software Engineering,Agile,4.6,68.5,53.2,3,14.2,10,6,Medium,Strong
S051,AI,Search Algorithms,3.9,61.5,50.3,1,10.5,20,5,Easy,Average
S163,Cyber Security,Authentication,3.0,53.7,42.0,2,14.9,28,7,Hard,Weak
S478,Computer Graphics,3D Transformation,4.2,79.9,57.0,1,4.9,6,0,Medium,Strong
S177,Big Data,Spark,4.8,85.5,62.7,2,9.0,7,1,Easy,Strong
S288,Data Mining,Clustering,2.5,93.0,74.4,4,9.3,22,1,Easy,Strong
S015,Web Technology,React,1.0,48.2,39.0,1,8.7,13,3,Medium,Weak
S311,Big Data,Hadoop,1.9,83.6,77.0,5,4.4,17,3,Hard,Strong
S443,Cloud Computing,Load Balancing,1.1,64.6,60.1,3,13.8,20,4,Medium,Weak
S240,Software Engineering,SDLC,3.1,87.8,76.4,3,8.1,12,2,Hard,Strong
S071,Computer Networks,TCP/IP,2.2,68.4,52.4,3,5.4,7,0,Medium,Strong
S073,Cloud Computing,Virtualization,2.5,43.3,54.1,2,6.7,11,7,Easy,Weak
S338,AI,Search Algorithms,2.9,99.8,73.1,5,9.3,11,0,Easy,Strong
S429,AI,Machine Learning,5.0,65.8,52.5,1,9.2,26,4,Medium,Average
S273,Data Structures,Trees,3.1,60.5,60.5,1,6.9,26,4,Medium,Average
S492,Software Engineering,Agile,4.4,86.7,74.7,4,13.6,1,6,Hard,Strong
S406,AI,Expert Systems,3.8,38.6,39.0,2,4.9,13,6,Hard,Average
S416,DBMS,Normalization,2.0,53.6,55.9,4,6.9,26,5,Easy,Weak
S468,Data Mining,Data Preprocessing,3.5,91.6,66.4,2,5.9,6,2,Easy,Strong
S085,Software Engineering,Agile,1.2,59.8,54.8,3,13.3,24,6,Medium,Weak
S321,Computer Networks,Transport Layer,4.3,50.7,36.7,3,3.1,17,4,Medium,Average
S160,Data Structures,Arrays,4.9,96.5,72.5,4,9.0,26,1,Easy,Strong
S006,Data Mining,Classification,1.0,60.7,57.0,2,8.0,16,3,Medium,Weak
S182,Software Engineering,Software Testing,2.5,100.0,85.0,1,4.7,17,0,Easy,Strong
S481,Software Engineering,SDLC,2.6,89.4,67.9,1,13.5,14,1,Hard,Average
S239,Cloud Computing,Virtualization,1.8,77.0,72.5,5,4.9,21,6,Medium,Average
S077,Cyber Security,Authentication,1.2,81.4,72.6,4,9.0,27,1,Hard,Average
S214,Data Structures,Trees,2.0,53.9,54.4,1,10.8,21,3,Hard,Weak
S203,Data Mining,Clustering,3.3,68.7,60.7,1,6.5,8,7,Medium,Weak
S381,Big Data,Hadoop,0.5,61.0,66.2,1,6.2,12,6,Medium,Weak
S330,Data Mining,Classification,4.1,64.7,59.7,4,8.0,16,4,Medium,Average
S386,Cyber Security,Cryptography,0.9,41.8,48.1,4,11.8,5,7,Hard,Weak
S011,Big Data,HDFS,2.0,58.3,52.8,2,10.2,12,5,Easy,Weak
S389,Computer Graphics,Curves,1.8,91.8,70.4,5,5.7,21,2,Hard,Strong
S240,OS,Deadlock,0.6,85.6,87.5,4,3.8,5,1,Medium,Average
S320,Software Engineering,Software Design,3.9,77.8,55.8,3,9.1,7,1,Hard,Strong
S051,DBMS,SQL,4.6,100.0,72.6,4,10.0,1,0,Medium,Strong
S133,Data Structures,Graphs,3.2,50.9,52.0,2,4.3,19,7,Easy,Weak
S114,Data Mining,Classification,2.2,94.4,78.3,2,7.1,11,3,Easy,Strong
S053,Computer Networks,Network Security,2.8,69.1,61.4,5,14.0,16,4,Hard,Average
S336,Computer Graphics,Curves,2.0,63.7,44.2,4,3.1,24,2,Medium,Average
S424,Big Data,Hadoop,4.3,83.2,62.1,3,14.1,16,5,Medium,Average
S375,Web Technology,React,3.2,100.0,82.0,3,8.3,23,0,Medium,Strong
S487,Cloud Computing,Load Balancing,1.7,56.0,47.9,1,6.9,27,1,Hard,Average
S050,Computer Networks,Routing,2.0,80.2,63.1,4,8.3,18,3,Hard,Average
S153,Cloud Computing,Cloud Storage,1.7,33.7,44.5,1,14.4,2,7,Medium,Weak
S495,Data Mining,Data Preprocessing,2.2,100.0,99.8,4,11.3,1,3,Medium,Strong
S322,Software Engineering,Agile,4.1,96.9,74.4,5,7.0,11,1,Hard,Strong
S307,Software Engineering,SDLC,0.6,56.9,47.2,3,9.9,27,0,Hard,Weak
S169,Cyber Security,Cryptography,3.1,100.0,81.7,3,4.3,13,0,Easy,Strong
S223,Software Engineering,SDLC,3.4,100.0,73.1,4,10.7,27,1,Medium,Average
S014,Cyber Security,Web Security,0.5,44.4,57.5,1,9.9,28,5,Medium,Weak
S023,DBMS,Transactions,5.0,51.9,37.2,2,13.2,16,6,Easy,Average
S102,Data Structures,Graphs,2.1,69.2,52.3,4,13.0,13,0,Easy,Average
S112,OS,Process Scheduling,1.5,57.4,52.9,5,9.6,22,5,Hard,Weak
S465,Cyber Security,Cryptography,1.7,59.5,54.2,3,4.4,7,5,Hard,Weak
S355,Data Mining,Association Rules,1.4,84.1,81.5,4,10.9,17,0,Easy,Strong
S158,Big Data,Spark,4.7,79.5,59.9,3,10.1,14,5,Medium,Average
S097,OS,Process Scheduling,1.1,77.1,61.8,5,4.9,25,4,Medium,Average
S232,Web Technology,JavaScript,4.0,78.3,59.3,5,9.9,27,7,Medium,Average
S242,Cloud Computing,Cloud Security,3.9,71.4,61.9,5,7.9,8,6,Medium,Strong
S012,Web Technology,React,0.8,48.1,49.0,4,9.7,6,1,Medium,Weak
S302,Big Data,Hadoop,3.6,88.5,69.1,3,10.7,24,1,Medium,Strong
S123,Web Technology,Node.js,3.6,87.6,70.8,1,8.9,5,3,Easy,Average
S218,Software Engineering,Agile,0.7,48.8,62.3,2,10.8,26,5,Medium,Weak
S428,Data Mining,Clustering,2.2,76.7,73.2,3,10.0,10,6,Medium,Average
S219,Big Data,Spark,5.0,83.0,73.4,4,11.6,10,5,Medium,Strong
S317,AI,Machine Learning,4.9,92.0,50.9,4,7.9,23,0,Easy,Strong
S476,Cyber Security,Authentication,1.5,61.8,47.4,5,4.3,22,5,Hard,Weak
S078,DBMS,Indexing,1.0,84.8,76.6,2,3.8,6,0,Medium,Average
S177,Data Structures,Linked Lists,3.2,81.5,61.5,5,15.0,9,1,Easy,Strong
S133,OS,Deadlock,1.0,69.3,65.8,3,9.3,4,2,Easy,Average
S256,Computer Networks,Transport Layer,2.9,90.1,72.6,2,9.3,1,2,Easy,Strong
S096,Software Engineering,Software Design,1.1,73.0,50.3,3,12.7,24,0,Medium,Average
S153,DBMS,Indexing,3.3,45.0,44.2,3,6.5,25,7,Easy,Weak
S143,Big Data,Spark,1.1,63.1,48.9,2,6.8,25,1,Medium,Weak
S166,Computer Networks,Transport Layer,2.4,100.0,83.7,5,13.5,16,1,Medium,Strong
S134,AI,Expert Systems,1.6,72.0,66.6,4,8.2,26,4,Medium,Weak
S218,Web Technology,Node.js,0.7,75.2,81.9,3,7.7,15,3,Medium,Average
S369,Web Technology,JavaScript,3.9,67.9,44.9,4,7.0,9,6,Medium,Average
S343,Cloud Computing,Virtualization,1.7,53.2,47.1,5,12.1,23,7,Hard,Weak
S067,Data Mining,Clustering,1.1,64.2,63.7,1,10.7,16,6,Medium,Weak
S480,OS,Process Scheduling,4.3,100.0,85.3,4,7.0,3,2,Medium,Strong
S069,AI,Knowledge Representation,2.1,30.5,42.8,1,5.7,10,7,Medium,Weak
S311,Big Data,MapReduce,3.8,100.0,72.2,3,13.0,27,1,Easy,Strong
S481,Data Structures,Arrays,0.6,82.1,68.0,4,8.5,29,0,Easy,Average
S203,Web Technology,Node.js,2.2,48.0,48.0,3,9.7,1,5,Medium,Weak
S155,AI,Expert Systems,0.8,65.7,61.3,4,7.1,10,2,Easy,Average
S487,Web Technology,JavaScript,1.4,76.8,75.6,5,13.8,16,7,Medium,Average
S231,Web Technology,JavaScript,2.1,76.9,62.4,1,4.5,11,4,Medium,Average
S399,AI,Knowledge Representation,1.4,44.7,45.7,5,4.5,20,5,Medium,Weak
S375,Software Engineering,Software Testing,2.0,45.3,51.0,4,5.1,18,3,Medium,Weak
S154,Web Technology,React,2.6,76.4,62.1,4,4.0,5,2,Medium,Average
S295,Data Mining,Classification,4.0,61.1,43.5,3,13.3,1,1,Medium,Average
S291,Software Engineering,Software Testing,3.9,100.0,73.9,3,12.9,13,1,Hard,Strong
S494,Data Mining,Association Rules,0.8,59.5,52.1,5,6.3,17,7,Easy,Weak
S478,DBMS,Normalization,4.4,94.5,70.2,2,11.9,28,3,Easy,Average
S182,Data Structures,Trees,2.1,57.4,64.1,2,9.1,29,3,Easy,Weak
S347,Cyber Security,Network Security,2.4,95.2,86.8,5,12.8,29,4,Easy,Strong
S419,Big Data,Hadoop,2.7,96.6,74.0,5,9.9,11,1,Easy,Strong
S021,OS,File Systems,2.7,66.7,49.6,5,10.3,26,6,Hard,Weak
S295,DBMS,Indexing,2.6,77.0,68.1,2,13.5,8,5,Easy,Average
S238,Computer Networks,TCP/IP,0.7,68.7,61.4,5,11.9,7,2,Medium,Average
S339,Web Technology,HTML/CSS,3.8,82.2,62.3,2,8.7,22,1,Hard,Average
S244,Web Technology,Node.js,3.7,100.0,97.5,3,10.5,12,3,Hard,Strong
S498,Cloud Computing,Cloud Storage,0.6,40.2,40.9,1,14.8,19,1,Easy,Weak
S049,Web Technology,React,3.2,59.7,64.8,1,13.1,23,7,Easy,Average
S237,Data Mining,Data Preprocessing,3.6,82.6,56.9,1,3.7,17,1,Hard,Average
S388,Cloud Computing,Virtualization,0.7,49.3,52.5,4,7.7,1,0,Medium,Weak
S383,Computer Graphics,2D Transformation,2.0,62.2,46.8,5,7.8,15,2,Hard,Average
S216,Cyber Security,Authentication,3.6,63.8,54.8,1,9.4,10,7,Hard,Weak
S146,Big Data,Hadoop,0.7,41.5,39.1,4,13.5,23,6,Medium,Weak
S116,AI,Expert Systems,4.6,95.6,68.3,1,12.1,19,2,Easy,Strong
S052,Data Mining,Clustering,1.4,100.0,92.6,5,11.3,7,2,Easy,Strong
S204,Software Engineering,SDLC,1.0,30.0,32.9,3,11.9,30,4,Hard,Weak
S157,Computer Networks,Routing,4.5,61.8,55.9,1,7.0,30,6,Hard,Weak
S451,Data Structures,Trees,0.6,59.2,64.8,3,3.1,20,2,Medium,Weak
S065,AI,Search Algorithms,2.6,27.4,40.2,1,7.5,18,7,Easy,Weak
S355,DBMS,Normalization,4.0,85.5,68.1,2,9.5,19,1,Medium,Strong
S284,Cyber Security,Authentication,1.6,67.1,55.3,5,12.7,23,3,Easy,Average
S476,Computer Graphics,Curves,0.6,36.4,52.1,2,10.3,28,6,Medium,Weak
S276,Cloud Computing,Cloud Security,2.2,85.6,61.1,4,13.1,8,4,Hard,Strong
S492,Big Data,HDFS,1.5,85.0,72.7,3,14.2,26,0,Hard,Average
S377,Computer Graphics,Curves,3.2,92.8,75.0,4,4.3,11,1,Hard,Strong
S344,Data Structures,Linked Lists,3.1,66.0,51.4,1,7.9,6,6,Easy,Weak
S469,Cyber Security,Authentication,2.2,67.5,53.8,2,4.2,12,4,Easy,Weak
S107,Computer Graphics,Curves,3.5,92.4,74.4,5,10.1,1,1,Hard,Strong
S046,AI,Machine Learning,1.9,87.3,70.6,1,11.1,2,0,Medium,Average
S312,AI,Expert Systems,2.1,45.6,51.2,1,13.4,5,5,Medium,Weak
S406,Cloud Computing,Cloud Storage,4.6,70.6,53.0,5,4.1,14,6,Medium,Strong
S422,Computer Networks,TCP/IP,1.3,87.4,65.0,3,13.4,8,1,Easy,Average
S425,OS,Process Scheduling,4.2,94.0,61.5,4,9.8,6,0,Easy,Strong
S340,Big Data,Hadoop,0.7,61.9,58.9,3,11.5,9,6,Hard,Weak
S245,Computer Networks,Routing,2.2,74.8,71.3,2,7.7,13,4,Medium,Average
S228,Data Structures,Trees,2.0,90.5,78.8,2,9.7,13,4,Medium,Average
S198,Data Mining,Clustering,3.6,88.6,69.2,3,11.8,4,4,Easy,Average
S114,AI,Knowledge Representation,2.9,56.7,49.6,5,13.0,27,4,Easy,Average
S084,Software Engineering,Agile,2.9,68.1,60.3,2,12.0,1,0,Easy,Average
S130,Software Engineering,Agile,0.8,45.1,54.1,3,13.1,10,4,Medium,Weak
S258,DBMS,Transactions,3.3,65.5,52.0,5,8.5,10,6,Hard,Average
S252,Software Engineering,Agile,2.0,67.3,64.5,3,7.2,29,3,Medium,Average
S342,DBMS,Normalization,0.7,32.1,47.0,1,12.9,6,6,Easy,Weak
S024,OS,Memory Management,2.8,59.2,59.6,1,5.1,5,7,Medium,Weak
S361,Big Data,HDFS,4.2,52.5,46.3,3,4.9,18,5,Hard,Average
S318,Computer Networks,Routing,2.4,49.8,57.7,2,13.1,27,4,Hard,Weak
S456,Web Technology,HTML/CSS,1.4,66.0,55.2,5,9.2,21,5,Easy,Weak
S242,Computer Graphics,2D Transformation,3.2,73.5,58.8,2,13.7,7,4,Hard,Average
S001,OS,Process Scheduling,2.5,66.1,57.5,1,13.2,24,4,Medium,Average
S026,Big Data,Hadoop,1.0,97.3,79.2,4,13.3,15,0,Easy,Average
S208,Software Engineering,SDLC,0.8,71.2,67.5,1,5.6,13,0,Medium,Average
S247,Cloud Computing,Virtualization,4.0,94.7,80.3,2,13.9,4,0,Easy,Strong
S266,Data Mining,Data Preprocessing,3.5,65.7,49.7,2,12.1,5,3,Medium,Strong
S294,Cloud Computing,Load Balancing,3.9,95.8,65.6,3,14.7,1,0,Medium,Strong
S144,Software Engineering,SDLC,4.8,69.8,58.1,3,4.1,2,7,Medium,Strong
S261,Cyber Security,Network Security,1.8,71.2,58.5,5,4.2,2,3,Medium,Weak
S118,Web Technology,React,4.0,100.0,84.2,3,4.8,4,1,Medium,Strong
S214,Big Data,Hadoop,2.1,45.4,42.7,2,7.2,8,7,Hard,Weak
S374,AI,Search Algorithms,3.5,96.4,68.0,5,12.5,16,3,Easy,Strong
S047,DBMS,Transactions,1.6,66.0,58.0,1,9.1,10,3,Medium,Average
S362,Data Structures,Graphs,1.2,55.6,64.2,1,5.9,21,4,Easy,Weak
S145,Computer Graphics,2D Transformation,4.2,81.1,71.4,4,5.0,10,7,Medium,Strong
S425,Computer Graphics,3D Transformation,1.1,33.3,43.4,1,3.1,24,6,Medium,Weak
S269,Big Data,Hadoop,0.8,36.7,52.3,2,14.9,16,4,Medium,Weak
S380,OS,File Systems,4.7,100.0,94.5,2,13.0,26,1,Medium,Strong
S291,Data Mining,Clustering,3.7,77.1,65.3,4,8.5,17,7,Medium,Average
S315,Software Engineering,Agile,2.3,68.2,51.5,3,8.3,6,1,Easy,Weak
S211,Big Data,Hadoop,4.4,100.0,78.1,3,6.1,21,4,Easy,Strong
S221,Cyber Security,Cryptography,2.0,88.6,75.8,3,8.9,19,0,Medium,Weak
S108,Computer Networks,TCP/IP,4.2,85.5,60.6,4,13.3,2,0,Medium,Strong
S446,Computer Graphics,2D Transformation,4.6,63.3,45.6,2,14.3,27,4,Hard,Average
S063,Cyber Security,Cryptography,3.8,100.0,84.9,3,14.0,14,1,Easy,Strong
S415,DBMS,Indexing,1.7,67.0,53.7,4,7.0,16,4,Medium,Weak
S039,DBMS,Indexing,2.4,55.8,40.7,5,8.5,17,4,Easy,Average
S065,Big Data,MapReduce,0.9,31.5,41.7,2,11.5,19,3,Hard,Weak
S025,Cyber Security,Web Security,0.6,42.0,41.2,1,9.9,6,3,Medium,Weak
S362,Software Engineering,Software Testing,2.0,46.1,48.4,1,7.9,19,3,Medium,Weak
S409,OS,Memory Management,1.7,71.4,53.6,5,9.2,17,3,Hard,Average
S250,Data Structures,Arrays,4.0,44.7,29.5,5,13.0,5,4,Hard,Average
S342,Software Engineering,Software Design,0.9,78.9,74.4,2,12.2,12,2,Hard,Weak
S170,Data Mining,Clustering,4.2,98.3,76.7,4,13.2,27,4,Medium,Strong
S108,AI,Knowledge Representation,3.9,96.1,59.4,5,3.5,26,3,Medium,Average
S242,Big Data,Spark,2.0,81.4,63.4,4,14.6,21,3,Medium,Average
S001,Computer Networks,Network Security,3.2,80.1,69.4,4,11.6,15,1,Easy,Average
S500,Computer Graphics,Curves,1.6,70.9,50.9,3,9.1,15,3,Easy,Weak
S257,Data Structures,Graphs,3.3,82.1,59.8,5,8.9,2,5,Easy,Average
S406,Web Technology,HTML/CSS,3.9,90.4,67.3,5,8.5,18,5,Medium,Strong
S027,Cyber Security,Authentication,0.6,35.9,47.4,3,3.5,3,6,Easy,Weak
S335,Software Engineering,Software Testing,3.3,76.8,64.3,4,3.4,28,1,Hard,Average
S243,OS,File Systems,1.2,75.1,68.7,3,11.9,26,5,Easy,Weak
S250,Data Structures,Trees,3.7,99.6,79.9,5,7.8,13,2,Medium,Strong
S171,Web Technology,JavaScript,2.9,83.9,62.4,5,10.6,3,1,Medium,Strong
S124,Data Structures,Graphs,3.1,100.0,81.4,5,8.1,15,2,Medium,Strong
S204,OS,Deadlock,1.5,49.8,58.7,3,3.2,21,5,Hard,Weak
S347,Computer Graphics,3D Transformation,4.8,66.6,47.9,2,13.7,17,4,Medium,Average
S228,Data Mining,Association Rules,1.4,97.7,88.0,5,14.2,28,3,Easy,Strong
S085,Web Technology,JavaScript,0.6,43.0,51.4,5,10.1,9,6,Hard,Weak
S170,Computer Networks,TCP/IP,2.0,54.4,39.6,4,7.3,6,2,Easy,Weak
S339,Computer Networks,Network Security,2.3,92.3,82.5,4,14.5,29,6,Hard,Strong
S309,Cloud Computing,Cloud Security,4.4,63.6,48.0,2,8.2,30,6,Easy,Average
S197,Web Technology,React,5.0,91.4,63.6,5,8.4,10,5,Easy,Strong
S293,Computer Graphics,3D Transformation,1.6,52.6,45.2,2,14.6,3,5,Hard,Weak
S205,DBMS,Normalization,2.8,36.0,42.5,2,6.4,11,7,Hard,Weak
S426,Software Engineering,Software Testing,2.9,33.1,45.4,2,11.2,1,6,Easy,Weak
S393,AI,Knowledge Representation,0.6,74.7,63.0,4,14.8,9,1,Medium,Strong
S427,OS,Process Scheduling,3.2,59.6,60.3,3,6.3,25,6,Medium,Average
S407,DBMS,Indexing,4.1,62.6,54.7,5,12.6,16,7,Hard,Average
S145,Software Engineering,SDLC,0.9,63.5,55.8,2,6.2,27,0,Easy,Average
S323,Web Technology,Node.js,1.2,72.9,57.9,5,7.0,2,2,Medium,Weak
S408,DBMS,SQL,0.7,68.8,66.4,4,14.5,16,4,Hard,Average
S231,Big Data,HDFS,4.2,67.2,49.3,3,6.5,8,3,Hard,Average
S225,Data Structures,Linked Lists,1.8,79.3,64.7,3,11.7,26,1,Hard,Strong
S420,Software Engineering,Agile,1.8,50.2,45.1,4,13.1,7,4,Hard,Weak
S309,AI,Machine Learning,3.2,42.4,42.1,5,7.7,13,7,Medium,Weak
S248,Software Engineering,Software Testing,2.0,79.8,61.8,3,13.4,1,0,Hard,Average
S140,Software Engineering,Software Testing,4.1,80.0,62.3,2,4.7,3,0,Medium,Strong
S349,OS,File Systems,4.6,48.7,42.2,1,7.9,9,3,Hard,Average
S231,Big Data,HDFS,3.4,83.8,68.4,2,11.5,23,0,Easy,Strong
S131,Data Structures,Arrays,4.6,63.6,52.4,1,13.2,22,4,Medium,Weak
S403,OS,Memory Management,4.1,72.3,51.5,1,5.8,7,0,Hard,Average
S206,Big Data,Spark,1.4,85.3,80.7,3,8.8,2,5,Medium,Strong
S143,Data Mining,Association Rules,0.8,83.7,79.9,4,10.8,15,3,Easy,Weak
S342,Big Data,Hadoop,2.9,53.0,36.8,5,13.5,3,5,Medium,Average
S151,Big Data,Hadoop,2.2,50.8,51.4,2,8.9,21,6,Easy,Weak
S103,Computer Networks,Transport Layer,1.0,57.3,54.1,3,14.0,23,0,Easy,Weak
S062,Cyber Security,Cryptography,2.6,84.3,75.4,3,10.3,17,1,Hard,Strong
S340,Data Structures,Graphs,1.7,66.5,61.0,3,4.6,25,4,Medium,Weak
S473,Cloud Computing,Cloud Storage,2.0,62.9,60.2,3,8.9,26,3,Easy,Weak
S186,Software Engineering,Agile,5.0,100.0,68.8,3,11.0,29,6,Hard,Strong
S375,Computer Networks,Routing,3.6,99.1,61.7,5,10.7,14,0,Hard,Strong
S467,Cyber Security,Authentication,4.2,59.7,61.9,1,12.0,4,6,Easy,Weak
S170,Data Structures,Trees,1.5,71.0,65.5,5,9.8,10,7,Medium,Weak
S244,AI,Knowledge Representation,1.8,61.6,67.4,1,6.2,3,2,Hard,Weak
S346,Big Data,HDFS,3.3,80.5,65.8,4,9.0,17,2,Medium,Average
S175,Cyber Security,Network Security,2.4,33.2,35.4,2,13.7,10,7,Hard,Weak
S460,AI,Expert Systems,1.3,60.5,46.8,4,10.4,27,3,Easy,Weak
S262,Cyber Security,Cryptography,1.9,49.2,55.4,5,14.1,9,4,Hard,Average
S064,Computer Networks,TCP/IP,3.0,100.0,99.0,3,5.0,29,2,Medium,Strong
S213,Computer Networks,Routing,4.4,82.8,61.8,5,6.7,19,2,Hard,Strong
S482,Data Mining,Association Rules,3.1,54.5,44.6,2,10.5,12,5,Medium,Weak
S479,Software Engineering,Agile,5.0,67.3,42.9,3,6.4,7,5,Hard,Average
S037,Data Mining,Data Preprocessing,4.5,100.0,80.4,4,14.0,12,2,Hard,Strong
S447,OS,Process Scheduling,4.9,96.4,77.9,4,8.6,12,7,Easy,Strong
S278,AI,Knowledge Representation,3.3,66.2,60.1,1,6.3,16,2,Medium,Weak
S386,DBMS,SQL,3.6,53.3,30.2,3,9.5,5,2,Easy,Average
S223,Web Technology,JavaScript,2.2,74.1,61.2,4,13.2,25,3,Easy,Weak
S107,Computer Networks,TCP/IP,1.5,91.2,80.3,3,6.5,16,1,Easy,Average
S128,AI,Knowledge Representation,1.1,55.7,44.6,3,6.3,12,3,Hard,Weak
S426,Computer Graphics,2D Transformation,4.8,80.2,50.0,5,9.1,18,5,Medium,Strong
S135,DBMS,SQL,3.4,80.0,73.8,3,11.3,5,3,Easy,Average
S440,AI,Machine Learning,2.4,77.8,68.4,2,10.2,29,6,Medium,Weak
S284,Computer Graphics,3D Transformation,4.5,100.0,68.4,2,6.6,5,0,Easy,Strong
S318,Computer Networks,Transport Layer,4.3,54.4,52.3,3,3.4,22,7,Medium,Average
S468,Cloud Computing,Cloud Storage,4.3,64.3,66.1,1,5.2,13,6,Hard,Average
S195,Big Data,HDFS,1.4,70.9,74.1,2,9.5,18,4,Medium,Average
S173,Cloud Computing,Virtualization,1.0,51.5,55.3,3,14.6,15,7,Medium,Weak
S477,Cyber Security,Cryptography,1.1,82.2,70.6,3,3.2,29,5,Easy,Average
S028,Big Data,MapReduce,1.3,65.9,52.9,1,5.4,7,3,Easy,Average
S052,Software Engineering,Software Design,2.7,97.7,72.9,5,11.5,7,0,Hard,Strong
S114,DBMS,Transactions,2.1,54.2,51.2,2,11.9,18,6,Easy,Weak
S415,Data Mining,Classification,2.9,85.8,67.9,2,6.4,5,0,Medium,Strong
S076,Big Data,Hadoop,4.1,75.5,50.1,1,4.0,22,5,Hard,Average
S365,AI,Search Algorithms,1.8,56.3,47.3,2,9.1,15,5,Medium,Weak
S438,DBMS,Transactions,3.8,95.1,73.5,4,11.8,5,3,Medium,Strong
S391,Web Technology,HTML/CSS,3.3,64.6,62.8,2,12.8,2,5,Medium,Average
S354,AI,Search Algorithms,2.7,58.6,55.4,2,6.3,21,6,Medium,Weak
S142,Software Engineering,SDLC,0.8,36.6,33.6,1,9.4,4,3,Medium,Weak
S486,OS,Deadlock,4.5,75.7,63.5,4,9.8,8,6,Medium,Strong
S386,AI,Machine Learning,0.5,35.3,47.5,4,8.3,8,7,Easy,Weak
S173,AI,Machine Learning,4.3,96.2,74.5,5,14.3,12,4,Medium,Strong
S383,Cyber Security,Cryptography,4.4,100.0,73.4,3,14.0,11,0,Medium,Strong
S051,Cyber Security,Network Security,4.8,53.1,35.9,1,14.0,19,7,Medium,Weak
S130,Computer Networks,Network Security,1.6,48.9,48.6,4,13.3,27,5,Medium,Weak
S246,Cloud Computing,Virtualization,2.8,62.9,55.2,1,14.3,22,5,Easy,Average
S153,Big Data,Hadoop,2.1,65.5,54.1,1,5.0,13,1,Medium,Average
S234,Computer Graphics,Curves,2.6,89.1,70.5,5,11.2,19,4,Hard,Average
S289,AI,Knowledge Representation,3.6,68.3,47.7,2,5.6,19,0,Medium,Strong
S127,Data Mining,Data Preprocessing,1.6,91.3,75.4,3,4.9,19,0,Medium,Strong
S090,Web Technology,React,3.6,100.0,87.7,1,11.6,2,1,Hard,Strong
S495,Software Engineering,Software Testing,2.6,57.8,40.3,1,12.9,28,0,Medium,Average
S013,Cyber Security,Network Security,4.4,73.9,61.8,2,12.2,24,4,Medium,Average
S219,AI,Search Algorithms,2.0,45.1,47.2,4,9.3,30,5,Easy,Average
S318,Big Data,MapReduce,4.9,80.2,50.2,5,9.8,29,4,Hard,Strong
S468,Data Mining,Association Rules,3.3,82.1,45.9,1,12.8,28,0,Medium,Average
S464,AI,Search Algorithms,1.1,79.7,64.6,4,11.8,26,0,Easy,Average
S027,Cloud Computing,Virtualization,1.7,84.1,70.2,5,3.3,28,0,Medium,Average
S012,Data Mining,Data Preprocessing,3.7,100.0,69.6,3,12.3,28,0,Easy,Strong
S412,Cloud Computing,Cloud Security,3.4,75.7,67.4,1,9.0,1,4,Medium,Average
S083,Computer Graphics,Rendering,2.4,81.9,60.3,4,11.6,7,1,Hard,Average
S220,Data Structures,Trees,3.0,48.6,48.6,5,11.6,16,7,Medium,Weak
S368,DBMS,Transactions,4.8,97.3,76.6,4,14.4,29,1,Medium,Strong
S171,AI,Machine Learning,3.4,100.0,77.7,4,11.9,20,1,Easy,Strong
S284,OS,Deadlock,0.9,74.5,77.8,5,7.2,1,7,Medium,Average
S313,Computer Networks,Transport Layer,2.4,100.0,86.3,4,13.7,2,2,Hard,Strong
S227,Data Mining,Clustering,2.7,55.1,52.7,3,8.3,12,6,Medium,Weak
S439,AI,Expert Systems,3.7,74.1,71.4,1,12.1,4,5,Medium,Weak
S326,Software Engineering,Software Design,3.3,52.7,48.3,1,6.2,17,2,Medium,Average
S304,Computer Networks,Network Security,1.5,81.3,55.8,5,11.6,9,0,Hard,Strong
S353,AI,Expert Systems,2.6,88.4,60.8,5,3.8,6,0,Hard,Average
S035,Big Data,MapReduce,4.0,100.0,87.2,5,3.2,29,0,Hard,Strong
S208,DBMS,SQL,2.1,83.1,72.5,3,10.4,7,0,Medium,Strong
S446,DBMS,Indexing,4.9,96.3,72.5,2,6.7,13,0,Hard,Strong
S342,Computer Graphics,Curves,1.5,83.8,85.5,3,14.2,23,3,Easy,Average
S399,Cloud Computing,Load Balancing,4.4,71.1,53.5,3,7.3,11,4,Medium,Average
S349,OS,Deadlock,1.7,50.1,54.7,3,8.3,8,5,Medium,Weak
S448,Data Mining,Association Rules,4.5,84.2,58.2,1,14.4,3,0,Medium,Strong
S428,Cloud Computing,Cloud Storage,2.0,73.5,53.5,5,7.4,7,3,Hard,Average
S041,Data Mining,Association Rules,4.9,96.8,83.1,5,8.8,29,6,Medium,Strong
S278,Web Technology,HTML/CSS,2.5,89.5,74.1,5,12.5,10,1,Easy,Strong
S437,Cloud Computing,Cloud Storage,2.2,76.0,64.1,2,9.3,4,3,Medium,Average
S335,Cyber Security,Web Security,2.9,52.0,51.2,2,11.1,2,7,Easy,Weak
S313,Data Mining,Classification,1.6,33.5,34.3,3,7.0,15,4,Medium,Weak
S260,DBMS,Transactions,4.0,70.6,57.7,1,9.3,22,5,Medium,Weak
S058,Computer Graphics,3D Transformation,1.7,83.1,74.8,1,10.0,9,0,Hard,Weak
S079,Cyber Security,Network Security,2.6,62.9,49.3,4,6.9,24,2,Hard,Strong
S393,Web Technology,JavaScript,3.0,50.7,54.4,1,11.5,10,7,Easy,Weak
S246,Cyber Security,Web Security,0.9,37.3,36.1,1,12.2,23,3,Hard,Weak
S367,Data Mining,Classification,2.5,90.8,71.0,3,6.7,29,1,Easy,Average
S213,DBMS,SQL,1.0,39.2,55.6,2,6.3,9,5,Medium,Weak
S142,Data Structures,Linked Lists,2.4,79.4,64.8,5,9.2,8,0,Medium,Average
S119,Data Structures,Arrays,3.1,66.8,60.8,1,6.0,21,4,Easy,Weak
S235,Cyber Security,Network Security,3.4,92.8,64.7,3,14.4,17,1,Easy,Strong
S232,Cyber Security,Web Security,3.0,89.4,85.2,5,9.0,15,2,Easy,Average
S259,OS,Deadlock,3.5,99.9,81.4,4,5.4,5,6,Medium,Strong
S328,DBMS,Normalization,4.7,65.1,47.6,4,11.5,5,3,Hard,Strong
S189,Cyber Security,Web Security,3.8,95.6,71.8,4,7.5,5,3,Easy,Strong
S322,Data Mining,Association Rules,3.7,42.7,36.2,2,12.1,28,6,Medium,Average
S450,Cloud Computing,Virtualization,2.8,83.4,73.0,1,9.5,7,1,Medium,Strong
S041,Computer Graphics,Curves,2.4,53.2,38.0,3,10.2,25,4,Easy,Weak
S043,Cloud Computing,Cloud Storage,1.4,81.4,62.6,5,14.1,1,4,Easy,Strong
S049,Data Mining,Classification,1.5,46.8,48.7,1,10.3,29,5,Easy,Weak
S240,Web Technology,Node.js,4.1,100.0,72.3,4,7.5,18,4,Medium,Strong
S214,Software Engineering,Software Testing,4.8,74.5,57.2,5,9.4,19,3,Easy,Strong
S468,Data Structures,Linked Lists,1.8,80.9,72.6,3,6.0,2,5,Medium,Average
S485,AI,Search Algorithms,4.8,58.8,30.4,1,7.1,8,3,Easy,Average
S181,AI,Search Algorithms,4.5,66.3,56.7,1,6.5,24,4,Hard,Weak
S342,OS,Memory Management,4.4,89.6,67.4,2,6.3,17,0,Medium,Strong
S330,Cyber Security,Authentication,1.3,62.2,58.8,3,3.8,21,1,Medium,Weak
S327,Data Structures,Graphs,4.6,72.4,51.1,2,7.1,6,4,Medium,Average
S131,OS,File Systems,2.3,61.1,55.3,2,14.7,12,5,Hard,Weak
S443,Computer Graphics,Rendering,3.4,47.1,39.6,2,12.0,21,6,Medium,Weak
S456,Computer Networks,TCP/IP,4.1,100.0,82.1,3,6.9,10,1,Hard,Strong
S313,DBMS,Transactions,3.7,89.4,68.6,1,12.2,1,1,Hard,Average
S331,Software Engineering,Software Testing,2.7,62.3,57.7,1,4.1,8,1,Easy,Average
S332,Web Technology,HTML/CSS,1.6,95.4,74.0,4,10.3,28,0,Medium,Average
S080,Data Mining,Classification,3.1,53.2,43.1,2,10.9,26,7,Medium,Weak
S309,Data Structures,Linked Lists,2.6,51.8,58.9,1,5.0,20,7,Hard,Weak
S313,DBMS,Transactions,3.6,53.1,40.0,3,5.1,13,5,Easy,Average
S238,DBMS,Transactions,2.4,83.4,81.0,5,4.1,28,6,Hard,Average
S100,DBMS,Normalization,3.2,79.0,65.7,3,11.5,3,3,Easy,Average
S232,Computer Graphics,Rendering,4.0,56.0,45.3,1,12.7,24,4,Medium,Weak
S332,Computer Networks,Routing,5.0,100.0,75.5,4,7.1,28,6,Easy,Strong
S008,Cyber Security,Cryptography,1.6,58.1,44.5,3,12.2,21,6,Medium,Weak
S035,DBMS,Indexing,1.4,76.2,67.5,4,14.6,22,4,Easy,Average
S368,Data Structures,Linked Lists,1.2,33.9,40.7,2,12.3,13,7,Medium,Weak
S189,Data Mining,Clustering,1.8,61.1,64.4,1,8.4,15,3,Medium,Average
S037,AI,Search Algorithms,4.4,88.1,55.1,5,11.0,24,2,Easy,Strong
S171,Data Mining,Data Preprocessing,1.9,99.2,75.9,5,9.6,30,2,Easy,Average
S094,Computer Graphics,3D Transformation,3.5,65.3,49.9,3,14.6,17,7,Easy,Weak
S267,Data Mining,Association Rules,2.1,51.4,51.2,3,5.1,17,6,Medium,Weak
S357,Big Data,Spark,1.2,36.7,46.4,2,8.7,8,7,Medium,Weak
S359,Big Data,MapReduce,2.8,69.3,57.4,4,13.2,23,6,Medium,Weak
S298,AI,Machine Learning,2.2,91.2,69.4,5,12.1,23,4,Medium,Average
S345,OS,Process Scheduling,2.9,77.4,60.7,4,11.0,11,1,Hard,Strong
S163,Computer Networks,Transport Layer,4.9,100.0,67.2,2,10.0,27,1,Medium,Strong
S100,Computer Networks,TCP/IP,0.6,54.8,53.5,5,6.4,1,7,Easy,Weak
S009,Computer Networks,Network Security,4.3,88.0,64.8,4,3.4,16,5,Medium,Strong
S125,Cloud Computing,Virtualization,1.6,84.9,68.6,3,6.8,19,0,Easy,Average
S283,DBMS,Indexing,0.5,47.9,55.4,1,5.3,7,7,Hard,Weak
S166,Computer Graphics,Curves,4.0,100.0,100.0,3,14.9,8,2,Easy,Strong
S492,Computer Graphics,Rendering,2.0,44.9,46.9,5,6.2,22,7,Easy,Weak
S103,Cyber Security,Authentication,3.4,81.1,75.0,1,13.4,7,1,Medium,Average
S326,Data Mining,Data Preprocessing,0.5,59.1,54.9,3,7.5,7,4,Medium,Average
S426,Web Technology,HTML/CSS,5.0,100.0,74.6,2,10.3,27,3,Medium,Strong
S101,Computer Networks,Routing,1.8,91.6,58.7,5,12.6,1,2,Easy,Strong
S123,Cyber Security,Network Security,1.3,46.2,48.5,3,8.4,13,4,Easy,Weak
S368,Computer Networks,TCP/IP,2.2,37.9,32.7,2,14.5,27,5,Hard,Weak
S322,Data Mining,Data Preprocessing,4.7,90.1,61.2,5,13.7,26,1,Medium,Strong
S472,Computer Graphics,Rendering,1.6,32.3,37.4,2,14.3,16,7,Easy,Weak
S367,Cyber Security,Cryptography,1.1,51.1,54.4,5,6.5,4,7,Medium,Weak
S302,OS,Process Scheduling,4.9,99.7,66.8,5,9.4,20,4,Medium,Strong
S304,Data Structures,Arrays,1.3,81.1,55.0,3,7.8,8,1,Medium,Average
S137,Computer Graphics,Curves,1.8,57.5,47.4,4,12.1,24,5,Medium,Weak
S147,Cloud Computing,Cloud Storage,1.2,69.1,52.8,1,7.8,5,0,Medium,Average
S114,OS,File Systems,1.9,60.7,59.3,4,9.1,4,4,Medium,Average
S099,Software Engineering,Software Testing,4.1,99.0,69.5,5,6.2,25,4,Easy,Strong
S120,Computer Graphics,Curves,2.6,58.8,56.2,2,11.1,19,6,Easy,Average
S490,Data Mining,Clustering,3.4,50.8,40.5,2,8.7,22,4,Medium,Average
S223,Data Structures,Graphs,1.3,86.1,76.2,3,5.5,23,2,Medium,Average
S343,Cloud Computing,Virtualization,3.6,100.0,87.5,5,12.0,8,0,Easy,Strong
S096,Web Technology,Node.js,2.8,84.4,71.8,5,9.0,19,2,Easy,Average
S287,Big Data,HDFS,0.8,78.0,57.3,3,4.3,5,2,Easy,Weak
S091,Cloud Computing,Virtualization,0.7,64.7,64.2,4,12.5,26,4,Easy,Weak
S205,Computer Networks,Network Security,4.4,25.2,21.4,3,14.4,16,7,Hard,Weak
S406,Computer Graphics,Rendering,2.1,33.6,28.6,3,14.3,3,3,Hard,Weak
S278,Web Technology,Node.js,1.6,64.4,61.5,5,9.4,3,7,Easy,Average
S497,Data Mining,Classification,3.5,100.0,87.5,1,10.3,13,2,Hard,Strong
S340,Computer Graphics,2D Transformation,1.9,84.1,73.4,3,6.0,26,0,Medium,Strong
S169,AI,Machine Learning,3.5,64.9,54.7,1,12.2,5,6,Medium,Weak
S492,Data Structures,Graphs,3.0,63.0,51.6,1,9.1,22,2,Easy,Average
S213,DBMS,Indexing,3.0,48.9,37.9,1,7.5,17,7,Medium,Weak
S374,Web Technology,JavaScript,1.8,78.9,72.7,4,7.5,14,2,Hard,Weak
S380,Big Data,MapReduce,1.0,87.5,71.3,5,6.2,12,0,Easy,Strong
S246,DBMS,Normalization,2.2,100.0,77.8,2,10.5,21,0,Medium,Strong
S416,OS,Deadlock,2.7,83.1,65.0,2,8.7,20,4,Easy,Average
S468,DBMS,Normalization,1.4,48.4,46.1,2,7.6,27,0,Medium,Weak
S068,Cyber Security,Web Security,3.5,67.3,53.5,5,13.7,11,6,Hard,Strong
S073,Computer Graphics,Curves,1.0,60.8,64.6,5,4.2,29,3,Hard,Weak
S328,Software Engineering,Software Design,1.4,55.1,52.3,2,10.0,25,3,Medium,Weak
S403,Cyber Security,Cryptography,1.7,51.1,44.7,1,5.8,29,3,Hard,Weak
S287,OS,Memory Management,1.2,47.7,41.5,3,4.9,21,3,Medium,Weak
S148,Web Technology,HTML/CSS,2.5,100.0,71.5,5,12.4,20,0,Medium,Strong
S153,OS,Memory Management,2.4,69.8,58.9,2,5.6,28,5,Medium,Average
S075,Cloud Computing,Load Balancing,3.2,55.1,46.5,4,11.3,23,7,Medium,Average
S304,OS,Memory Management,1.0,48.3,54.4,5,6.5,30,6,Medium,Weak
S464,DBMS,Transactions,3.5,50.2,42.1,4,12.2,24,7,Hard,Average
S357,AI,Machine Learning,4.5,97.6,71.1,5,10.0,2,5,Medium,Strong
S494,DBMS,Normalization,1.3,53.9,52.7,4,7.1,11,7,Hard,Weak
S204,Web Technology,HTML/CSS,2.0,54.6,59.4,5,8.6,26,7,Hard,Weak
S049,OS,Process Scheduling,3.5,100.0,73.0,3,8.3,6,0,Medium,Strong
S159,Data Mining,Clustering,3.3,90.6,82.7,1,3.8,23,2,Easy,Strong
S295,Cyber Security,Authentication,4.1,68.5,59.0,3,9.0,6,6,Medium,Weak
S306,OS,Memory Management,3.0,76.9,68.2,2,11.1,15,3,Easy,Average
S308,Web Technology,HTML/CSS,3.5,89.8,74.9,1,14.1,25,1,Medium,Strong
S263,Data Structures,Trees,2.5,25.7,27.7,2,8.0,27,7,Medium,Weak
S146,AI,Expert Systems,3.0,77.4,71.3,1,8.6,2,0,Medium,Weak
S150,Computer Graphics,Curves,4.4,38.6,34.1,1,3.9,1,6,Hard,Average
S181,DBMS,Indexing,3.3,71.3,65.0,2,14.5,30,1,Easy,Average
S254,Data Structures,Linked Lists,4.0,74.1,76.7,3,6.1,24,7,Medium,Average
S078,Cyber Security,Cryptography,3.6,64.2,48.0,4,6.1,21,1,Hard,Strong
S460,Computer Networks,Routing,4.7,64.9,50.3,1,3.1,24,6,Easy,Average
S342,Computer Graphics,3D Transformation,3.6,64.5,48.4,2,9.8,17,0,Medium,Average
S166,Data Structures,Arrays,3.1,83.5,65.9,4,4.7,7,2,Medium,Strong
S124,Computer Networks,TCP/IP,4.6,92.5,72.5,5,14.1,26,6,Medium,Strong
S496,Data Structures,Trees,2.6,40.2,39.4,2,6.1,25,7,Easy,Weak
S292,Computer Graphics,Rendering,1.3,65.0,65.1,2,8.0,26,3,Easy,Weak
S393,AI,Knowledge Representation,2.6,90.1,62.5,5,14.5,25,1,Hard,Strong
S089,DBMS,SQL,2.2,82.8,74.8,3,4.4,4,1,Medium,Average
S475,Web Technology,HTML/CSS,4.2,99.2,72.3,5,10.6,16,2,Medium,Strong
S218,OS,Deadlock,3.8,66.1,57.5,5,15.0,27,6,Hard,Weak
S478,Cloud Computing,Cloud Storage,3.5,90.9,80.7,5,11.8,3,2,Medium,Strong
S153,Web Technology,Node.js,1.7,56.3,52.6,2,6.8,23,6,Medium,Weak
S104,Data Mining,Clustering,2.5,62.4,52.4,1,5.8,22,3,Easy,Average
S318,Cloud Computing,Cloud Storage,1.3,57.8,48.1,3,13.9,6,2,Easy,Weak
S472,Computer Networks,Routing,1.5,73.4,77.3,1,12.7,14,3,Medium,Average
S365,Data Mining,Classification,2.6,60.7,54.8,3,10.7,11,2,Easy,Average
S089,Computer Networks,Transport Layer,4.0,71.6,44.7,3,4.1,8,1,Medium,Average
S286,Big Data,MapReduce,5.0,97.5,75.6,4,14.8,19,6,Medium,Strong
S459,OS,Deadlock,1.5,59.0,54.0,4,14.3,6,6,Easy,Weak
S080,Data Structures,Arrays,4.7,99.0,85.3,2,9.0,29,3,Easy,Strong
S224,Computer Graphics,Curves,4.2,74.3,53.4,3,7.1,23,7,Medium,Average
S286,Big Data,Hadoop,2.3,71.9,68.8,2,7.4,10,3,Medium,Strong
S451,Computer Networks,Network Security,5.0,100.0,72.9,4,7.2,24,5,Medium,Strong
S265,Cloud Computing,Virtualization,2.4,67.5,58.9,5,13.1,12,6,Hard,Weak
S478,Big Data,MapReduce,4.4,60.3,44.1,4,12.2,20,6,Medium,Average
S012,Computer Graphics,Curves,0.9,35.9,41.2,3,6.9,15,4,Hard,Weak
S347,Web Technology,JavaScript,2.2,67.4,57.2,2,3.6,20,2,Medium,Average
S201,AI,Machine Learning,4.2,89.2,55.3,1,5.5,26,3,Easy,Average
S433,Computer Networks,Network Security,2.3,73.5,59.6,4,12.4,21,3,Easy,Average
S204,Computer Graphics,3D Transformation,1.2,35.7,45.0,2,8.0,17,3,Medium,Weak
S133,Computer Graphics,2D Transformation,3.8,72.7,53.2,2,13.0,4,1,Hard,Average
S379,Software Engineering,Software Testing,0.8,50.6,54.5,2,6.0,11,4,Easy,Weak
S106,Cyber Security,Network Security,2.2,90.9,66.6,3,5.8,12,3,Medium,Average
S051,Data Mining,Classification,3.7,100.0,79.8,3,4.5,6,0,Hard,Strong
S420,Cloud Computing,Cloud Security,1.9,100.0,74.9,5,4.2,8,0,Easy,Strong
S350,Computer Networks,Transport Layer,0.9,75.5,69.8,1,10.4,24,1,Hard,Weak
S154,Computer Graphics,3D Transformation,3.3,65.7,53.3,3,9.2,17,3,Medium,Average
S016,AI,Search Algorithms,1.0,88.9,88.3,4,4.9,20,1,Easy,Strong
S418,Big Data,HDFS,0.8,74.3,60.0,3,13.6,16,0,Easy,Average
S247,Computer Graphics,3D Transformation,1.2,61.7,61.6,4,10.0,17,5,Easy,Weak
S457,Data Structures,Arrays,1.3,68.6,53.7,5,4.4,2,5,Medium,Weak
S013,Cloud Computing,Virtualization,4.6,81.1,59.6,4,10.0,18,3,Hard,Strong
S417,Cloud Computing,Virtualization,3.3,66.0,57.5,3,7.9,5,0,Medium,Strong
S461,Cyber Security,Cryptography,3.4,91.9,67.3,4,12.4,6,2,Hard,Strong
S386,Data Structures,Trees,4.6,72.7,51.5,5,5.4,21,5,Medium,Average
S227,Computer Graphics,Rendering,4.7,97.9,77.8,5,10.1,5,6,Medium,Average
S436,Data Mining,Association Rules,1.1,50.8,46.8,3,8.2,16,6,Easy,Weak
S349,Cloud Computing,Cloud Storage,3.3,37.3,37.9,1,14.9,11,7,Medium,Weak
S386,Data Mining,Clustering,2.2,57.6,58.0,4,12.1,10,5,Easy,Weak
S196,DBMS,Normalization,2.8,64.4,47.7,2,11.2,11,5,Hard,Average
S468,Data Mining,Data Preprocessing,2.5,55.1,35.4,5,6.8,16,4,Hard,Weak
S044,Software Engineering,Software Testing,3.2,59.2,46.0,2,10.3,5,0,Hard,Average
S246,Computer Networks,Network Security,2.8,34.7,31.8,3,8.1,28,6,Medium,Weak
S485,Web Technology,React,2.1,57.6,45.8,3,6.9,23,6,Medium,Weak
S200,Big Data,Spark,3.4,68.0,52.0,5,8.7,7,6,Medium,Strong
S038,Web Technology,JavaScript,0.5,54.6,48.5,4,9.8,5,6,Medium,Weak
S349,Software Engineering,Software Design,1.1,62.0,55.0,2,14.6,25,6,Easy,Weak
S098,Web Technology,React,4.9,86.3,57.2,3,5.1,23,6,Easy,Average
S434,AI,Machine Learning,4.4,63.8,49.7,2,9.6,23,3,Hard,Average
S469,Computer Networks,TCP/IP,3.1,69.9,64.1,2,8.3,23,7,Medium,Average
S057,Cloud Computing,Virtualization,4.8,80.4,60.1,1,4.2,2,5,Hard,Strong
S026,OS,File Systems,2.1,84.2,69.4,4,6.7,15,5,Hard,Average
S379,Data Mining,Data Preprocessing,0.9,35.9,42.1,4,8.8,20,7,Easy,Weak
S330,Cloud Computing,Cloud Security,2.2,60.4,51.6,1,4.8,3,4,Medium,Weak
S280,Cloud Computing,Cloud Security,4.8,100.0,86.1,3,13.5,7,1,Hard,Strong
S118,OS,File Systems,0.7,59.4,35.7,5,10.8,26,5,Medium,Weak
S492,Data Structures,Arrays,2.8,83.0,63.4,3,5.8,17,2,Easy,Average
S421,Software Engineering,Software Design,4.2,65.2,57.3,4,13.6,26,6,Medium,Average
S335,Cloud Computing,Cloud Storage,2.7,84.3,61.8,4,14.4,12,1,Easy,Average
S073,Big Data,MapReduce,1.6,54.6,42.0,4,7.2,24,3,Medium,Weak
S447,Big Data,Spark,0.6,73.7,53.9,3,13.6,28,0,Hard,Average
S079,Data Mining,Classification,1.9,63.7,63.0,4,4.3,18,4,Medium,Average
S436,AI,Expert Systems,1.5,39.7,46.3,2,9.1,22,7,Hard,Weak
S262,Software Engineering,Agile,0.7,69.6,76.2,3,8.1,4,7,Easy,Weak
S484,OS,Process Scheduling,1.1,41.2,45.7,2,3.1,13,6,Easy,Weak
S465,Big Data,HDFS,4.3,100.0,70.0,5,6.8,5,0,Easy,Strong
S090,Data Mining,Clustering,4.7,52.0,40.4,1,4.6,11,3,Hard,Average
S450,Data Mining,Clustering,4.2,71.4,56.5,5,10.2,14,4,Medium,Strong
S449,AI,Machine Learning,2.3,82.6,71.7,4,10.7,6,2,Medium,Strong
S347,Cyber Security,Cryptography,2.7,84.0,76.8,2,7.7,22,2,Hard,Strong
S352,DBMS,Indexing,4.7,100.0,82.6,5,3.2,20,0,Medium,Strong
S350,Cloud Computing,Cloud Security,3.9,45.3,34.9,2,10.2,9,2,Medium,Average
S279,Web Technology,JavaScript,3.0,100.0,72.2,2,14.3,26,0,Medium,Strong
S222,Computer Graphics,2D Transformation,4.3,71.8,55.9,1,10.9,13,1,Medium,Average
S205,Computer Graphics,Rendering,4.6,59.2,43.4,5,14.4,6,4,Easy,Average
S341,AI,Search Algorithms,1.8,92.9,64.4,5,12.8,17,0,Easy,Strong
S326,OS,File Systems,2.8,62.1,53.3,4,12.5,13,5,Hard,Weak
S157,Computer Networks,TCP/IP,3.3,58.7,58.1,5,7.8,8,7,Easy,Average
S461,DBMS,Normalization,1.2,80.4,59.6,5,11.4,24,3,Medium,Average
S191,Web Technology,Node.js,4.0,99.2,71.7,4,9.4,18,2,Medium,Strong
S394,Computer Networks,Routing,1.5,91.4,81.6,3,9.7,22,3,Hard,Average
S025,Data Structures,Linked Lists,0.5,36.9,35.2,1,9.4,8,2,Medium,Weak
S050,Software Engineering,Software Design,1.9,68.5,54.5,1,12.8,22,1,Easy,Weak
S387,Cloud Computing,Cloud Storage,2.7,67.3,47.8,5,13.9,15,1,Easy,Average
S259,Computer Networks,TCP/IP,4.8,83.2,60.0,4,4.4,13,7,Hard,Strong
S032,Cyber Security,Authentication,3.5,56.2,43.5,1,9.1,22,5,Easy,Weak
S404,AI,Machine Learning,2.0,99.0,88.3,4,10.5,21,5,Hard,Strong
S215,Data Structures,Trees,2.5,67.6,65.4,3,9.9,17,5,Medium,Average
S288,Data Structures,Linked Lists,2.4,53.3,57.7,2,7.5,19,4,Hard,Weak
S166,Cloud Computing,Cloud Security,4.8,72.3,49.2,4,8.2,27,6,Medium,Average
S364,Data Structures,Trees,2.6,70.1,63.0,2,10.4,22,4,Hard,Average
S433,Data Structures,Arrays,2.1,55.6,44.5,5,10.2,29,6,Medium,Weak
S268,Computer Graphics,Rendering,2.5,31.4,40.8,1,9.3,23,5,Medium,Weak
S228,OS,Deadlock,4.9,43.0,35.3,1,7.0,14,5,Hard,Average
S189,Computer Networks,Network Security,1.7,68.1,51.0,3,3.1,11,1,Hard,Weak
S178,Big Data,Spark,3.3,47.9,44.3,4,4.2,14,5,Medium,Average
S147,Cloud Computing,Load Balancing,3.4,79.0,69.8,2,3.7,7,6,Easy,Average
S391,Cloud Computing,Cloud Storage,1.1,76.7,70.0,5,7.9,8,5,Medium,Weak
S383,Computer Networks,TCP/IP,0.9,74.0,76.1,4,8.1,13,0,Medium,Weak
S239,Big Data,HDFS,1.7,59.9,57.0,1,8.6,6,1,Medium,Weak
S161,Web Technology,React,0.5,63.0,59.7,3,10.0,22,2,Hard,Weak
S224,DBMS,Indexing,4.3,66.1,37.1,4,12.7,12,2,Hard,Strong
S237,OS,Memory Management,3.7,91.1,60.5,3,9.1,3,0,Easy,Strong
S041,Software Engineering,Software Design,2.1,58.9,62.5,1,10.0,3,7,Hard,Weak
S324,Cloud Computing,Cloud Security,1.9,67.4,55.8,3,9.0,19,4,Hard,Weak
S297,Computer Networks,TCP/IP,1.4,46.9,53.3,4,7.9,21,5,Easy,Weak
S293,Software Engineering,Agile,2.3,52.9,53.5,1,6.2,24,6,Medium,Weak
S311,OS,Deadlock,2.1,92.9,76.9,1,3.9,22,2,Easy,Average
S271,Cloud Computing,Load Balancing,0.7,28.7,32.6,1,5.3,30,4,Medium,Weak
S164,DBMS,Indexing,4.1,100.0,81.0,3,12.1,15,5,Medium,Strong
S237,DBMS,Normalization,1.9,59.2,45.3,1,13.5,12,3,Medium,Weak
S437,Big Data,MapReduce,3.1,45.6,39.8,5,10.3,16,6,Hard,Average
S487,DBMS,Transactions,1.3,45.9,66.0,3,13.8,15,4,Medium,Average
S073,OS,Deadlock,0.5,67.1,59.5,1,12.0,3,1,Medium,Weak
S309,Computer Graphics,3D Transformation,3.7,63.0,44.3,2,11.8,24,7,Hard,Weak
S156,Data Mining,Association Rules,4.6,100.0,74.5,5,8.4,30,4,Easy,Strong
S304,Computer Networks,Transport Layer,1.7,54.7,48.4,1,7.0,1,4,Hard,Weak
S233,AI,Search Algorithms,4.2,100.0,75.2,5,7.5,28,6,Easy,Strong
S073,Software Engineering,SDLC,4.7,100.0,62.8,4,3.7,11,0,Easy,Strong
S248,Big Data,Hadoop,2.3,69.0,51.1,4,7.8,23,3,Medium,Average
S360,Cyber Security,Cryptography,3.8,71.3,67.0,1,5.5,12,6,Easy,Average
S463,DBMS,SQL,4.4,64.8,48.4,3,13.4,30,5,Medium,Weak
S407,Big Data,Spark,3.3,91.0,77.6,1,11.0,28,1,Medium,Strong
S420,Web Technology,Node.js,1.6,69.9,62.4,3,14.9,11,0,Medium,Weak
S371,Computer Networks,TCP/IP,1.8,59.4,58.4,4,7.0,4,6,Medium,Weak
S225,Data Structures,Linked Lists,1.4,64.7,64.8,1,11.4,24,3,Hard,Weak
S230,Software Engineering,Agile,0.9,52.5,44.8,1,8.7,23,4,Medium,Weak
S123,Data Mining,Classification,4.1,69.4,70.6,1,4.1,6,5,Hard,Strong
S272,AI,Machine Learning,3.0,65.1,60.8,5,10.5,16,4,Hard,Average
S434,Computer Graphics,Curves,2.3,95.0,75.2,4,11.9,13,0,Hard,Strong
S218,Cloud Computing,Load Balancing,2.5,94.7,55.3,5,14.9,5,0,Medium,Strong
S033,Big Data,Spark,3.9,52.8,37.9,1,4.6,4,6,Medium,Average
S183,Cloud Computing,Virtualization,3.6,84.3,65.1,3,14.2,17,2,Medium,Average
S462,Computer Networks,Network Security,0.6,49.0,56.9,5,10.4,4,7,Easy,Weak
S196,Web Technology,Node.js,1.1,87.4,65.6,3,4.6,11,0,Medium,Average
S383,Big Data,Spark,3.5,32.8,32.8,2,11.2,8,5,Hard,Weak
S088,Data Mining,Clustering,4.5,76.4,64.9,4,11.8,30,6,Medium,Strong
S401,Web Technology,React,3.7,89.5,76.6,2,14.8,29,6,Medium,Average
S313,Cloud Computing,Cloud Storage,1.5,54.8,47.6,4,5.3,8,2,Medium,Weak
S301,Computer Graphics,3D Transformation,4.9,76.7,62.5,2,4.8,20,5,Medium,Strong
S011,Computer Graphics,Rendering,2.0,70.6,50.4,4,12.9,6,0,Hard,Average
S363,Software Engineering,Software Testing,4.9,86.6,60.2,4,14.8,30,6,Medium,Strong
S283,DBMS,Indexing,0.9,78.2,80.2,1,9.7,18,3,Medium,Weak
S245,AI,Knowledge Representation,4.6,66.0,56.8,4,11.1,27,6,Easy,Strong
S363,Cloud Computing,Load Balancing,0.6,55.4,52.7,5,7.9,23,5,Hard,Weak
S395,DBMS,SQL,1.5,70.3,61.0,4,4.3,6,0,Medium,Average
S059,Big Data,Hadoop,3.8,84.6,69.2,2,13.8,21,3,Hard,Strong
S328,Software Engineering,SDLC,2.9,62.4,43.2,3,5.0,3,1,Easy,Strong
S043,Data Mining,Classification,3.8,52.5,51.1,1,12.8,25,6,Hard,Weak
S331,Cloud Computing,Cloud Security,2.5,60.2,55.7,2,8.1,10,4,Easy,Average
S159,Data Structures,Linked Lists,1.7,42.2,41.5,4,5.1,20,6,Hard,Weak
S402,Cloud Computing,Cloud Security,0.9,80.5,76.1,1,13.3,10,2,Medium,Average
S473,Cyber Security,Web Security,3.4,51.8,43.6,2,6.9,17,5,Medium,Weak
S349,Web Technology,HTML/CSS,1.8,84.8,78.0,2,12.6,4,1,Medium,Average
S390,Cloud Computing,Cloud Security,2.6,57.4,51.8,1,11.3,13,2,Hard,Average
S278,DBMS,Indexing,1.7,82.5,69.3,4,11.7,12,3,Medium,Average
S272,OS,Process Scheduling,2.0,54.0,55.8,1,11.6,11,2,Medium,Weak
S454,Cloud Computing,Cloud Storage,1.4,64.7,66.4,3,10.3,25,3,Medium,Average
S488,Cyber Security,Network Security,4.9,75.9,49.1,3,5.1,28,3,Easy,Strong
S297,Big Data,MapReduce,0.7,89.3,62.0,5,5.3,8,0,Medium,Strong
S350,Data Structures,Graphs,4.9,79.2,53.6,3,14.9,9,5,Easy,Strong
S092,Data Structures,Trees,0.5,44.8,51.1,1,13.0,19,5,Hard,Weak
S082,AI,Machine Learning,2.3,100.0,76.5,3,14.3,15,0,Medium,Strong
S218,Computer Networks,TCP/IP,1.2,49.9,52.1,1,12.0,25,0,Easy,Weak
S087,Cloud Computing,Virtualization,3.3,100.0,76.4,3,11.7,29,1,Medium,Strong
S246,OS,Process Scheduling,1.5,47.6,50.4,1,5.1,21,5,Hard,Weak
S246,Big Data,Hadoop,2.0,54.8,50.0,3,6.4,5,7,Hard,Weak
S289,Software Engineering,Software Design,3.6,53.3,38.3,4,12.6,18,6,Medium,Average
S377,Data Mining,Classification,3.6,100.0,94.9,5,11.8,4,1,Medium,Strong
S081,Cyber Security,Network Security,0.7,92.8,81.1,2,14.0,21,0,Hard,Average
S065,Software Engineering,SDLC,1.7,54.1,39.6,4,7.2,26,2,Medium,Average
S238,Data Mining,Association Rules,2.9,48.6,43.2,2,10.1,12,5,Medium,Weak
S191,OS,Memory Management,4.4,100.0,83.7,3,8.2,30,3,Medium,Strong
S067,Software Engineering,Agile,3.3,75.7,57.8,4,9.9,30,6,Medium,Average
S250,Computer Networks,TCP/IP,1.6,77.7,58.9,2,12.8,10,1,Hard,Weak
S186,Software Engineering,SDLC,4.4,71.6,61.6,4,11.3,29,6,Medium,Average
S310,Data Structures,Arrays,2.4,66.4,49.5,1,11.3,5,1,Medium,Weak
S279,Computer Graphics,3D Transformation,0.8,56.6,52.3,4,10.7,25,3,Medium,Weak
S077,Data Mining,Data Preprocessing,2.4,45.0,32.6,1,6.2,5,7,Hard,Weak
S270,Computer Networks,Transport Layer,2.4,93.4,66.3,4,12.5,6,4,Medium,Average
S437,Data Mining,Association Rules,3.4,59.3,54.9,1,8.0,27,4,Easy,Average
S153,AI,Knowledge Representation,0.6,64.4,63.4,5,14.2,2,5,Hard,Weak
S013,OS,Process Scheduling,1.4,89.2,76.6,3,10.2,18,2,Medium,Average
S389,Cyber Security,Web Security,4.0,72.7,67.1,3,12.4,13,2,Hard,Average
S152,Big Data,Hadoop,2.4,56.3,50.5,1,14.9,17,3,Medium,Weak
S357,Software Engineering,SDLC,1.9,71.4,51.7,5,11.8,29,1,Hard,Average
S498,DBMS,Transactions,2.7,66.1,64.0,2,12.6,18,1,Hard,Weak
S193,AI,Search Algorithms,1.5,67.9,70.8,2,5.4,9,4,Hard,Weak
S492,Cloud Computing,Load Balancing,3.1,51.0,38.4,3,5.0,27,4,Easy,Average
S345,DBMS,Normalization,2.8,94.9,80.2,4,6.9,8,6,Medium,Average
S281,Data Mining,Association Rules,2.4,52.8,30.5,5,9.6,19,3,Hard,Average
S194,Cloud Computing,Load Balancing,1.6,79.1,71.1,3,6.7,26,0,Easy,Average
S202,Web Technology,React,2.1,84.1,72.3,2,13.2,4,0,Medium,Strong
S353,Cloud Computing,Cloud Security,4.4,95.6,76.6,1,4.9,5,6,Easy,Strong
S275,DBMS,Indexing,4.7,100.0,93.9,5,4.2,17,0,Medium,Strong
S348,Big Data,Spark,2.2,36.9,33.9,1,7.6,12,5,Medium,Weak
S197,Cloud Computing,Virtualization,1.3,98.9,83.5,2,8.7,11,1,Easy,Average
S272,Computer Networks,Transport Layer,3.2,49.0,47.7,1,13.0,22,6,Medium,Weak
S306,DBMS,Indexing,1.2,60.3,56.2,1,8.9,27,6,Medium,Weak
S288,Data Structures,Graphs,2.1,64.6,54.7,1,3.2,29,0,Medium,Average
S282,OS,Memory Management,4.8,100.0,88.7,5,7.1,11,3,Easy,Strong
S296,Data Structures,Arrays,0.9,74.6,70.3,2,6.1,18,5,Easy,Average
S139,AI,Machine Learning,3.9,69.4,50.0,4,11.8,13,2,Easy,Strong
S357,Web Technology,React,2.5,73.3,58.2,1,9.2,10,1,Medium,Average
S440,Computer Networks,TCP/IP,1.5,60.5,62.5,1,8.2,20,3,Medium,Weak
S164,Data Structures,Arrays,4.0,70.0,44.2,5,11.2,12,0,Hard,Strong
S254,Computer Networks,Transport Layer,2.7,66.0,52.2,2,14.2,8,0,Easy,Average
S061,DBMS,SQL,2.3,84.2,86.9,1,10.0,27,4,Hard,Weak
S101,Software Engineering,Agile,4.1,61.8,50.7,1,10.4,16,6,Medium,Average
S218,AI,Expert Systems,1.2,48.3,53.1,2,7.3,6,7,Easy,Weak
S105,Cloud Computing,Cloud Security,2.6,79.3,69.6,4,14.2,30,2,Easy,Weak
S166,Computer Graphics,2D Transformation,5.0,74.9,55.5,1,7.1,24,3,Hard,Strong
S102,Software Engineering,SDLC,2.3,90.2,73.3,4,3.2,11,1,Easy,Strong
S445,AI,Machine Learning,0.6,53.9,59.1,2,9.5,19,3,Hard,Weak
S299,AI,Expert Systems,2.6,59.1,55.7,4,10.7,15,5,Hard,Average
S463,Computer Graphics,3D Transformation,2.5,53.4,60.1,3,5.4,12,7,Medium,Weak
S037,AI,Knowledge Representation,2.6,53.8,47.8,2,12.2,22,4,Medium,Weak
S279,DBMS,SQL,3.2,58.2,42.6,1,8.2,22,3,Medium,Average
S202,Computer Graphics,Rendering,4.5,71.5,55.1,2,9.0,21,3,Easy,Strong
S215,Software Engineering,SDLC,2.1,63.7,53.5,3,8.6,26,6,Easy,Weak
S385,Data Mining,Association Rules,4.3,86.8,68.7,5,14.5,13,6,Medium,Strong
S380,AI,Expert Systems,4.6,97.0,77.5,5,13.0,17,5,Medium,Strong
S462,Big Data,Spark,1.2,44.8,40.7,4,3.5,10,3,Easy,Weak
S015,Web Technology,React,2.1,40.0,44.9,2,10.9,2,7,Easy,Weak
S050,Software Engineering,SDLC,3.3,43.4,43.8,1,3.9,21,6,Medium,Average
S317,Data Structures,Arrays,0.7,46.7,52.8,3,14.1,20,5,Medium,Weak
S093,Cloud Computing,Cloud Security,2.4,85.1,65.8,4,13.1,28,2,Medium,Average
S382,Web Technology,Node.js,0.7,56.2,57.8,1,10.1,26,7,Medium,Weak
S332,DBMS,Normalization,3.1,95.0,72.1,4,13.6,13,4,Medium,Strong
S390,Data Mining,Clustering,4.1,88.9,69.2,4,5.0,10,2,Medium,Strong
S344,Data Structures,Linked Lists,4.6,97.8,69.6,2,13.1,19,0,Easy,Strong
S089,Software Engineering,Software Design,2.2,88.8,73.3,4,11.5,3,2,Hard,Average
S416,Cloud Computing,Cloud Security,3.5,100.0,83.6,5,12.3,27,0,Easy,Strong
S224,AI,Knowledge Representation,2.8,81.3,60.8,5,6.3,25,6,Medium,Strong
S022,Web Technology,JavaScript,3.7,70.7,52.0,5,4.7,17,4,Medium,Average
S061,Big Data,Hadoop,0.5,62.7,67.8,4,9.0,14,5,Hard,Average
S156,Data Mining,Clustering,1.1,64.0,56.1,1,8.9,27,0,Medium,Weak
S133,Software Engineering,Software Testing,1.8,66.6,54.0,2,8.2,15,1,Medium,Weak
S287,Web Technology,HTML/CSS,3.5,83.5,58.8,4,7.1,6,5,Medium,Strong
S155,Data Structures,Graphs,4.9,100.0,85.2,3,9.0,21,1,Medium,Strong
S271,Software Engineering,SDLC,4.4,73.1,51.3,3,8.3,5,5,Medium,Average
S403,AI,Search Algorithms,2.5,73.2,63.4,2,10.0,14,1,Easy,Average
S431,AI,Knowledge Representation,1.0,52.8,61.1,1,8.5,2,5,Medium,Weak
S146,OS,Deadlock,0.9,49.1,55.9,1,3.6,21,2,Easy,Weak
S167,Cyber Security,Web Security,2.0,82.8,74.7,2,13.4,25,2,Hard,Average
S339,DBMS,Normalization,2.1,62.6,60.5,3,4.3,23,7,Medium,Weak
S356,Software Engineering,Software Testing,4.1,65.0,51.9,5,7.4,8,7,Easy,Average
S355,Web Technology,JavaScript,0.7,57.7,53.3,4,6.5,21,4,Easy,Weak
S117,Big Data,MapReduce,1.0,60.6,57.2,5,9.3,4,7,Easy,Weak
S131,Computer Graphics,2D Transformation,1.3,52.3,51.9,1,6.2,23,2,Medium,Weak
S349,Data Structures,Arrays,4.1,81.9,73.4,1,9.3,12,4,Medium,Strong
S199,Cyber Security,Authentication,4.3,94.2,67.1,3,4.3,26,3,Hard,Strong
S422,Cyber Security,Authentication,3.4,84.0,59.5,4,4.5,22,1,Easy,Strong
S044,Cyber Security,Network Security,3.5,85.9,62.6,3,5.4,3,4,Medium,Average
S492,Data Mining,Data Preprocessing,2.2,55.6,54.2,3,5.4,21,7,Hard,Weak
S140,Software Engineering,SDLC,3.1,39.3,43.9,4,4.0,28,7,Medium,Weak
S280,Data Mining,Association Rules,1.8,43.1,37.9,1,14.4,3,5,Medium,Weak
